,batch_num,seq_names
0,1,A0A024RBG1_145_181
1,1,A0A075B6T7_1_32
2,1,A0A087WTH1_1_67
3,1,A0A087WTH5_1_132
4,1,A0A087WV53_1_46
5,1,A0A087WVF3_1_53
6,1,A0A087WWA1_1_95
7,1,A0A087WX78_291_387
8,1,A0A087WXS9_1_50
9,1,A0A087X179_1_50
10,1,A0A087X1G2_1_53
11,1,A0A096LNP1_1_70
12,1,A0A096LP01_37_95
13,1,A0A096LPI5_1_108
14,1,A0A0A0MT76_1_42
15,1,A0A0A6YYL3_331_461
16,1,A0A0A6YYL3_1_93
17,1,A0A0B4J2D5_1_36
18,1,A0A0B4J2F2_278_307
19,1,A0A0D9SF12_1_145
20,1,A0A0G2JMD5_225_283
21,1,A0A0G2JMD5_106_149
22,1,A0A0J9YX94_426_578
23,1,A0A0J9YY54_1_62
24,1,A0A0K2S4Q6_130_201
25,1,A0A0U1RQF7_1_123
26,1,A0A0U1RR11_239_272
27,1,A0A0U1RR11_1_90
28,1,A0A0U1RRE5_1_68
29,1,A0A0U1RRI6_1_100
30,1,A0A0U1RRI6_254_287
31,1,A0A0U1RRK4_1_108
32,1,A0A0U1RRL7_1_34
33,1,A0A0U1RRN3_1_59
34,1,A0A183_1_80
35,1,A0A1B0GTC6_1_90
36,1,A0A1B0GTD5_1_43
37,1,A0A1B0GTI1_1_127
38,1,A0A1B0GTK4_108_181
39,1,A0A1B0GTK4_1_36
40,1,A0A1B0GTK5_1_79
41,1,A0A1B0GTL2_1_96
42,1,A0A1B0GTQ4_1_84
43,1,A0A1B0GTR3_1_108
44,1,A0A1B0GTR4_1_108
45,1,A0A1B0GTS1_188_333
46,1,A0A1B0GTS1_1_75
47,1,A0A1B0GTW7_1_97
48,1,A0A1B0GTW7_193_265
49,1,A0A1B0GTY4_146_177
50,1,A0A1B0GTY4_1_71
51,1,A0A1B0GTZ2_118_161
52,1,A0A1B0GTZ2_222_297
53,1,A0A1B0GU29_1_46
54,1,A0A1B0GU29_82_152
55,1,A0A1B0GU33_1_70
56,1,A0A1B0GUA5_1_103
57,1,A0A1B0GUA7_110_166
58,1,A0A1B0GUA7_1_47
59,1,A0A1B0GUC4_1_108
60,1,A0A1B0GUI7_1_84
61,1,A0A1B0GUJ8_135_204
62,1,A0A1B0GUQ0_1_79
63,1,A0A1B0GUS0_88_222
64,1,A0A1B0GUT2_1_108
65,1,A0A1B0GUU1_83_130
66,1,A0A1B0GUV1_1_79
67,1,A0A1B0GUV7_1_120
68,1,A0A1B0GV03_209_249
69,1,A0A1B0GV03_1_64
70,1,A0A1B0GV22_1_79
71,1,A0A1B0GVD1_110_139
72,1,A0A1B0GVG4_195_234
73,1,A0A1B0GVG4_1_61
74,1,A0A1B0GVG6_1_124
75,1,A0A1B0GVM5_1_59
76,1,A0A1B0GVM6_1_126
77,1,A0A1B0GVQ0_47_90
78,1,A0A1B0GVQ3_47_168
79,1,A0A1B0GVT2_38_93
80,1,A0A1B0GVV1_39_85
81,1,A0A1B0GVX0_1_72
82,1,A0A1B0GVY4_31_71
83,1,A0A1B0GW64_1_132
84,1,A0A1B0GWH4_1_75
85,1,A0A1B0GWH4_188_333
86,1,A0A1W2PP97_1_45
87,1,A0A1W2PPF3_72_112
88,1,A0A1W2PQ73_1_41
89,1,A0A1W2PR48_1_146
90,1,A0A1W2PR82_234_267
91,1,A0A1W2PR82_1_81
92,1,A0A1W2PR82_131_181
93,1,A0A1W2PRP0_116_233
94,1,A0A1W2PS18_1_115
95,1,A0A286YEV6_1_105
96,1,A0A286YEX9_1_47
97,1,A0A286YEY9_1_88
98,1,A0A286YF01_1_96
99,1,A0A286YF46_1_85
100,1,A0A286YF58_259_385
101,1,A0A286YF60_1_100
102,1,A0A286YF77_1_105
103,1,A0A286YFB4_1_120
104,1,A0A286YFG1_1_108
105,1,A0A2R8Y4Y8_103_160
106,1,A0A2R8YFL7_120_184
107,1,A0A2R8YFM6_113_193
108,1,A0A3B3IT52_123_213
109,1,A0A3B3IT52_1_34
110,1,A0A494C086_275_341
111,1,A0A494C0N9_1_108
112,1,A0A494C0N9_159_232
113,1,A0A494C0Y3_1_106
114,1,A0A494C0Y3_161_232
115,1,A0A494C0Z2_1_102
116,1,A0A494C191_1_102
117,1,A0AUZ9_260_367
118,1,A0AV02_647_714
119,1,A0AV02_1_40
120,1,A0AV96_1_30
121,1,A0AVF1_1_32
122,1,A0AVI2_952_1072
123,1,A0AVI2_1336_1400
124,1,A0AVI2_1927_2057
125,1,A0AVI2_433_473
126,1,A0AVK6_1_122
127,1,A0AVK6_209_268
128,1,A0AVT1_1_43
129,1,A0FGR8_656_778
130,1,A0FGR9_449_488
131,1,A0FGR9_1_117
132,1,A0JLT2_162_244
133,1,A0JLT2_1_68
134,1,A0JNW5_407_458
135,1,A0JNW5_733_807
136,1,A0JNW5_1351_1429
137,1,A0JNW5_264_307
138,1,A0JP26_1_131
139,1,A0JP26_367_499
140,1,A0MZ66_108_138
141,1,A0PG75_1_66
142,1,A0PJW6_1_36
143,1,A0PJW8_1_59
144,1,A0PJX2_1_45
145,1,A0PJX4_124_238
146,1,A0PJX8_310_343
147,1,A0PJY2_421_475
148,1,A0PJZ0_1_33
149,1,A0PJZ3_1_109
150,1,A1A4F0_1_135
151,1,A1A4S6_361_392
152,1,A1A4S6_577_734
153,1,A1A4V9_1_69
154,1,A1A4V9_230_278
155,1,A1A519_271_330
156,1,A1A580_1_65
157,1,A1A5B4_748_782
158,1,A1A5B4_1_41
159,1,A1A5B4_88_121
160,1,A1A5C7_1_86
161,1,A1A5C7_123_208
162,1,A1A5C7_630_686
163,1,A1A5D9_475_508
164,1,A1A5D9_283_354
165,1,A1A5D9_1_53
166,1,A1IGU5_566_615
167,1,A1L020_1_122
168,1,A1L162_127_156
169,1,A1L162_1_53
170,1,A1L168_82_122
171,1,A1L1A6_1_45
172,1,A1L390_1_95
173,1,A1L3X4_1_49
174,1,A1L429_1_117
175,1,A1L453_1_54
176,1,A1L4H1_397_471
177,1,A1L4H1_114_204
178,1,A1L4H1_1535_1573
179,1,A1L4L8_1_59
180,1,A1X283_127_217
181,1,A1X283_272_378
182,1,A1XBS5_231_289
183,1,A1YPR0_462_619
184,1,A2A288_44_84
185,1,A2A2V5_70_107
186,1,A2A2V5_1_35
187,1,A2A2Y4_357_510
188,1,A2A2Y4_1_32
189,1,A2A2Z9_257_345
190,1,A2A2Z9_1_33
191,1,A2A2Z9_929_1011
192,1,A2A368_1_113
193,1,A2A3K4_1_37
194,1,A2A3N6_1_35
195,1,A2CJ06_291_330
196,1,A2IDD5_1_56
197,1,A2IDD5_317_438
198,1,A2IDD5_102_166
199,1,A2RRD8_479_509
200,1,A2RRD8_1_159
201,1,A2RRH5_256_308
202,1,A2RRH5_409_498
203,1,A2RRL7_1_58
204,1,A2RRP1_1_84
205,1,A2RRP1_275_325
206,1,A2RRP1_443_521
207,1,A2RRP1_1125_1243
208,1,A2RRP1_619_664
209,1,A2RTX5_1_135
210,1,A2RTY3_473_570
211,1,A2RTY3_1_146
212,1,A2RU37_1_121
213,1,A2RU54_225_273
214,1,A2RU54_1_146
215,1,A2RU67_1_101
216,1,A2RUB1_910_952
217,1,A2RUB6_567_711
218,1,A2RUB6_742_900
219,1,A2RUB6_361_449
220,1,A2RUG3_1_117
221,1,A2RUH7_1_45
222,1,A2RUR9_1310_1427
223,1,A2RUR9_1108_1155
224,1,A2RUR9_785_824
225,1,A2RUS2_1_43
226,1,A2RUS2_428_518
227,1,A2RUT3_1_117
228,1,A2VCK2_87_133
229,1,A2VCK2_207_349
230,1,A2VDJ0_1_95
231,1,A2VDJ0_475_591
232,1,A2VEC9_903_971
233,1,A3KMH1_1201_1233
234,1,A3KMH1_1301_1337
235,1,A3KMH1_1384_1419
236,1,A3KMH1_1_64
237,1,A3KN83_1001_1044
238,1,A3QJZ6_111_153
239,1,A3QJZ7_106_152
240,1,A4D0S4_556_593
241,1,A4D0V7_498_571
242,1,A4D0V7_419_452
243,1,A4D0V7_207_273
244,1,A4D0V7_955_1026
245,1,A4D0Y5_1_90
246,1,A4D126_1_50
247,1,A4D161_228_298
248,1,A4D1B5_778_854
249,1,A4D1E1_1_43
250,1,A4D1E9_353_387
251,1,A4D1E9_198_228
252,1,A4D1F6_1_153
253,1,A4D1N5_1_150
254,1,A4D1S5_186_217
255,1,A4D1U4_1_78
256,1,A4D1U4_195_235
257,1,A4D256_354_447
258,1,A4D2B8_378_440
259,1,A4D2G3_256_310
260,1,A4D2H0_273_317
261,1,A4D2H0_1_46
262,1,A4D2P6_207_285
263,1,A4D2P6_78_137
264,1,A4D2P6_347_385
265,1,A4FU01_1_54
266,1,A4FU28_1_51
267,1,A4FU28_273_317
268,1,A4FU49_1_65
269,1,A4FU69_1468_1503
270,1,A4GXA9_1_56
271,1,A4IF30_1_155
272,1,A4IF30_483_521
273,1,A4QN01_1_128
274,1,A4QPB2_217_252
275,1,A4QPH2_282_348
276,1,A5A3E0_1_133
277,1,A5D8T8_1_45
278,1,A5D8V7_529_595
279,1,A5D8V7_316_353
280,1,A5D8V7_1_71
281,1,A5D8W1_867_941
282,1,A5D8W1_1_54
283,1,A5LHX3_1_38
284,1,A5LHX3_254_300
285,1,A5PKW4_973_1024
286,1,A5PKW4_711_759
287,1,A5PLK6_751_794
288,1,A5PLK6_826_869
289,1,A5PLK6_987_1076
290,1,A5PLK6_499_643
291,1,A5PLN7_318_442
292,1,A5X5Y0_343_415
293,1,A5X5Y0_1_33
294,1,A5YKK6_1306_1365
295,1,A5YKK6_1801_1839
296,1,A5YKK6_1571_1617
297,1,A5YKK6_993_1088
298,1,A6H8M9_1_31
299,1,A6H8M9_645_770
300,1,A6NC05_1_138
301,1,A6NC57_530_561
302,1,A6NC57_678_710
303,1,A6NC57_1_36
304,1,A6NC62_1_111
305,1,A6NC78_1_81
306,1,A6NC97_165_203
307,1,A6NC98_942_990
308,1,A6NC98_1_58
309,1,A6NC98_225_261
310,1,A6NCC3_1_81
311,1,A6NCF6_1_99
312,1,A6NCI4_1_131
313,1,A6NCI4_345_399
314,1,A6NCI5_1_91
315,1,A6NCL1_1_74
316,1,A6NCL7_1_89
317,1,A6NCL7_347_451
318,1,A6NCL7_255_313
319,1,A6NCM1_450_485
320,1,A6NCM1_322_394
321,1,A6NCN8_201_305
322,1,A6NCN8_1_61
323,1,A6NCS4_1_129
324,1,A6NCS4_203_301
325,1,A6NCS6_1_104
326,1,A6NCS6_205_295
327,1,A6NCW0_1_77
328,1,A6NCW0_380_530
329,1,A6NCW7_380_530
330,1,A6NCW7_1_77
331,1,A6ND36_67_131
332,1,A6NDA9_469_550
333,1,A6NDA9_348_377
334,1,A6NDE8_1_117
335,1,A6NDI0_293_332
336,1,A6NDK9_1_76
337,1,A6NDK9_273_305
338,1,A6NDL7_1_58
339,1,A6NDL8_259_312
340,1,A6NDN3_1_76
341,1,A6NDN3_274_306
342,1,A6NDR6_221_274
343,1,A6NDS4_1_54
344,1,A6NDV4_1_41
345,1,A6NDV4_427_472
346,1,A6NDX4_1_124
347,1,A6NDX5_514_552
348,1,A6NDY0_228_278
349,1,A6NDY0_1_139
350,1,A6NE01_2238_2351
351,1,A6NE02_1_42
352,1,A6NE52_1_64
353,1,A6NEC2_1_52
354,1,A6NED2_253_282
355,1,A6NEE1_1_33
356,1,A6NEE1_428_506
357,1,A6NEF3_465_574
358,1,A6NEF3_1_86
359,1,A6NEH6_156_219
360,1,A6NEH6_1_98
361,1,A6NEL2_724_793
362,1,A6NEM1_329_432
363,1,A6NEM1_1_85
364,1,A6NEN9_134_183
365,1,A6NEQ2_1_55
366,1,A6NER0_1_50
367,1,A6NER3_1_117
368,1,A6NES4_1251_1289
369,1,A6NES4_1_72
370,1,A6NES4_472_581
371,1,A6NET4_217_321
372,1,A6NEV1_1_60
373,1,A6NEY3_1_87
374,1,A6NF01_1_96
375,1,A6NF34_1_73
376,1,A6NF36_1_43
377,1,A6NF83_1_58
378,1,A6NFA1_1_33
379,1,A6NFC9_164_320
380,1,A6NFD8_126_242
381,1,A6NFF2_1_35
382,1,A6NFI3_933_1004
383,1,A6NFI3_208_353
384,1,A6NFN3_180_312
385,1,A6NFN3_1_94
386,1,A6NFQ7_76_191
387,1,A6NFT4_1_40
388,1,A6NFU0_1_32
389,1,A6NFX1_1_41
390,1,A6NFY4_1_40
391,1,A6NFY7_70_115
392,1,A6NFZ4_44_105
393,1,A6NG13_71_104
394,1,A6NGA9_1_40
395,1,A6NGA9_220_273
396,1,A6NGB0_215_276
397,1,A6NGB0_1_47
398,1,A6NGB7_177_291
399,1,A6NGB9_1_35
400,1,A6NGC4_227_264
401,1,A6NGD5_1_49
402,1,A6NGE4_542_600
403,1,A6NGE4_1_136
404,1,A6NGG3_1_77
405,1,A6NGH7_1_138
406,1,A6NGK3_1_116
407,1,A6NGN4_106_153
408,1,A6NGN9_1_43
409,1,A6NGR9_674_719
410,1,A6NGU7_1_62
411,1,A6NGW2_1095_1138
412,1,A6NGW2_1732_1772
413,1,A6NGY1_237_282
414,1,A6NGY3_1_70
415,1,A6NGZ8_1_99
416,1,A6NH11_1_73
417,1,A6NH13_1_148
418,1,A6NH21_373_425
419,1,A6NH21_1_113
420,1,A6NH21_486_518
421,1,A6NH52_184_213
422,1,A6NHG4_83_134
423,1,A6NHM9_1_32
424,1,A6NHP3_273_334
425,1,A6NHQ2_1_100
426,1,A6NHR9_1_33
427,1,A6NHR9_1949_2005
428,1,A6NHR9_438_469
429,1,A6NHS1_1_94
430,1,A6NHT5_302_357
431,1,A6NHY2_1_68
432,1,A6NI03_295_329
433,1,A6NI15_1_117
434,1,A6NI28_364_394
435,1,A6NI47_366_508
436,1,A6NI47_1_129
437,1,A6NI56_573_667
438,1,A6NI56_117_149
439,1,A6NI56_1_72
440,1,A6NI72_333_391
441,1,A6NI72_129_162
442,1,A6NI73_237_299
443,1,A6NI73_1_40
444,1,A6NI79_1_53
445,1,A6NI86_404_522
446,1,A6NI86_1_87
447,1,A6NI87_1_76
448,1,A6NI87_207_242
449,1,A6NIE6_159_191
450,1,A6NIE6_1_55
451,1,A6NIE9_1_71
452,1,A6NIH7_1_50
453,1,A6NIK2_239_292
454,1,A6NIM6_528_579
455,1,A6NIM6_246_300
456,1,A6NIM6_1_40
457,1,A6NIN4_114_190
458,1,A6NIR3_337_412
459,1,A6NIU2_1_74
460,1,A6NIV6_1_30
461,1,A6NIV6_521_560
462,1,A6NIY4_279_342
463,1,A6NJ46_1_137
464,1,A6NJ46_198_265
465,1,A6NJ69_1_53
466,1,A6NJ78_340_377
467,1,A6NJ78_1_71
468,1,A6NJG2_243_315
469,1,A6NJG2_1_111
470,1,A6NJG6_1_81
471,1,A6NJI1_1_115
472,1,A6NJI9_195_287
473,1,A6NJJ6_1_85
474,1,A6NJL1_1_47
475,1,A6NJR5_1_144
476,1,A6NJT0_1_103
477,1,A6NJW4_1_47
478,1,A6NJZ7_891_1006
479,1,A6NJZ7_493_567
480,1,A6NJZ7_689_843
481,1,A6NJZ7_1512_1586
482,1,A6NK59_1_52
483,1,A6NK75_537_572
484,1,A6NK89_441_507
485,1,A6NK89_276_313
486,1,A6NK89_46_88
487,1,A6NK89_131_221
488,1,A6NKB5_1059_1090
489,1,A6NKC9_1_31
490,1,A6NKD2_1_92
491,1,A6NKF1_1_54
492,1,A6NKF2_1_98
493,1,A6NKG5_365_415
494,1,A6NKN8_1_32
495,1,A6NKP2_1_34
496,1,A6NKP2_390_422
497,1,A6NKQ9_1_44
498,1,A6NKQ9_158_187
499,1,A6NKW6_96_160
500,1,A6NKX1_1_122
501,1,A6NKX4_516_556
502,1,A6NKX4_47_126
503,1,A6NL05_1_159
504,1,A6NL88_1_77
505,1,A6NL99_279_342
506,1,A6NLC8_1_84
507,1,A6NLE4_130_172
508,1,A6NLE4_1_90
509,1,A6NLF2_450_546
510,1,A6NLI5_297_331
511,1,A6NLP5_1_38
512,1,A6NLU5_157_285
513,1,A6NLW8_161_204
514,1,A6NLX3_1_86
515,1,A6NLX4_1_37
516,1,A6NLX4_75_147
517,1,A6NM10_1_60
518,1,A6NM10_247_295
519,1,A6NM28_368_416
520,1,A6NM28_64_155
521,1,A6NM36_1_36
522,1,A6NM43_519_557
523,1,A6NM43_1_38
524,1,A6NM66_1_108
525,1,A6NMA1_36_111
526,1,A6NMB1_448_481
527,1,A6NMD2_1_82
528,1,A6NMK8_494_535
529,1,A6NML5_102_140
530,1,A6NMN3_252_283
531,1,A6NMN3_151_193
532,1,A6NMN3_1_101
533,1,A6NMT0_248_343
534,1,A6NMU1_266_304
535,1,A6NMX2_1_57
536,1,A6NMZ2_1_37
537,1,A6NMZ7_201_231
538,1,A6NMZ7_2175_2263
539,1,A6NMZ7_1_30
540,1,A6NN06_1_94
541,1,A6NN14_1202_1252
542,1,A6NN73_1_83
543,1,A6NN90_1_31
544,1,A6NNA2_1_50
545,1,A6NNA5_1_30
546,1,A6NNB3_1_86
547,1,A6NNE9_325_402
548,1,A6NNM3_1511_1585
549,1,A6NNM3_685_842
550,1,A6NNM3_892_1005
551,1,A6NNM8_1_88
552,1,A6NNP5_161_214
553,1,A6NNT2_1_117
554,1,A6NNV3_1_145
555,1,A6NNV3_233_262
556,1,A6NNW6_185_225
557,1,A6NNW6_326_357
558,1,A6NNW6_585_625
559,1,A6NNY8_1_66
560,1,A6NP11_258_290
561,1,A6PVC2_78_122
562,1,A6PVC2_223_261
563,1,A6PVC2_1_38
564,1,A6PVL3_1_124
565,1,A6PVS8_1_42
566,1,A6PVY3_1_158
567,1,A6QL63_251_351
568,1,A6QL63_753_793
569,1,A6QL63_1_104
570,1,A6QL63_382_507
571,1,A6QL64_1470_1517
572,1,A6QL64_1801_1915
573,1,A6QL64_1_34
574,1,A6QL64_1626_1666
575,1,A6XGL0_1_67
576,1,A7E2F4_1_102
577,1,A7E2S9_207_258
578,1,A7E2V4_302_333
579,1,A7E2V4_1_81
580,1,A7E2Y1_234_267
581,1,A7E2Y1_662_702
582,1,A7E2Y1_1_59
583,1,A7KAX9_315_357
584,1,A7KAX9_1_137
585,1,A7MBM2_226_284
586,1,A7MCY6_179_221
587,1,A7MCY6_1_40
588,1,A7XYQ1_1_144
589,1,A7XYQ1_189_234
590,1,A8CG34_1_34
591,1,A8K0S8_305_358
592,1,A8K2U0_618_736
593,1,A8K4G0_127_201
594,1,A8K554_1_130
595,1,A8K5M9_1_146
596,1,A8K7I4_865_914
597,1,A8K830_1_154
598,1,A8K855_177_252
599,1,A8K855_1_38
600,1,A8K8P3_1_123
601,1,A8K8V0_360_405
602,1,A8K979_639_691
603,1,A8MPP1_511_567
604,1,A8MPP1_287_322
605,1,A8MPP1_74_231
606,1,A8MPX8_478_591
607,1,A8MPX8_317_356
608,1,A8MPX8_1_70
609,1,A8MPY1_1_64
610,1,A8MPY1_369_445
611,1,A8MQ03_1_144
612,1,A8MQ11_1_134
613,1,A8MQ14_715_801
614,1,A8MQ27_1_38
615,1,A8MQ27_195_282
616,1,A8MQ27_429_507
617,1,A8MQT2_1_77
618,1,A8MT19_488_583
619,1,A8MT33_185_242
620,1,A8MT33_1_32
621,1,A8MT70_63_134
622,1,A8MTA8_226_275
623,1,A8MTB9_1_31
624,1,A8MTB9_315_384
625,1,A8MTI9_331_375
626,1,A8MTI9_1_75
627,1,A8MTI9_205_272
628,1,A8MTJ6_1_139
629,1,A8MTL3_141_300
630,1,A8MTQ0_1_154
631,1,A8MTW9_1_85
632,1,A8MTY0_55_211
633,1,A8MU10_1_97
634,1,A8MU93_1_118
635,1,A8MUH7_350_402
636,1,A8MUH7_217_264
637,1,A8MUK1_1_75
638,1,A8MUK1_378_530
639,1,A8MUL3_1_147
640,1,A8MUN3_1_132
641,1,A8MUP2_1_33
642,1,A8MUP6_41_85
643,1,A8MUP6_244_293
644,1,A8MV23_143_187
645,1,A8MV23_349_424
646,1,A8MV24_110_154
647,1,A8MV65_1_79
648,1,A8MV81_1_97
649,1,A8MVA2_1_160
650,1,A8MVJ9_1_33
651,1,A8MVS5_162_230
652,1,A8MVU1_95_138
653,1,A8MVU1_310_366
654,1,A8MVW0_1_35
655,1,A8MVW5_375_462
656,1,A8MVW5_1_31
657,1,A8MVX0_115_260
658,1,A8MW92_805_941
659,1,A8MW95_1_109
660,1,A8MW99_62_188
661,1,A8MWE9_1_57
662,1,A8MWK0_1_63
663,1,A8MWL6_179_223
664,1,A8MWL7_1_114
665,1,A8MWV9_1_139
666,1,A8MWX3_1_58
667,1,A8MWY0_1_65
668,1,A8MWY0_942_1029
669,1,A8MWY0_724_763
670,1,A8MX76_1_30
671,1,A8MXD5_1_98
672,1,A8MXQ7_1_67
673,1,A8MXT2_1_108
674,1,A8MXU0_1_73
675,1,A8MXV6_250_281
676,1,A8MXY4_832_864
677,1,A8MYJ7_1_32
678,1,A8MYP8_221_253
679,1,A8MYU2_615_693
680,1,A8MYU2_931_964
681,1,A8MYU2_1_89
682,1,A8MYU2_1038_1149
683,1,A8MYU2_819_872
684,1,A8MYV0_232_364
685,1,A8MYZ0_1_90
686,1,A8MYZ6_1_84
687,1,A8MZ36_85_192
688,1,A8MZ59_72_198
689,1,A8MZ97_44_194
690,1,A8MZA4_239_268
691,1,A8MZA4_1_101
692,1,A8TX70_2464_2615
693,1,A8TX70_2166_2295
694,1,A8TX70_203_237
695,1,A8TX70_1907_1968
696,1,A8TX70_1_34
697,1,A9QM74_1_72
698,1,A9QM74_487_516
699,1,A9YTQ3_1_30
700,1,A9Z1Z3_452_506
701,1,A9Z1Z3_342_409
702,1,A9Z1Z3_1396_1425
703,1,A9Z1Z3_1729_1794
704,1,B0FP48_234_263
705,1,B0YJ81_1_72
706,1,B1AJZ9_1375_1412
707,1,B1AJZ9_261_304
708,1,B1AJZ9_621_703
709,1,B1AJZ9_944_996
710,1,B1AJZ9_93_230
711,1,B1AJZ9_1080_1238
712,1,B1AK76_1_121
713,1,B1AL88_344_458
714,1,B1AMM8_1_73
715,1,B1ANH7_1_110
716,1,B1ANS9_599_649
717,1,B1ANS9_1_151
718,1,B1ANS9_701_787
719,1,B2RC85_334_394
720,1,B2RC85_1_83
721,1,B2RC85_821_870
722,1,B2RC85_637_761
723,1,B2RD01_81_187
724,1,B2RN74_1_34
725,1,B2RPK0_164_211
726,1,B2RTY4_359_399
727,1,B2RTY4_102_150
728,1,B2RU33_1_129
729,1,B2RUY7_1_54
730,1,B2RUZ4_1_40
731,1,B2RXF0_192_239
732,1,B2RXF0_1_51
733,1,B2RXH8_210_293
734,1,B2RXH8_91_171
735,1,B3EWG3_1_89
736,1,B3EWG5_1_89
737,1,B3EWG6_1_89
738,1,B3SHH9_38_75
739,1,B4DJY2_1_109
740,1,B4DS77_1_70
741,1,B4DX44_51_189
742,1,B4DZS4_254_312
743,1,B4DZS4_1_46
744,1,B4E2M5_1_58
745,1,B4E2M5_209_251
746,1,B5MCY1_1136_1289
747,1,B5MCY1_189_239
748,1,B5MCY1_1459_1529
749,1,B5MCY1_396_479
750,1,B5MCY1_1675_1737
751,1,B5MCY1_655_755
752,1,B5ME19_878_914
753,1,B5ME19_515_548
754,1,B5ME19_1_54
755,1,B7U540_1_47
756,1,B7U540_373_433
757,1,B7Z368_1_130
758,1,B7Z8K6_84_125
759,1,B7ZBB8_268_306
760,1,B7ZC32_372_436
761,1,B7ZC32_800_913
762,1,B7ZC32_497_532
763,1,B7ZW38_208_293
764,1,B7ZW38_91_171
765,1,B8ZZ34_1_55
766,1,B9A014_122_155
767,1,B9A064_1_93
768,1,B9A6J9_1_50
769,1,C9J069_817_881
770,1,C9J1S8_295_331
771,1,C9J202_161_215
772,1,C9J2P7_1_74
773,1,C9J302_50_202
774,1,C9J3I9_72_102
775,1,C9J3V5_1_150
776,1,C9J6K1_1_51
777,1,C9J798_744_803
778,1,C9J7I0_1_137
779,1,C9JBD0_1_128
780,1,C9JDP6_189_229
781,1,C9JE40_234_347
782,1,C9JFL3_1_82
783,1,C9JH25_517_558
784,1,C9JI98_105_176
785,1,C9JI98_1_30
786,1,C9JJH3_378_530
787,1,C9JJH3_1_75
788,1,C9JLJ4_380_530
789,1,C9JLJ4_1_76
790,1,C9JLR9_644_678
791,1,C9JLR9_166_261
792,1,C9JLR9_1_109
793,1,C9JN71_1_133
794,1,C9JPN9_1_77
795,1,C9JPN9_379_530
796,1,C9JQI7_230_264
797,1,C9JQI7_1_52
798,1,C9JQI7_484_601
799,1,C9JQL5_1_99
800,1,C9JSJ3_1_89
801,1,C9JUS6_1_153
802,1,C9JVI0_1_77
803,1,C9JVI0_378_530
804,1,C9JVW0_1_142
805,1,C9JXX5_1_98
806,1,D3DTV9_1_90
807,1,D3W0D1_1_34
808,1,D6R901_1_74
809,1,D6R901_380_530
810,1,D6R9N7_1_75
811,1,D6R9N7_377_530
812,1,D6RA61_1_76
813,1,D6RA61_379_530
814,1,D6RBM5_1_74
815,1,D6RBQ6_380_530
816,1,D6RBQ6_1_76
817,1,D6RCP7_379_530
818,1,D6RCP7_1_76
819,1,D6REC4_191_253
820,1,D6REC4_342_459
821,1,D6REC4_1_38
822,1,D6RF30_1_81
823,1,D6RGH6_246_350
824,1,D6RJB6_1_78
825,1,D6RJB6_380_530
826,1,E2RYF6_1080_1114
827,1,E2RYF7_1_92
828,1,E5RG02_1_39
829,1,E5RIL1_234_263
830,1,E5RJ46_1_101
831,1,E5RJM6_1_46
832,1,E7ERA6_156_249
833,1,E7ERA6_1_46
834,1,E7ETH6_369_402
835,1,E7EW31_914_1015
836,1,E9PAV3_2003_2036
837,1,E9PB15_1_50
838,1,E9PRG8_89_123
839,1,F2Z333_1_43
840,1,F2Z398_1_122
841,1,F2Z3F1_1_127
842,1,F2Z3M2_1_114
843,1,F5H4B4_1_139
844,1,F5H4B4_304_411
845,1,F5H4B4_517_570
846,1,F8WBI6_1_81
847,1,G3V0H7_234_277
848,1,G3V0H7_78_123
849,1,G3V211_1_115
850,1,G9CGD6_865_899
851,1,H0Y7S4_1_59
852,1,H0YKK7_135_164
853,1,H0YKK7_430_550
854,1,H0YKK7_1_89
855,1,H0YL09_1_131
856,1,H0YL14_1_46
857,1,H0YM25_1_65
858,1,H3BMG3_1_65
859,1,H3BPF8_1_89
860,1,H3BQB6_1_103
861,1,H3BQB6_195_276
862,1,H3BQL2_1_82
863,1,H3BQW9_1_127
864,1,H3BR10_1_107
865,1,H3BRN8_1_37
866,1,H3BS89_44_105
867,1,H3BSY2_1_85
868,1,H3BTG2_1_121
869,1,H3BUK9_1_93
870,1,H3BUK9_329_454
871,1,H3BV12_1_81
872,1,H3BV60_1_63
873,1,H3BV60_180_316
874,1,H7BZ55_338_418
875,1,H7BZ55_1_97
876,1,H7BZ55_198_242
877,1,H7C350_369_402
878,1,I1YAP6_52_99
879,1,I3L3R5_155_228
880,1,I3L3R5_67_104
881,1,I6L899_1_81
882,1,J3KSC0_1_135
883,1,K7EIQ3_1_104
884,1,M0QZC1_227_329
885,1,M0QZC1_1_63
886,1,M0R2J8_775_857
887,1,M0R2J8_246_300
888,1,M0R2J8_1058_1168
889,1,M5A8F1_1_33
890,1,M5A8F1_126_160
891,1,O00110_1_92
892,1,O00116_1_83
893,1,O00124_134_188
894,1,O00139_65_162
895,1,O00139_550_600
896,1,O00141_1_97
897,1,O00142_1_48
898,1,O00144_1_41
899,1,O00144_549_591
900,1,O00144_150_200
901,1,O00148_1_50
902,1,O00154_1_56
903,1,O00155_1_33
904,1,O00155_323_361
905,1,O00159_1_49
906,1,O00160_922_1049
907,1,O00161_91_140
908,1,O00165_244_279
909,1,O00168_58_92
910,1,O00178_569_669
911,1,O00178_1_66
912,1,O00180_287_336
913,1,O00182_148_223
914,1,O00189_139_174
915,1,O00192_847_962
916,1,O00192_591_649
917,1,O00193_100_183
918,1,O00194_189_218
919,1,O00198_1_91
920,1,O00203_258_294
921,1,O00203_1_50
922,1,O00204_315_365
923,1,O00206_1_30
924,1,O00213_663_710
925,1,O00213_507_540
926,1,O00217_1_33
927,1,O00220_259_357
928,1,O00220_1_134
929,1,O00222_850_908
930,1,O00222_1_37
931,1,O00230_1_105
932,1,O00231_1_44
933,1,O00232_315_351
934,1,O00238_1_33
935,1,O00238_150_186
936,1,O00241_342_398
937,1,O00253_1_69
938,1,O00254_1_84
939,1,O00255_585_615
940,1,O00255_463_553
941,1,O00258_125_174
942,1,O00267_644_705
943,1,O00267_391_420
944,1,O00268_1008_1056
945,1,O00273_208_248
946,1,O00273_1_125
947,1,O00287_185_214
948,1,O00287_1_142
949,1,O00291_533_576
950,1,O00291_304_379
951,1,O00291_1_33
952,1,O00291_1005_1037
953,1,O00292_64_94
954,1,O00303_1_97
955,1,O00305_403_520
956,1,O00305_168_208
957,1,O00305_1_64
958,1,O00308_383_413
959,1,O00311_1_37
960,1,O00311_214_349
961,1,O00311_467_534
962,1,O00327_213_321
963,1,O00327_1_69
964,1,O00330_222_271
965,1,O00330_134_186
966,1,O00330_1_61
967,1,O00337_1_78
968,1,O00339_409_548
969,1,O00339_1_56
970,1,O00339_828_929
971,1,O00341_171_200
972,1,O00341_480_560
973,1,O00358_1_49
974,1,O00391_1_36
975,1,O00398_1_30
976,1,O00399_138_190
977,1,O00400_1_72
978,1,O00401_142_217
979,1,O00408_905_941
980,1,O00408_1_51
981,1,O00408_189_229
982,1,O00409_1_108
983,1,O00418_1_88
984,1,O00418_349_498
985,1,O00421_313_344
986,1,O00421_1_37
987,1,O00423_69_179
988,1,O00423_1_39
989,1,O00425_147_199
990,1,O00425_354_410
991,1,O00429_506_638
992,1,O00443_602_659
993,1,O00443_1390_1420
994,1,O00443_806_845
995,1,O00443_1531_1565
996,1,O00444_805_894
997,1,O00445_73_110
998,1,O00451_356_464
999,1,O00451_1_39
1000,1,O00453_47_97
1001,1,O00458_1_76
1002,1,O00459_255_329
1003,1,O00463_1_30
1004,1,O00463_296_331
1005,1,O00468_1542_1626
1006,1,O00468_1239_1367
1007,1,O00468_1864_1919
1008,1,O00469_1_35
1009,1,O00470_1_67
1010,1,O00470_339_390
1011,1,O00470_179_274
1012,1,O00471_373_408
1013,1,O00472_151_200
1014,1,O00476_1_112
1015,1,O00478_513_584
1016,1,O00479_1_90
1017,1,O00482_181_302
1018,1,O00482_1_87
1019,1,O00505_1_73
1020,1,O00505_491_521
1021,1,O00506_293_363
1022,1,O00507_957_1005
1023,1,O00507_1589_1641
1024,1,O00507_2425_2555
1025,1,O00507_1_74
1026,1,O00507_1950_1989
1027,1,O00507_1833_1866
1028,1,O00522_177_286
1029,1,O00526_1_36
1030,1,O00533_1_42
1031,1,O00534_603_685
1032,1,O00541_437_523
1033,1,O00541_248_313
1034,1,O00555_1_87
1035,1,O00555_355_479
1036,1,O00555_1503_1535
1037,1,O00555_1322_1359
1038,1,O00560_19_96
1039,1,O00562_1170_1244
1040,1,O00562_575_689
1041,1,O00562_872_907
1042,1,O00562_776_831
1043,1,O00566_611_681
1044,1,O00567_447_594
1045,1,O00570_1_50
1046,1,O00571_574_662
1047,1,O00571_1_146
1048,1,O00574_303_342
1049,1,O00585_97_134
1050,1,O00587_1_46
1051,1,O00590_1_35
1052,1,O00590_326_384
1053,1,O00591_1_45
1054,1,O00591_341_413
1055,1,O00592_495_558
1056,1,O00602_1_94
1057,1,O00622_148_236
1058,1,O00624_44_85
1059,1,O00629_1_75
1060,1,O00629_490_521
1061,1,O00634_1_30
1062,1,O00716_350_465
1063,1,O00744_156_198
1064,1,O00744_1_45
1065,1,O00746_1_34
1066,1,O00750_1475_1510
1067,1,O00754_1_53
1068,1,O00755_1_32
1069,1,O00763_1324_1427
1070,1,O00767_1_49
1071,1,O14490_901_977
1072,1,O14492_78_205
1073,1,O14492_303_414
1074,1,O14492_512_632
1075,1,O14494_255_284
1076,1,O14495_280_311
1077,1,O14495_1_31
1078,1,O14497_1740_1819
1079,1,O14497_1858_1959
1080,1,O14498_348_428
1081,1,O14503_1_49
1082,1,O14508_1_30
1083,1,O14513_134_179
1084,1,O14519_1_55
1085,1,O14520_279_342
1086,1,O14521_1_49
1087,1,O14522_721_874
1088,1,O14522_1_39
1089,1,O14523_1_89
1090,1,O14523_249_293
1091,1,O14524_1_57
1092,1,O14524_415_444
1093,1,O14524_94_133
1094,1,O14525_1_75
1095,1,O14529_1127_1175
1096,1,O14529_957_1045
1097,1,O14529_107_181
1098,1,O14530_191_226
1099,1,O14531_505_572
1100,1,O14543_118_225
1101,1,O14548_1_48
1102,1,O14556_1_67
1103,1,O14558_1_70
1104,1,O14559_1_65
1105,1,O14559_235_296
1106,1,O14561_1_63
1107,1,O14562_1_89
1108,1,O14562_155_197
1109,1,O14578_1_50
1110,1,O14578_1891_2027
1111,1,O14578_600_630
1112,1,O14578_384_474
1113,1,O14581_251_309
1114,1,O14593_1_85
1115,1,O14594_1_45
1116,1,O14594_1271_1321
1117,1,O14595_1_84
1118,1,O14598_1_125
1119,1,O14599_1_106
1120,1,O14602_114_144
1121,1,O14603_1_147
1122,1,O14607_1_49
1123,1,O14607_998_1027
1124,1,O14609_1_159
1125,1,O14627_243_284
1126,1,O14633_1_110
1127,1,O14638_1_35
1128,1,O14639_1_98
1129,1,O14640_334_414
1130,1,O14641_350_424
1131,1,O14645_1_64
1132,1,O14646_1316_1420
1133,1,O14647_376_416
1134,1,O14647_1319_1473
1135,1,O14649_260_394
1136,1,O14654_1_79
1137,1,O14656_1_39
1138,1,O14657_1_51
1139,1,O14662_1_74
1140,1,O14662_193_228
1141,1,O14668_109_218
1142,1,O14669_138_202
1143,1,O14669_1_46
1144,1,O14672_1_31
1145,1,O14672_176_221
1146,1,O14672_706_748
1147,1,O14678_352_388
1148,1,O14683_1_58
1149,1,O14686_5329_5387
1150,1,O14686_1_122
1151,1,O14709_967_1029
1152,1,O14709_1_44
1153,1,O14713_1_63
1154,1,O14717_185_235
1155,1,O14727_82_114
1156,1,O14733_1_98
1157,1,O14737_95_125
1158,1,O14745_96_157
1159,1,O14745_251_358
1160,1,O14746_414_447
1161,1,O14746_625_656
1162,1,O14746_174_331
1163,1,O14753_232_267
1164,1,O14753_1_129
1165,1,O14757_267_380
1166,1,O14763_182_330
1167,1,O14763_1_76
1168,1,O14764_359_426
1169,1,O14764_1_44
1170,1,O14770_183_279
1171,1,O14770_343_477
1172,1,O14770_1_67
1173,1,O14771_1_46
1174,1,O14776_1_144
1175,1,O14776_570_648
1176,1,O14777_600_642
1177,1,O14777_1_83
1178,1,O14782_385_465
1179,1,O14782_245_300
1180,1,O14782_509_570
1181,1,O14782_658_793
1182,1,O14786_583_655
1183,1,O14786_1_32
1184,1,O14786_801_923
1185,1,O14787_329_371
1186,1,O14788_82_160
1187,1,O14788_1_41
1188,1,O14791_1_68
1189,1,O14792_1_43
1190,1,O14793_82_133
1191,1,O14793_1_44
1192,1,O14795_1307_1352
1193,1,O14796_101_132
1194,1,O14798_154_259
1195,1,O14798_1_50
1196,1,O14810_83_134
1197,1,O14813_156_284
1198,1,O14813_1_84
1199,1,O14827_585_625
1200,1,O14827_461_497
1201,1,O14827_182_218
1202,1,O14827_70_105
1203,1,O14827_524_556
1204,1,O14828_1_144
1205,1,O14829_306_351
1206,1,O14829_550_653
1207,1,O14829_55_98
1208,1,O14830_713_753
1209,1,O14830_65_104
1210,1,O14830_313_436
1211,1,O14832_1_39
1212,1,O14836_107_155
1213,1,O14836_1_40
1214,1,O14836_189_293
1215,1,O14841_1259_1288
1216,1,O14843_314_346
1217,1,O14862_89_151
1218,1,O14863_1_101
1219,1,O14863_231_276
1220,1,O14867_643_736
1221,1,O14874_1_52
1222,1,O14874_337_367
1223,1,O14893_1_41
1224,1,O14896_108_220
1225,1,O14896_404_467
1226,1,O14901_481_512
1227,1,O14904_253_285
1228,1,O14904_1_48
1229,1,O14905_1_54
1230,1,O14908_216_247
1231,1,O14908_1_57
1232,1,O14910_1_32
1233,1,O14917_1_66
1234,1,O14917_387_416
1235,1,O14920_660_756
1236,1,O14924_310_340
1237,1,O14924_841_968
1238,1,O14924_91_244
1239,1,O14931_167_201
1240,1,O14936_447_495
1241,1,O14936_562_619
1242,1,O14936_681_728
1243,1,O14936_303_398
1244,1,O14939_1_44
1245,1,O14939_118_165
1246,1,O14944_1_70
1247,1,O14948_1_126
1248,1,O14948_234_347
1249,1,O14965_1_123
1250,1,O14967_487_610
1251,1,O14967_1_52
1252,1,O14976_1_34
1253,1,O14976_329_414
1254,1,O14978_1_41
1255,1,O14978_531_584
1256,1,O14979_1_144
1257,1,O14979_310_420
1258,1,O14981_1765_1849
1259,1,O14981_1536_1576
1260,1,O14981_934_1021
1261,1,O14981_623_660
1262,1,O14990_167_202
1263,1,O14990_1_120
1264,1,O14994_1_86
1265,1,O15013_1214_1369
1266,1,O15013_959_994
1267,1,O15013_694_751
1268,1,O15016_1153_1216
1269,1,O15016_1_67
1270,1,O15018_664_732
1271,1,O15018_2705_2751
1272,1,O15018_1_125
1273,1,O15020_2321_2390
1274,1,O15020_1_54
1275,1,O15020_1369_1472
1276,1,O15021_715_744
1277,1,O15021_504_568
1278,1,O15027_1562_1617
1279,1,O15031_1554_1629
1280,1,O15031_1176_1290
1281,1,O15033_297_356
1282,1,O15033_1_41
1283,1,O15034_59_176
1284,1,O15034_1014_1052
1285,1,O15034_227_298
1286,1,O15034_926_959
1287,1,O15037_593_634
1288,1,O15040_1026_1087
1289,1,O15040_1381_1411
1290,1,O15041_679_775
1291,1,O15042_903_1029
1292,1,O15047_1_83
1293,1,O15047_1461_1563
1294,1,O15050_1833_1865
1295,1,O15050_2882_2925
1296,1,O15050_1228_1279
1297,1,O15050_1512_1546
1298,1,O15050_304_342
1299,1,O15050_1063_1148
1300,1,O15050_1588_1638
1301,1,O15054_1_93
1302,1,O15056_442_494
1303,1,O15060_541_611
1304,1,O15060_670_712
1305,1,O15063_191_230
1306,1,O15063_1_79
1307,1,O15066_616_747
1308,1,O15066_365_424
1309,1,O15068_1_72
1310,1,O15068_556_626
1311,1,O15068_956_1068
1312,1,O15068_1104_1137
1313,1,O15069_1479_1519
1314,1,O15072_824_854
1315,1,O15072_1_145
1316,1,O15072_192_258
1317,1,O15075_681_740
1318,1,O15075_1_60
1319,1,O15078_924_1066
1320,1,O15079_1_69
1321,1,O15083_913_957
1322,1,O15083_658_711
1323,1,O15083_1_145
1324,1,O15084_976_1053
1325,1,O15085_1_52
1326,1,O15090_1_128
1327,1,O15091_1_120
1328,1,O15105_202_261
1329,1,O15105_1_90
1330,1,O15111_656_745
1331,1,O15117_572_686
1332,1,O15118_290_330
1333,1,O15119_1_100
1334,1,O15123_250_279
1335,1,O15123_1_84
1336,1,O15126_1_78
1337,1,O15127_1_79
1338,1,O15130_1_113
1339,1,O15131_1_82
1340,1,O15143_291_320
1341,1,O15146_667_697
1342,1,O15146_436_572
1343,1,O15156_453_539
1344,1,O15162_1_87
1345,1,O15164_1_59
1346,1,O15164_1010_1050
1347,1,O15164_85_141
1348,1,O15169_1_79
1349,1,O15172_1_72
1350,1,O15173_1_50
1351,1,O15178_1_35
1352,1,O15194_1_93
1353,1,O15195_345_374
1354,1,O15195_717_805
1355,1,O15197_1_36
1356,1,O15197_577_652
1357,1,O15197_156_199
1358,1,O15197_920_957
1359,1,O15198_147_263
1360,1,O15204_1_73
1361,1,O15209_1_41
1362,1,O15209_559_634
1363,1,O15211_728_777
1364,1,O15211_397_429
1365,1,O15211_1_59
1366,1,O15211_511_658
1367,1,O15213_1_104
1368,1,O15218_336_404
1369,1,O15218_1_40
1370,1,O15225_1_51
1371,1,O15226_408_443
1372,1,O15226_306_343
1373,1,O15228_1_33
1374,1,O15229_448_486
1375,1,O15230_463_506
1376,1,O15230_1_94
1377,1,O15230_3442_3475
1378,1,O15230_3288_3348
1379,1,O15232_1_84
1380,1,O15259_204_326
1381,1,O15259_100_161
1382,1,O15265_1_136
1383,1,O15265_395_520
1384,1,O15266_1_115
1385,1,O15266_183_292
1386,1,O15270_1_59
1387,1,O15273_95_167
1388,1,O15287_481_511
1389,1,O15297_30_95
1390,1,O15303_847_877
1391,1,O15303_1_37
1392,1,O15304_52_101
1393,1,O15315_254_302
1394,1,O15315_342_384
1395,1,O15318_109_223
1396,1,O15321_1_37
1397,1,O15321_219_278
1398,1,O15327_472_579
1399,1,O15327_114_146
1400,1,O15327_181_230
1401,1,O15327_1_39
1402,1,O15344_82_124
1403,1,O15347_162_200
1404,1,O15350_318_354
1405,1,O15350_392_494
1406,1,O15350_1_115
1407,1,O15350_546_636
1408,1,O15354_563_613
1409,1,O15355_506_546
1410,1,O15360_878_909
1411,1,O15360_1_120
1412,1,O15360_1359_1455
1413,1,O15360_986_1056
1414,1,O15360_621_709
1415,1,O15371_1_151
1416,1,O15372_1_46
1417,1,O15374_194_284
1418,1,O15375_189_229
1419,1,O15375_436_505
1420,1,O15379_378_428
1421,1,O15381_490_540
1422,1,O15382_1_31
1423,1,O15389_416_551
1424,1,O15393_1_92
1425,1,O15394_687_837
1426,1,O15397_874_947
1427,1,O15397_1006_1037
1428,1,O15399_1_61
1429,1,O15399_404_473
1430,1,O15399_603_635
1431,1,O15399_270_304
1432,1,O15400_196_229
1433,1,O15400_123_162
1434,1,O15403_474_523
1435,1,O15403_206_289
1436,1,O15405_523_576
1437,1,O15405_344_440
1438,1,O15409_408_495
1439,1,O15409_582_715
1440,1,O15409_1_117
1441,1,O15417_2864_2898
1442,1,O15427_408_465
1443,1,O15428_52_100
1444,1,O15431_1_55
1445,1,O15432_56_93
1446,1,O15438_843_956
1447,1,O15439_1289_1325
1448,1,O15439_618_701
1449,1,O15440_490_582
1450,1,O15440_1_97
1451,1,O15440_776_841
1452,1,O15442_1_42
1453,1,O15444_102_150
1454,1,O15455_1_30
1455,1,O15466_1_35
1456,1,O15479_1_114
1457,1,O15480_1_112
1458,1,O15481_1_99
1459,1,O15482_124_197
1460,1,O15482_329_410
1461,1,O15482_1_42
1462,1,O15488_1_32
1463,1,O15492_1_50
1464,1,O15496_1_32
1465,1,O15499_1_123
1466,1,O15503_1_80
1467,1,O15504_1_116
1468,1,O15516_388_524
1469,1,O15516_218_254
1470,1,O15519_175_246
1471,1,O15519_359_403
1472,1,O15520_1_69
1473,1,O15522_149_239
1474,1,O15522_1_80
1475,1,O15523_572_660
1476,1,O15523_1_144
1477,1,O15524_1_50
1478,1,O15525_126_162
1479,1,O15528_1_39
1480,1,O15529_315_346
1481,1,O15530_358_420
1482,1,O15530_1_74
1483,1,O15534_274_303
1484,1,O15535_1_53
1485,1,O15535_126_256
1486,1,O15537_1_68
1487,1,O15539_1_52
1488,1,O15541_1_113
1489,1,O15544_1_149
1490,1,O15547_388_441
1491,1,O15550_1_52
1492,1,O15550_1051_1080
1493,1,O15551_186_220
1494,1,O15552_300_330
1495,1,O15554_119_152
1496,1,O43143_1_119
1497,1,O43147_183_259
1498,1,O43147_376_492
1499,1,O43147_622_778
1500,1,O43147_90_128
1501,1,O43148_1_152
1502,1,O43149_1_59
1503,1,O43149_800_831
1504,1,O43149_1234_1321
1505,1,O43149_142_255
1506,1,O43149_2512_2591
1507,1,O43149_2405_2462
1508,1,O43150_273_305
1509,1,O43151_1726_1795
1510,1,O43155_357_431
1511,1,O43155_504_660
1512,1,O43155_1_30
1513,1,O43156_572_620
1514,1,O43156_765_859
1515,1,O43156_439_481
1516,1,O43157_1462_1564
1517,1,O43157_1284_1331
1518,1,O43157_1846_1926
1519,1,O43157_289_322
1520,1,O43164_676_708
1521,1,O43172_1_86
1522,1,O43173_1_86
1523,1,O43181_1_46
1524,1,O43182_246_405
1525,1,O43184_1_55
1526,1,O43184_167_215
1527,1,O43186_1_32
1528,1,O43187_499_625
1529,1,O43187_352_383
1530,1,O43187_89_201
1531,1,O43189_1_30
1532,1,O43193_368_412
1533,1,O43193_182_229
1534,1,O43193_1_33
1535,1,O43194_377_453
1536,1,O43194_179_209
1537,1,O43196_796_834
1538,1,O43196_1_53
1539,1,O43236_1_120
1540,1,O43236_422_452
1541,1,O43237_168_230
1542,1,O43237_1_42
1543,1,O43240_1_50
1544,1,O43246_591_635
1545,1,O43246_410_466
1546,1,O43251_1_117
1547,1,O43252_1_32
1548,1,O43255_1_72
1549,1,O43257_1_87
1550,1,O43261_1_78
1551,1,O43264_427_471
1552,1,O43272_1_50
1553,1,O43272_307_349
1554,1,O43278_1_52
1555,1,O43278_487_529
1556,1,O43278_300_333
1557,1,O43283_1_154
1558,1,O43286_66_103
1559,1,O43290_1_160
1560,1,O43290_391_498
1561,1,O43291_92_125
1562,1,O43292_396_428
1563,1,O43293_286_322
1564,1,O43295_466_506
1565,1,O43295_703_750
1566,1,O43295_188_217
1567,1,O43296_555_627
1568,1,O43299_776_807
1569,1,O43299_249_289
1570,1,O43300_359_516
1571,1,O43301_1_57
1572,1,O43301_251_299
1573,1,O43303_696_793
1574,1,O43303_919_1012
1575,1,O43303_1_40
1576,1,O43304_180_235
1577,1,O43304_616_696
1578,1,O43306_1_133
1579,1,O43306_559_635
1580,1,O43307_443_516
1581,1,O43307_61_100
1582,1,O43313_1_136
1583,1,O43314_1_43
1584,1,O43314_476_557
1585,1,O43316_130_176
1586,1,O43316_234_350
1587,1,O43318_1_32
1588,1,O43320_1_49
1589,1,O43323_1_34
1590,1,O43353_318_437
1591,1,O43353_165_199
1592,1,O43361_457_487
1593,1,O43361_707_778
1594,1,O43361_527_570
1595,1,O43364_1_143
1596,1,O43374_744_803
1597,1,O43379_1_62
1598,1,O43379_463_496
1599,1,O43399_1_43
1600,1,O43399_121_206
1601,1,O43405_1_33
1602,1,O43405_124_163
1603,1,O43414_1_134
1604,1,O43422_82_161
1605,1,O43423_149_234
1606,1,O43424_859_1007
1607,1,O43426_452_504
1608,1,O43432_1395_1431
1609,1,O43435_1_101
1610,1,O43435_297_398
1611,1,O43439_1_119
1612,1,O43439_203_338
1613,1,O43439_393_436
1614,1,O43439_541_604
1615,1,O43448_1_75
1616,1,O43451_1_94
1617,1,O43462_102_151
1618,1,O43463_366_412
1619,1,O43464_1_138
1620,1,O43482_1_66
1621,1,O43488_1_31
1622,1,O43490_1_42
1623,1,O43490_823_865
1624,1,O43497_1_64
1625,1,O43497_1536_1600
1626,1,O43502_346_376
1627,1,O43506_1_50
1628,1,O43506_176_209
1629,1,O43508_1_102
1630,1,O43511_593_646
1631,1,O43511_734_780
1632,1,O43513_172_233
1633,1,O43520_1178_1251
1634,1,O43520_1_76
1635,1,O43520_793_837
1636,1,O43524_1_153
1637,1,O43525_391_523
1638,1,O43525_1_104
1639,1,O43526_1_74
1640,1,O43529_1_78
1641,1,O43541_269_329
1642,1,O43541_1_160
1643,1,O43548_464_507
1644,1,O43555_1_120
1645,1,O43556_279_308
1646,1,O43556_358_437
1647,1,O43556_1_50
1648,1,O43557_1_34
1649,1,O43566_440_566
1650,1,O43566_1_61
1651,1,O43566_192_306
1652,1,O43567_283_381
1653,1,O43570_1_31
1654,1,O43572_509_662
1655,1,O43572_1_120
1656,1,O43572_176_286
1657,1,O43581_1_135
1658,1,O43586_286_363
1659,1,O43593_624_659
1660,1,O43602_143_186
1661,1,O43602_1_45
1662,1,O43602_255_365
1663,1,O43603_308_387
1664,1,O43610_1_147
1665,1,O43612_1_131
1666,1,O43613_1_33
1667,1,O43613_247_279
1668,1,O43613_371_425
1669,1,O43614_254_288
1670,1,O43614_1_43
1671,1,O43614_385_444
1672,1,O43623_1_130
1673,1,O43633_134_222
1674,1,O43665_1_31
1675,1,O43674_1_50
1676,1,O43679_241_373
1677,1,O43680_140_179
1678,1,O43680_1_71
1679,1,O43681_105_222
1680,1,O43683_144_251
1681,1,O43688_250_288
1682,1,O43692_1_51
1683,1,O43699_348_453
1684,1,O43699_1_31
1685,1,O43707_1_49
1686,1,O43711_257_291
1687,1,O43711_1_158
1688,1,O43716_1_31
1689,1,O43719_1_129
1690,1,O43736_1_54
1691,1,O43741_1_75
1692,1,O43747_583_712
1693,1,O43752_111_146
1694,1,O43759_182_233
1695,1,O43760_180_224
1696,1,O43761_179_229
1697,1,O43763_247_284
1698,1,O43763_1_147
1699,1,O43765_223_313
1700,1,O43766_1_68
1701,1,O43768_1_39
1702,1,O43781_524_588
1703,1,O43781_1_137
1704,1,O43790_1_100
1705,1,O43790_416_486
1706,1,O43795_780_857
1707,1,O43815_1_49
1708,1,O43818_1_77
1709,1,O43819_1_54
1710,1,O43822_143_216
1711,1,O43823_539_692
1712,1,O43824_1_87
1713,1,O43825_1_137
1714,1,O43827_1_46
1715,1,O43837_1_50
1716,1,O43847_1090_1119
1717,1,O43847_1_101
1718,1,O43847_127_211
1719,1,O43852_1_58
1720,1,O43854_1_62
1721,1,O43861_1_117
1722,1,O43861_501_587
1723,1,O43865_1_92
1724,1,O43868_119_153
1725,1,O43868_1_72
1726,1,O43869_1_64
1727,1,O43889_1_126
1728,1,O43889_241_371
1729,1,O43895_1_35
1730,1,O43896_377_442
1731,1,O43896_612_748
1732,1,O43896_471_510
1733,1,O43897_1_157
1734,1,O43903_268_313
1735,1,O43908_1_158
1736,1,O43909_346_378
1737,1,O43909_1_88
1738,1,O43913_269_301
1739,1,O43914_70_113
1740,1,O43914_1_33
1741,1,O43915_1_95
1742,1,O43915_197_354
1743,1,O43916_1_59
1744,1,O43921_175_213
1745,1,O43930_1_45
1746,1,O43934_191_222
1747,1,O60216_400_559
1748,1,O60224_77_188
1749,1,O60225_79_188
1750,1,O60229_1577_1657
1751,1,O60229_1243_1277
1752,1,O60229_1_34
1753,1,O60231_289_396
1754,1,O60232_89_146
1755,1,O60237_1_51
1756,1,O60239_1_40
1757,1,O60241_1096_1162
1758,1,O60241_754_820
1759,1,O60241_431_473
1760,1,O60243_1_58
1761,1,O60244_582_647
1762,1,O60244_1_53
1763,1,O60245_1_41
1764,1,O60245_177_250
1765,1,O60248_1_48
1766,1,O60248_127_233
1767,1,O60256_213_248
1768,1,O60258_187_216
1769,1,O60259_1_35
1770,1,O60260_66_148
1771,1,O60264_691_771
1772,1,O60264_1018_1052
1773,1,O60266_493_619
1774,1,O60266_803_839
1775,1,O60266_1_65
1776,1,O60268_204_286
1777,1,O60268_1_87
1778,1,O60271_1171_1206
1779,1,O60271_1232_1321
1780,1,O60271_704_747
1781,1,O60279_1_39
1782,1,O60281_2139_2175
1783,1,O60281_458_548
1784,1,O60281_591_695
1785,1,O60281_1979_2112
1786,1,O60281_2282_2363
1787,1,O60282_374_422
1788,1,O60282_553_589
1789,1,O60282_669_708
1790,1,O60282_800_840
1791,1,O60282_902_957
1792,1,O60285_1_49
1793,1,O60287_974_1010
1794,1,O60287_1123_1191
1795,1,O60287_1881_1917
1796,1,O60287_1_41
1797,1,O60290_1087_1169
1798,1,O60290_1_150
1799,1,O60291_1_30
1800,1,O60293_1279_1350
1801,1,O60293_1705_1747
1802,1,O60296_1_95
1803,1,O60296_350_484
1804,1,O60299_640_673
1805,1,O60299_502_571
1806,1,O60303_1552_1618
1807,1,O60303_1362_1396
1808,1,O60303_1134_1208
1809,1,O60306_749_779
1810,1,O60306_1373_1485
1811,1,O60307_304_366
1812,1,O60307_507_546
1813,1,O60308_868_925
1814,1,O60308_706_758
1815,1,O60308_156_198
1816,1,O60308_285_419
1817,1,O60312_1_68
1818,1,O60312_932_973
1819,1,O60315_1092_1214
1820,1,O60318_1381_1413
1821,1,O60318_496_597
1822,1,O60330_1_33
1823,1,O60331_1_66
1824,1,O60333_1013_1117
1825,1,O60333_636_755
1826,1,O60333_1189_1239
1827,1,O60336_1_38
1828,1,O60336_1462_1514
1829,1,O60337_170_276
1830,1,O60337_570_624
1831,1,O60343_1_124
1832,1,O60353_126_168
1833,1,O60356_1_43
1834,1,O60359_216_315
1835,1,O60359_40_93
1836,1,O60381_352_438
1837,1,O60383_1_78
1838,1,O60384_1_105
1839,1,O60391_1_38
1840,1,O60423_792_900
1841,1,O60423_1_119
1842,1,O60423_1212_1300
1843,1,O60431_306_355
1844,1,O60437_1_30
1845,1,O60443_75_117
1846,1,O60443_240_289
1847,1,O60447_1_134
1848,1,O60447_700_810
1849,1,O60449_1028_1064
1850,1,O60449_1512_1542
1851,1,O60449_1223_1257
1852,1,O60449_1_43
1853,1,O60449_742_784
1854,1,O60449_864_938
1855,1,O60449_1660_1722
1856,1,O60462_791_931
1857,1,O60462_1_30
1858,1,O60462_592_696
1859,1,O60469_1_36
1860,1,O60469_837_933
1861,1,O60476_1_111
1862,1,O60477_614_651
1863,1,O60477_1_58
1864,1,O60478_1_45
1865,1,O60478_256_399
1866,1,O60479_1_122
1867,1,O60479_195_287
1868,1,O60481_403_467
1869,1,O60486_615_667
1870,1,O60486_1312_1350
1871,1,O60496_115_146
1872,1,O60499_114_155
1873,1,O60500_1_38
1874,1,O60502_1_62
1875,1,O60503_932_980
1876,1,O60503_189_221
1877,1,O60503_1_87
1878,1,O60503_1242_1353
1879,1,O60503_338_388
1880,1,O60504_514_617
1881,1,O60507_25_56
1882,1,O60508_1_72
1883,1,O60512_361_393
1884,1,O60513_1_70
1885,1,O60522_1468_1525
1886,1,O60522_664_774
1887,1,O60522_204_252
1888,1,O60522_428_485
1889,1,O60522_281_319
1890,1,O60522_1148_1301
1891,1,O60524_408_459
1892,1,O60542_1_58
1893,1,O60543_1_32
1894,1,O60548_1_124
1895,1,O60551_1_111
1896,1,O60565_1_80
1897,1,O60566_1_37
1898,1,O60568_1_36
1899,1,O60573_1_45
1900,1,O60602_661_692
1901,1,O60603_1_32
1902,1,O60609_1_44
1903,1,O60609_355_400
1904,1,O60610_1173_1272
1905,1,O60610_1_98
1906,1,O60658_1_73
1907,1,O60663_1_55
1908,1,O60663_178_222
1909,1,O60663_293_402
1910,1,O60667_129_256
1911,1,O60667_298_390
1912,1,O60669_194_238
1913,1,O60669_445_478
1914,1,O60673_3013_3044
1915,1,O60673_182_218
1916,1,O60674_1_43
1917,1,O60674_509_538
1918,1,O60674_814_843
1919,1,O60678_1_49
1920,1,O60678_134_220
1921,1,O60682_1_99
1922,1,O60682_167_206
1923,1,O60683_113_150
1924,1,O60684_1_81
1925,1,O60687_1_59
1926,1,O60706_606_678
1927,1,O60706_725_755
1928,1,O60706_910_979
1929,1,O60711_1_140
1930,1,O60716_601_648
1931,1,O60716_846_968
1932,1,O60729_385_498
1933,1,O60729_1_45
1934,1,O60732_1078_1142
1935,1,O60733_405_476
1936,1,O60741_1_95
1937,1,O60749_1_141
1938,1,O60755_312_368
1939,1,O60756_1_84
1940,1,O60759_205_359
1941,1,O60759_1_73
1942,1,O60763_697_852
1943,1,O60763_929_962
1944,1,O60765_304_363
1945,1,O60779_210_281
1946,1,O60779_1_30
1947,1,O60784_155_212
1948,1,O60806_1_32
1949,1,O60809_228_281
1950,1,O60809_107_149
1951,1,O60810_105_154
1952,1,O60811_101_152
1953,1,O60812_91_172
1954,1,O60812_210_293
1955,1,O60813_107_151
1956,1,O60825_1_36
1957,1,O60825_452_505
1958,1,O60829_1_102
1959,1,O60830_140_172
1960,1,O60832_1_36
1961,1,O60832_411_514
1962,1,O60840_1_79
1963,1,O60840_396_513
1964,1,O60840_171_219
1965,1,O60840_758_856
1966,1,O60858_287_407
1967,1,O60861_54_176
1968,1,O60870_176_269
1969,1,O60879_1025_1101
1970,1,O60879_672_715
1971,1,O60879_531_628
1972,1,O60879_459_490
1973,1,O60879_1_106
1974,1,O60882_1_70
1975,1,O60882_269_302
1976,1,O60883_1_128
1977,1,O60883_430_481
1978,1,O60884_375_412
1979,1,O60884_71_111
1980,1,O60885_1_48
1981,1,O60885_1283_1362
1982,1,O60885_458_612
1983,1,O60888_1_57
1984,1,O60895_1_54
1985,1,O60902_205_331
1986,1,O60902_1_138
1987,1,O60907_1_56
1988,1,O60907_162_220
1989,1,O60909_33_93
1990,1,O60927_1_126
1991,1,O60928_320_360
1992,1,O60930_69_126
1993,1,O60930_1_30
1994,1,O60936_95_208
1995,1,O60938_1_41
1996,1,O60941_521_627
1997,1,O60941_295_436
1998,1,O60942_564_597
1999,1,O60942_189_231
2000,1,O75019_419_464
2001,1,O75027_1_121
2002,1,O75027_708_752
2003,1,O75030_407_526
2004,1,O75037_811_918
2005,1,O75037_232_267
2006,1,O75038_1_49
2007,1,O75038_487_629
2008,1,O75044_687_735
2009,1,O75044_476_507
2010,1,O75044_191_224
2011,1,O75051_1593_1681
2012,1,O75051_1223_1303
2013,1,O75051_1_41
2014,1,O75052_177_288
2015,1,O75052_365_506
2016,1,O75054_1105_1194
2017,1,O75054_986_1040
2018,1,O75061_1_75
2019,1,O75064_1201_1265
2020,1,O75064_1_48
2021,1,O75064_1321_1350
2022,1,O75064_672_748
2023,1,O75069_367_516
2024,1,O75071_1_75
2025,1,O75071_227_260
2026,1,O75074_1_47
2027,1,O75077_244_299
2028,1,O75077_1_115
2029,1,O75077_794_832
2030,1,O75078_1_57
2031,1,O75078_177_236
2032,1,O75078_713_769
2033,1,O75081_590_653
2034,1,O75081_440_484
2035,1,O75081_260_386
2036,1,O75084_1_51
2037,1,O75084_157_211
2038,1,O75093_259_291
2039,1,O75093_1282_1440
2040,1,O75093_1109_1146
2041,1,O75093_481_519
2042,1,O75093_1_40
2043,1,O75094_1_40
2044,1,O75095_1_144
2045,1,O75106_1_49
2046,1,O75110_426_497
2047,1,O75110_1_45
2048,1,O75113_773_852
2049,1,O75113_188_344
2050,1,O75116_699_751
2051,1,O75116_413_466
2052,1,O75116_1232_1262
2053,1,O75116_1341_1388
2054,1,O75121_1_43
2055,1,O75122_1_69
2056,1,O75123_489_536
2057,1,O75123_1_132
2058,1,O75127_1_137
2059,1,O75127_340_452
2060,1,O75127_669_700
2061,1,O75128_1_61
2062,1,O75132_603_648
2063,1,O75132_1130_1171
2064,1,O75132_1037_1079
2065,1,O75132_1_118
2066,1,O75140_1253_1358
2067,1,O75140_1501_1551
2068,1,O75140_814_853
2069,1,O75144_225_302
2070,1,O75145_1_36
2071,1,O75145_198_238
2072,1,O75145_903_951
2073,1,O75145_1113_1194
2074,1,O75146_301_355
2075,1,O75146_498_552
2076,1,O75146_1003_1068
2077,1,O75147_93_134
2078,1,O75147_221_263
2079,1,O75150_1_45
2080,1,O75150_103_222
2081,1,O75150_302_334
2082,1,O75153_629_690
2083,1,O75153_1_54
2084,1,O75153_1258_1309
2085,1,O75155_312_349
2086,1,O75157_739_780
2087,1,O75161_1139_1179
2088,1,O75161_1062_1109
2089,1,O75164_1011_1064
2090,1,O75164_675_716
2091,1,O75165_947_981
2092,1,O75165_815_866
2093,1,O75165_2183_2243
2094,1,O75165_678_748
2095,1,O75170_398_443
2096,1,O75182_360_477
2097,1,O75182_1_49
2098,1,O75182_976_1082
2099,1,O75182_693_771
2100,1,O75185_1_52
2101,1,O75190_67_192
2102,1,O75190_238_326
2103,1,O75197_1_38
2104,1,O75204_205_238
2105,1,O75204_1_33
2106,1,O75208_1_92
2107,1,O75251_1_58
2108,1,O75264_1_130
2109,1,O75290_53_173
2110,1,O75306_1_40
2111,1,O75309_1_31
2112,1,O75309_660_691
2113,1,O75309_761_829
2114,1,O75311_360_418
2115,1,O75311_1_39
2116,1,O75312_229_259
2117,1,O75312_1_54
2118,1,O75319_1_75
2119,1,O75319_253_377
2120,1,O75323_1_64
2121,1,O75324_42_88
2122,1,O75325_616_713
2123,1,O75326_1_47
2124,1,O75326_633_666
2125,1,O75330_143_194
2126,1,O75330_470_515
2127,1,O75330_1_89
2128,1,O75330_678_724
2129,1,O75333_251_385
2130,1,O75333_1_59
2131,1,O75334_223_270
2132,1,O75334_73_179
2133,1,O75334_1_36
2134,1,O75334_1179_1257
2135,1,O75334_962_1016
2136,1,O75335_895_943
2137,1,O75335_188_233
2138,1,O75335_1104_1185
2139,1,O75335_118_156
2140,1,O75339_1118_1184
2141,1,O75339_1_60
2142,1,O75342_156_194
2143,1,O75343_573_617
2144,1,O75343_102_179
2145,1,O75351_75_121
2146,1,O75354_1_97
2147,1,O75356_1_47
2148,1,O75360_1_64
2149,1,O75360_138_226
2150,1,O75364_1_58
2151,1,O75366_728_768
2152,1,O75366_339_383
2153,1,O75367_114_189
2154,1,O75369_923_1018
2155,1,O75376_348_427
2156,1,O75376_210_249
2157,1,O75376_489_631
2158,1,O75379_1_47
2159,1,O75380_1_30
2160,1,O75381_228_377
2161,1,O75381_71_104
2162,1,O75382_419_475
2163,1,O75382_82_117
2164,1,O75387_380_413
2165,1,O75387_222_299
2166,1,O75388_1_39
2167,1,O75390_1_30
2168,1,O75391_169_227
2169,1,O75400_801_957
2170,1,O75400_1_151
2171,1,O75409_76_117
2172,1,O75409_1_37
2173,1,O75417_362_391
2174,1,O75417_2501_2535
2175,1,O75417_2250_2316
2176,1,O75417_2133_2188
2177,1,O75417_557_591
2178,1,O75417_1_75
2179,1,O75420_970_1035
2180,1,O75420_1_41
2181,1,O75420_562_679
2182,1,O75425_139_235
2183,1,O75425_1_30
2184,1,O75426_483_580
2185,1,O75426_1_41
2186,1,O75427_635_683
2187,1,O75427_1_37
2188,1,O75436_298_327
2189,1,O75439_1_55
2190,1,O75443_1_32
2191,1,O75443_2043_2155
2192,1,O75445_3378_3453
2193,1,O75445_3143_3187
2194,1,O75445_1288_1325
2195,1,O75445_1_37
2196,1,O75446_1_68
2197,1,O75448_822_896
2198,1,O75449_74_193
2199,1,O75459_1_146
2200,1,O75460_1_35
2201,1,O75461_235_281
2202,1,O75461_1_68
2203,1,O75462_339_422
2204,1,O75462_1_41
2205,1,O75467_502_553
2206,1,O75469_1_41
2207,1,O75473_828_907
2208,1,O75473_478_542
2209,1,O75473_1_38
2210,1,O75475_445_530
2211,1,O75477_293_348
2212,1,O75478_336_372
2213,1,O75486_248_317
2214,1,O75487_482_556
2215,1,O75487_346_380
2216,1,O75489_1_45
2217,1,O75493_1_40
2218,1,O75496_1_85
2219,1,O75496_164_209
2220,1,O75503_1_54
2221,1,O75509_1_52
2222,1,O75509_497_581
2223,1,O75521_1_44
2224,1,O75528_214_321
2225,1,O75528_73_145
2226,1,O75529_191_336
2227,1,O75529_552_589
2228,1,O75529_1_74
2229,1,O75530_1_79
2230,1,O75534_740_798
2231,1,O75534_427_466
2232,1,O75534_1_31
2233,1,O75541_369_412
2234,1,O75558_1_37
2235,1,O75563_55_105
2236,1,O75563_226_300
2237,1,O75564_385_488
2238,1,O75564_519_556
2239,1,O75569_1_34
2240,1,O75569_189_223
2241,1,O75569_97_132
2242,1,O75570_1_74
2243,1,O75578_1135_1167
2244,1,O75582_75_114
2245,1,O75582_188_228
2246,1,O75582_1_47
2247,1,O75582_699_802
2248,1,O75582_350_422
2249,1,O75582_570_601
2250,1,O75586_154_246
2251,1,O75592_1144_1230
2252,1,O75592_2441_2471
2253,1,O75592_2306_2354
2254,1,O75592_1384_1415
2255,1,O75592_3601_3636
2256,1,O75592_2545_2592
2257,1,O75592_1602_1642
2258,1,O75592_1983_2022
2259,1,O75592_2065_2100
2260,1,O75592_2167_2251
2261,1,O75592_4116_4154
2262,1,O75592_3897_4018
2263,1,O75592_3702_3740
2264,1,O75607_145_178
2265,1,O75610_1_30
2266,1,O75610_59_97
2267,1,O75616_261_298
2268,1,O75616_1_93
2269,1,O75618_114_189
2270,1,O75626_674_825
2271,1,O75626_1_53
2272,1,O75628_257_298
2273,1,O75628_1_80
2274,1,O75629_1_46
2275,1,O75631_236_287
2276,1,O75636_1_54
2277,1,O75643_353_413
2278,1,O75665_1_74
2279,1,O75665_140_192
2280,1,O75665_952_1012
2281,1,O75674_157_200
2282,1,O75676_553_628
2283,1,O75676_331_406
2284,1,O75676_172_210
2285,1,O75676_688_772
2286,1,O75676_58_99
2287,1,O75676_1_31
2288,1,O75677_1_35
2289,1,O75678_1_98
2290,1,O75679_1_36
2291,1,O75683_1_121
2292,1,O75683_173_214
2293,1,O75688_370_479
2294,1,O75691_1_47
2295,1,O75691_862_911
2296,1,O75691_2748_2785
2297,1,O75691_2566_2622
2298,1,O75691_2030_2076
2299,1,O75691_467_502
2300,1,O75691_1686_1823
2301,1,O75694_722_764
2302,1,O75694_578_661
2303,1,O75695_1_30
2304,1,O75712_217_270
2305,1,O75717_298_424
2306,1,O75717_1060_1129
2307,1,O75718_1_33
2308,1,O75746_290_324
2309,1,O75746_601_678
2310,1,O75747_454_537
2311,1,O75747_1163_1215
2312,1,O75747_1296_1336
2313,1,O75762_1018_1119
2314,1,O75762_1_78
2315,1,O75764_74_181
2316,1,O75781_101_168
2317,1,O75781_238_387
2318,1,O75791_146_275
2319,1,O75792_258_299
2320,1,O75794_42_80
2321,1,O75807_624_674
2322,1,O75808_897_931
2323,1,O75815_1_137
2324,1,O75820_1_155
2325,1,O75820_413_467
2326,1,O75821_130_235
2327,1,O75821_1_58
2328,1,O75822_1_92
2329,1,O75822_218_258
2330,1,O75829_1_38
2331,1,O75829_208_334
2332,1,O75843_585_671
2333,1,O75844_284_325
2334,1,O75864_1_57
2335,1,O75871_180_244
2336,1,O75879_1_65
2337,1,O75880_1_89
2338,1,O75882_1_107
2339,1,O75882_1310_1429
2340,1,O75886_370_525
2341,1,O75886_144_208
2342,1,O75886_258_295
2343,1,O75888_63_108
2344,1,O75896_1_40
2345,1,O75899_1_56
2346,1,O75900_1_85
2347,1,O75901_115_150
2348,1,O75901_366_435
2349,1,O75907_1_73
2350,1,O75908_1_105
2351,1,O75912_326_367
2352,1,O75920_1_110
2353,1,O75923_123_222
2354,1,O75923_355_418
2355,1,O75923_480_523
2356,1,O75923_1106_1146
2357,1,O75923_1280_1312
2358,1,O75923_1425_1482
2359,1,O75925_61_134
2360,1,O75928_61_144
2361,1,O75940_195_238
2362,1,O75943_595_681
2363,1,O75943_1_93
2364,1,O75943_166_199
2365,1,O75943_338_397
2366,1,O75949_353_472
2367,1,O75953_63_163
2368,1,O75955_329_427
2369,1,O75956_1_65
2370,1,O75962_1250_1288
2371,1,O75962_1589_1666
2372,1,O75962_1_52
2373,1,O75962_2608_2689
2374,1,O75970_213_266
2375,1,O75970_51_131
2376,1,O75970_628_704
2377,1,O75970_1435_1488
2378,1,O75970_1235_1334
2379,1,O75970_1091_1164
2380,1,O75970_1797_1871
2381,1,O75970_1938_1996
2382,1,O75970_1554_1625
2383,1,O75970_453_536
2384,1,O75970_325_388
2385,1,O75971_53_98
2386,1,O75973_1_73
2387,1,O75976_868_915
2388,1,O75976_457_498
2389,1,O75976_1_61
2390,1,O75976_1312_1380
2391,1,O75995_317_380
2392,1,O76009_1_59
2393,1,O76009_362_404
2394,1,O76011_405_436
2395,1,O76011_1_101
2396,1,O76013_1_97
2397,1,O76013_398_442
2398,1,O76014_1_106
2399,1,O76014_410_449
2400,1,O76015_1_106
2401,1,O76015_411_456
2402,1,O76021_1_40
2403,1,O76024_600_642
2404,1,O76024_1_92
2405,1,O76024_199_327
2406,1,O76031_602_633
2407,1,O76031_437_467
2408,1,O76031_203_283
2409,1,O76036_212_255
2410,1,O76042_1_136
2411,1,O76050_442_525
2412,1,O76050_219_302
2413,1,O76050_1_62
2414,1,O76061_206_302
2415,1,O76061_1_43
2416,1,O76064_138_253
2417,1,O76070_94_127
2418,1,O76074_1_154
2419,1,O76076_160_196
2420,1,O76080_47_148
2421,1,O76082_522_557
2422,1,O76083_208_246
2423,1,O76083_73_152
2424,1,O76087_1_117
2425,1,O76094_516_671
2426,1,O76095_1_47
2427,1,O94759_1_67
2428,1,O94759_562_624
2429,1,O94759_1166_1245
2430,1,O94761_851_894
2431,1,O94761_1105_1136
2432,1,O94762_450_531
2433,1,O94768_299_372
2434,1,O94769_1_110
2435,1,O94776_518_668
2436,1,O94776_402_460
2437,1,O94776_341_371
2438,1,O94779_1058_1100
2439,1,O94779_1_101
2440,1,O94782_1_80
2441,1,O94782_601_734
2442,1,O94804_938_968
2443,1,O94806_517_575
2444,1,O94806_157_275
2445,1,O94806_315_419
2446,1,O94806_1_63
2447,1,O94808_219_250
2448,1,O94810_424_467
2449,1,O94811_1_50
2450,1,O94812_1_98
2451,1,O94812_1142_1187
2452,1,O94812_296_341
2453,1,O94812_222_263
2454,1,O94813_1270_1429
2455,1,O94813_252_281
2456,1,O94813_1_34
2457,1,O94813_474_510
2458,1,O94813_1101_1136
2459,1,O94817_1_51
2460,1,O94818_508_602
2461,1,O94819_298_328
2462,1,O94819_1_138
2463,1,O94822_515_592
2464,1,O94822_1_65
2465,1,O94823_1343_1461
2466,1,O94823_956_999
2467,1,O94823_1_51
2468,1,O94826_1_112
2469,1,O94827_1_86
2470,1,O94830_567_660
2471,1,O94830_437_492
2472,1,O94830_364_396
2473,1,O94830_1_40
2474,1,O94844_294_377
2475,1,O94851_488_522
2476,1,O94851_1061_1124
2477,1,O94856_1_43
2478,1,O94864_265_414
2479,1,O94864_101_139
2480,1,O94864_1_56
2481,1,O94868_525_577
2482,1,O94868_616_740
2483,1,O94868_418_476
2484,1,O94874_744_794
2485,1,O94874_386_483
2486,1,O94875_996_1046
2487,1,O94876_313_458
2488,1,O94880_770_888
2489,1,O94880_587_617
2490,1,O94880_695_731
2491,1,O94885_1_49
2492,1,O94885_86_180
2493,1,O94886_519_554
2494,1,O94886_711_807
2495,1,O94886_1_120
2496,1,O94887_1020_1054
2497,1,O94887_853_910
2498,1,O94887_1_49
2499,1,O94888_276_411
2500,1,O94888_50_129
2501,1,O94898_1_58
2502,1,O94905_290_339
2503,1,O94906_160_278
2504,1,O94906_1_81
2505,1,O94907_1_90
2506,1,O94907_142_180
2507,1,O94910_1_41
2508,1,O94910_394_481
2509,1,O94911_1587_1621
2510,1,O94911_377_477
2511,1,O94911_780_831
2512,1,O94913_1381_1433
2513,1,O94913_150_202
2514,1,O94913_1480_1555
2515,1,O94915_82_114
2516,1,O94915_859_917
2517,1,O94915_1457_1557
2518,1,O94915_1653_1756
2519,1,O94915_1887_2002
2520,1,O94915_2983_3013
2521,1,O94919_294_338
2522,1,O94921_1_137
2523,1,O94923_1_104
2524,1,O94925_1_141
2525,1,O94927_1_71
2526,1,O94927_256_294
2527,1,O94927_452_496
2528,1,O94933_1_50
2529,1,O94933_280_381
2530,1,O94941_84_116
2531,1,O94941_210_261
2532,1,O94941_334_490
2533,1,O94952_1_34
2534,1,O94953_1032_1096
2535,1,O94953_688_738
2536,1,O94955_1_72
2537,1,O94955_129_158
2538,1,O94955_381_412
2539,1,O94956_305_361
2540,1,O94956_147_183
2541,1,O94956_1_46
2542,1,O94964_241_273
2543,1,O94964_112_146
2544,1,O94964_676_750
2545,1,O94964_785_817
2546,1,O94966_1_127
2547,1,O94966_194_287
2548,1,O94966_378_493
2549,1,O94966_1215_1318
2550,1,O94966_870_993
2551,1,O94973_606_703
2552,1,O94979_339_411
2553,1,O94979_497_569
2554,1,O94983_615_698
2555,1,O94983_1_31
2556,1,O94983_1138_1202
2557,1,O94985_501_534
2558,1,O94985_1_35
2559,1,O94986_1229_1267
2560,1,O94986_774_819
2561,1,O94986_481_548
2562,1,O94986_1048_1179
2563,1,O94986_580_624
2564,1,O94988_845_946
2565,1,O94988_723_770
2566,1,O94988_1_30
2567,1,O94989_738_841
2568,1,O94991_275_382
2569,1,O94992_211_255
2570,1,O94992_1_160
2571,1,O95025_688_777
2572,1,O95025_1_42
2573,1,O95047_256_310
2574,1,O95049_88_200
2575,1,O95049_266_386
2576,1,O95049_554_592
2577,1,O95049_770_919
2578,1,O95067_1_111
2579,1,O95069_360_426
2580,1,O95069_1_53
2581,1,O95070_1_76
2582,1,O95071_74_186
2583,1,O95071_223_359
2584,1,O95071_574_713
2585,1,O95071_1862_1918
2586,1,O95071_945_1083
2587,1,O95071_2312_2382
2588,1,O95071_2448_2505
2589,1,O95073_104_231
2590,1,O95076_1_150
2591,1,O95076_219_343
2592,1,O95084_103_137
2593,1,O95096_196_273
2594,1,O95096_1_124
2595,1,O95125_542_579
2596,1,O95125_440_484
2597,1,O95125_1_50
2598,1,O95136_301_353
2599,1,O95140_520_631
2600,1,O95149_309_360
2601,1,O95150_1_91
2602,1,O95153_1824_1857
2603,1,O95153_1700_1771
2604,1,O95153_715_796
2605,1,O95153_518_663
2606,1,O95155_1_160
2607,1,O95156_1_113
2608,1,O95157_1_101
2609,1,O95158_156_232
2610,1,O95158_1_111
2611,1,O95159_136_253
2612,1,O95163_1275_1332
2613,1,O95163_1143_1206
2614,1,O95170_337_395
2615,1,O95170_666_752
2616,1,O95170_157_276
2617,1,O95170_1_36
2618,1,O95170_78_119
2619,1,O95177_1_125
2620,1,O95178_1_38
2621,1,O95180_1_83
2622,1,O95180_1553_1606
2623,1,O95185_399_531
2624,1,O95185_1_60
2625,1,O95190_1_53
2626,1,O95196_459_566
2627,1,O95198_1_32
2628,1,O95199_1_31
2629,1,O95201_1_113
2630,1,O95202_623_659
2631,1,O95202_416_550
2632,1,O95202_251_307
2633,1,O95202_1_158
2634,1,O95206_357_402
2635,1,O95206_1_33
2636,1,O95208_156_272
2637,1,O95219_1_61
2638,1,O95222_277_327
2639,1,O95229_218_277
2640,1,O95231_157_258
2641,1,O95231_1_89
2642,1,O95232_287_432
2643,1,O95235_1_72
2644,1,O95235_213_296
2645,1,O95235_505_566
2646,1,O95236_1_81
2647,1,O95237_1_42
2648,1,O95238_213_251
2649,1,O95238_1_116
2650,1,O95239_359_391
2651,1,O95239_781_819
2652,1,O95239_463_518
2653,1,O95243_1_89
2654,1,O95248_1210_1337
2655,1,O95248_1023_1136
2656,1,O95248_769_829
2657,1,O95248_692_729
2658,1,O95248_495_562
2659,1,O95248_80_133
2660,1,O95255_845_935
2661,1,O95255_265_300
2662,1,O95255_1_37
2663,1,O95256_1_95
2664,1,O95256_557_599
2665,1,O95258_1_46
2666,1,O95259_309_356
2667,1,O95259_137_200
2668,1,O95260_107_255
2669,1,O95263_1_125
2670,1,O95264_325_384
2671,1,O95267_1_61
2672,1,O95267_171_202
2673,1,O95267_432_464
2674,1,O95271_1187_1327
2675,1,O95271_1076_1117
2676,1,O95271_950_1039
2677,1,O95273_197_232
2678,1,O95274_237_346
2679,1,O95292_126_243
2680,1,O95297_197_269
2681,1,O95299_1_45
2682,1,O95302_1_36
2683,1,O95319_1_42
2684,1,O95342_1_48
2685,1,O95342_652_742
2686,1,O95343_272_332
2687,1,O95343_1_89
2688,1,O95347_1166_1197
2689,1,O95352_513_555
2690,1,O95359_2702_2746
2691,1,O95361_1_83
2692,1,O95363_1_50
2693,1,O95365_481_584
2694,1,O95371_269_312
2695,1,O95373_876_947
2696,1,O95373_1008_1038
2697,1,O95376_1_53
2698,1,O95377_222_273
2699,1,O95382_905_1005
2700,1,O95382_1_60
2701,1,O95382_149_191
2702,1,O95382_610_646
2703,1,O95382_1108_1218
2704,1,O95388_1_49
2705,1,O95388_176_221
2706,1,O95389_148_214
2707,1,O95389_1_50
2708,1,O95390_1_67
2709,1,O95390_107_143
2710,1,O95391_1_36
2711,1,O95391_459_525
2712,1,O95391_203_265
2713,1,O95393_268_314
2714,1,O95393_1_68
2715,1,O95398_854_901
2716,1,O95398_502_555
2717,1,O95398_1_98
2718,1,O95399_1_124
2719,1,O95400_1_68
2720,1,O95400_231_285
2721,1,O95405_768_904
2722,1,O95411_1_115
2723,1,O95415_1_80
2724,1,O95416_88_240
2725,1,O95424_59_95
2726,1,O95425_1678_1716
2727,1,O95428_1212_1278
2728,1,O95433_159_206
2729,1,O95436_603_690
2730,1,O95436_1_84
2731,1,O95447_1_134
2732,1,O95450_1_115
2733,1,O95450_197_271
2734,1,O95450_834_863
2735,1,O95453_519_639
2736,1,O95456_1_35
2737,1,O95460_551_592
2738,1,O95460_1_34
2739,1,O95461_1_133
2740,1,O95466_677_713
2741,1,O95466_1_35
2742,1,O95466_1013_1100
2743,1,O95466_157_221
2744,1,O95466_85_119
2745,1,O95473_176_234
2746,1,O95475_196_246
2747,1,O95477_1526_1568
2748,1,O95477_426_493
2749,1,O95477_857_898
2750,1,O95477_2213_2261
2751,1,O95478_81_113
2752,1,O95479_520_552
2753,1,O95484_185_217
2754,1,O95490_1_42
2755,1,O95490_389_472
2756,1,O95497_482_513
2757,1,O95500_188_239
2758,1,O95502_157_232
2759,1,O95502_1_126
2760,1,O95521_105_152
2761,1,O95522_109_147
2762,1,O95528_181_221
2763,1,O95528_508_541
2764,1,O95528_319_408
2765,1,O95544_1_75
2766,1,O95544_246_276
2767,1,O95551_59_111
2768,1,O95567_253_290
2769,1,O95568_1_82
2770,1,O95568_132_163
2771,1,O95573_1_31
2772,1,O95602_220_257
2773,1,O95602_344_378
2774,1,O95602_1359_1504
2775,1,O95613_818_863
2776,1,O95613_1017_1096
2777,1,O95613_1604_1648
2778,1,O95613_2939_3024
2779,1,O95613_540_667
2780,1,O95613_2868_2903
2781,1,O95613_469_506
2782,1,O95613_1748_1789
2783,1,O95613_1491_1540
2784,1,O95613_1176_1253
2785,1,O95622_647_726
2786,1,O95625_930_1053
2787,1,O95625_116_206
2788,1,O95630_179_247
2789,1,O95631_1_38
2790,1,O95633_1_35
2791,1,O95639_166_269
2792,1,O95661_1_87
2793,1,O95661_195_229
2794,1,O95665_235_291
2795,1,O95665_369_410
2796,1,O95671_213_284
2797,1,O95672_1_67
2798,1,O95674_1_61
2799,1,O95678_1_147
2800,1,O95678_457_551
2801,1,O95685_1_112
2802,1,O95696_1_132
2803,1,O95696_388_455
2804,1,O95704_409_486
2805,1,O95704_248_291
2806,1,O95704_1_119
2807,1,O95714_3721_3820
2808,1,O95714_2913_2963
2809,1,O95714_2170_2204
2810,1,O95714_1925_1961
2811,1,O95714_1825_1859
2812,1,O95714_1541_1634
2813,1,O95714_1340_1395
2814,1,O95714_1184_1287
2815,1,O95714_150_199
2816,1,O95714_334_375
2817,1,O95714_1_103
2818,1,O95714_4784_4834
2819,1,O95718_176_212
2820,1,O95718_1_102
2821,1,O95721_113_193
2822,1,O95721_1_37
2823,1,O95727_324_393
2824,1,O95727_218_290
2825,1,O95744_1_93
2826,1,O95744_137_181
2827,1,O95744_236_297
2828,1,O95747_166_198
2829,1,O95747_313_439
2830,1,O95750_1_40
2831,1,O95750_174_216
2832,1,O95754_1_39
2833,1,O95754_688_770
2834,1,O95755_302_333
2835,1,O95755_1_80
2836,1,O95757_498_581
2837,1,O95757_788_839
2838,1,O95758_138_185
2839,1,O95758_268_361
2840,1,O95758_1_64
2841,1,O95759_928_979
2842,1,O95759_393_464
2843,1,O95759_1_67
2844,1,O95759_1021_1087
2845,1,O95760_1_122
2846,1,O95780_52_187
2847,1,O95782_607_741
2848,1,O95785_1263_1406
2849,1,O95785_1080_1234
2850,1,O95786_180_245
2851,1,O95793_1_125
2852,1,O95793_354_458
2853,1,O95800_234_313
2854,1,O95800_384_540
2855,1,O95801_231_261
2856,1,O95803_26_72
2857,1,O95810_1_51
2858,1,O95813_1_138
2859,1,O95817_501_575
2860,1,O95819_309_365
2861,1,O95822_1_35
2862,1,O95831_1_126
2863,1,O95835_1_107
2864,1,O95835_851_913
2865,1,O95835_1043_1130
2866,1,O95838_458_553
2867,1,O95838_1_68
2868,1,O95841_204_274
2869,1,O95841_1_85
2870,1,O95843_180_209
2871,1,O95859_255_305
2872,1,O95866_168_241
2873,1,O95868_1_133
2874,1,O95870_1_49
2875,1,O95872_301_356
2876,1,O95872_1_102
2877,1,O95873_258_294
2878,1,O95876_627_746
2879,1,O95876_1_40
2880,1,O95886_903_979
2881,1,O95897_1_66
2882,1,O95900_294_331
2883,1,O95907_436_504
2884,1,O95907_194_248
2885,1,O95922_390_423
2886,1,O95932_460_493
2887,1,O95935_1_134
2888,1,O95944_230_276
2889,1,O95944_133_197
2890,1,O95947_280_436
2891,1,O95947_1_88
2892,1,O95965_1_46
2893,1,O95967_1_111
2894,1,O95970_1_39
2895,1,O95971_141_181
2896,1,O95972_149_292
2897,1,O95972_1_62
2898,1,O95976_194_241
2899,1,O95977_324_384
2900,1,O95980_255_297
2901,1,O95980_1_44
2902,1,O95980_935_971
2903,1,O95983_66_125
2904,1,O95983_258_291
2905,1,O95985_805_862
2906,1,O95990_1_30
2907,1,O95994_1_40
2908,1,O95995_243_280
2909,1,O95995_1_35
2910,1,O95996_1_131
2911,1,O95996_226_286
2912,1,O95997_1_110
2913,1,O95997_162_202
2914,1,O95998_1_59
2915,1,O95999_115_233
2916,1,O96001_1_155
2917,1,O96004_1_97
2918,1,O96004_165_215
2919,1,O96005_1_90
2920,1,O96005_579_669
2921,1,O96005_430_471
2922,1,O96005_321_350
2923,1,O96006_83_122
2924,1,O96006_504_554
2925,1,O96006_651_694
2926,1,O96007_1_36
2927,1,O96008_1_82
2928,1,O96009_1_77
2929,1,O96011_155_186
2930,1,O96017_1_90
2931,1,O96017_503_543
2932,1,O96018_356_396
2933,1,O96020_1_101
2934,1,O96024_194_224
2935,1,O96024_1_35
2936,1,O96028_1314_1365
2937,1,O96028_1194_1245
2938,1,O96028_347_463
2939,1,P00167_92_134
2940,1,P00367_1_63
2941,1,P00390_1_60
2942,1,P00439_1_31
2943,1,P00451_1_69
2944,1,P00451_343_405
2945,1,P00451_217_253
2946,1,P00480_1_34
2947,1,P00505_1_30
2948,1,P00519_1_61
2949,1,P00533_1_33
2950,1,P00533_635_715
2951,1,P00540_1_57
2952,1,P00734_1_47
2953,1,P00738_1_39
2954,1,P00739_1_37
2955,1,P00740_181_235
2956,1,P00740_1_48
2957,1,P00742_175_242
2958,1,P00742_1_41
2959,1,P00747_346_382
2960,1,P00747_1_31
2961,1,P00747_450_487
2962,1,P00748_1_45
2963,1,P00748_284_385
2964,1,P00749_1_38
2965,1,P00750_1_50
2966,1,P00751_236_272
2967,1,P00751_1_44
2968,1,P00797_1_83
2969,1,P00973_344_400
2970,1,P01008_1_56
2971,1,P01009_1_48
2972,1,P01011_1_48
2973,1,P01019_1_46
2974,1,P01023_1_34
2975,1,P01023_634_738
2976,1,P01024_655_690
2977,1,P01024_1477_1527
2978,1,P01024_728_770
2979,1,P01031_733_772
2980,1,P01031_654_695
2981,1,P01100_1_132
2982,1,P01127_186_241
2983,1,P01127_1_86
2984,1,P01130_716_860
2985,1,P01133_767_849
2986,1,P01133_1_52
2987,1,P01133_292_446
2988,1,P01135_1_160
2989,1,P01137_258_291
2990,1,P01137_1_38
2991,1,P01138_1_128
2992,1,P01148_1_92
2993,1,P01160_1_151
2994,1,P01185_131_164
2995,1,P01236_1_36
2996,1,P01258_1_141
2997,1,P01266_2723_2768
2998,1,P01266_1_39
2999,1,P01266_350_432
0,2,P01266_595_627
1,2,P01266_930_1034
2,2,P01266_491_557
3,2,P01266_1760_1861
4,2,P01266_2027_2094
5,2,P01266_1092_1166
6,2,P01270_69_115
7,2,P01275_1_148
8,2,P01286_1_31
9,2,P01298_64_95
10,2,P01303_68_97
11,2,P01308_1_110
12,2,P01350_1_101
13,2,P01374_1_58
14,2,P01375_1_82
15,2,P01583_1_117
16,2,P01584_1_109
17,2,P01589_83_124
18,2,P01589_185_237
19,2,P01730_397_458
20,2,P01732_140_181
21,2,P01860_98_165
22,2,P01889_331_362
23,2,P01893_332_362
24,2,P02452_1_45
25,2,P02458_1_34
26,2,P02461_1_33
27,2,P02489_1_60
28,2,P02511_1_65
29,2,P02533_418_472
30,2,P02533_1_119
31,2,P02538_470_564
32,2,P02545_1_33
33,2,P02545_381_434
34,2,P02545_543_664
35,2,P02549_959_1062
36,2,P02549_1_47
37,2,P02549_1094_1172
38,2,P02647_1_93
39,2,P02649_196_317
40,2,P02649_1_41
41,2,P02654_1_83
42,2,P02655_1_101
43,2,P02656_1_99
44,2,P02671_1_68
45,2,P02675_1_99
46,2,P02679_1_43
47,2,P02679_417_453
48,2,P02708_369_414
49,2,P02708_75_109
50,2,P02724_1_150
51,2,P02730_337_377
52,2,P02730_190_224
53,2,P02730_1_63
54,2,P02745_1_81
55,2,P02746_1_103
56,2,P02747_1_83
57,2,P02748_1_43
58,2,P02748_234_284
59,2,P02750_1_38
60,2,P02760_193_231
61,2,P02765_248_367
62,2,P02771_1_34
63,2,P02775_1_59
64,2,P02776_1_36
65,2,P02786_1_123
66,2,P02790_1_44
67,2,P02808_1_62
68,2,P02814_1_79
69,2,P02818_1_56
70,2,P03372_251_307
71,2,P03372_544_595
72,2,P03923_101_131
73,2,P03928_39_68
74,2,P03956_1_36
75,2,P03971_424_467
76,2,P03971_245_378
77,2,P03971_1_69
78,2,P03986_108_143
79,2,P03999_318_348
80,2,P04000_1_39
81,2,P04000_333_364
82,2,P04001_334_364
83,2,P04001_1_40
84,2,P04003_1_55
85,2,P04004_302_435
86,2,P04004_1_154
87,2,P04035_28_107
88,2,P04049_1_62
89,2,P04049_611_648
90,2,P04053_1_34
91,2,P04062_1_41
92,2,P04066_1_32
93,2,P04070_185_223
94,2,P04070_1_37
95,2,P04085_50_83
96,2,P04090_49_158
97,2,P04114_722_827
98,2,P04114_1_47
99,2,P04114_3830_3861
100,2,P04114_2664_2760
101,2,P04114_1200_1322
102,2,P04150_487_532
103,2,P04156_1_129
104,2,P04180_1_39
105,2,P04181_1_35
106,2,P04183_193_234
107,2,P04201_1_32
108,2,P04217_1_36
109,2,P04233_1_51
110,2,P04233_88_145
111,2,P04234_132_171
112,2,P04259_469_564
113,2,P04264_489_644
114,2,P04275_1458_1499
115,2,P04275_2322_2392
116,2,P04275_1232_1276
117,2,P04275_1857_1928
118,2,P04275_729_774
119,2,P04275_1_37
120,2,P04278_1_47
121,2,P04439_328_365
122,2,P04553_1_51
123,2,P04554_1_102
124,2,P04626_619_721
125,2,P04628_1_60
126,2,P04629_380_507
127,2,P04629_1_50
128,2,P04632_1_92
129,2,P04637_293_324
130,2,P04637_354_393
131,2,P04637_1_91
132,2,P04792_1_86
133,2,P04808_48_163
134,2,P04843_1_31
135,2,P04920_426_510
136,2,P04920_847_900
137,2,P04920_621_678
138,2,P04920_1210_1241
139,2,P04921_1_49
140,2,P04921_92_128
141,2,P05023_1_38
142,2,P05067_1_33
143,2,P05067_186_287
144,2,P05067_342_382
145,2,P05106_1_32
146,2,P05107_1_32
147,2,P05108_1_46
148,2,P05111_294_331
149,2,P05111_218_258
150,2,P05111_1_117
151,2,P05114_1_100
152,2,P05120_62_104
153,2,P05120_360_389
154,2,P05121_1_30
155,2,P05129_288_354
156,2,P05129_1_32
157,2,P05154_1_50
158,2,P05155_1_128
159,2,P05160_1_32
160,2,P05164_1_60
161,2,P05165_1_60
162,2,P05166_1_33
163,2,P05187_503_535
164,2,P05204_1_90
165,2,P05231_1_38
166,2,P05386_60_114
167,2,P05387_58_115
168,2,P05388_261_317
169,2,P05452_1_35
170,2,P05496_1_60
171,2,P05543_1_38
172,2,P05546_1_110
173,2,P05771_293_343
174,2,P05771_1_30
175,2,P05783_388_430
176,2,P05783_1_84
177,2,P05787_399_483
178,2,P05787_1_88
179,2,P05976_1_31
180,2,P05981_1_38
181,2,P05997_1_44
182,2,P06028_1_61
183,2,P06127_1_158
184,2,P06127_409_495
185,2,P06213_1_33
186,2,P06213_1305_1382
187,2,P06213_1173_1203
188,2,P06213_955_1021
189,2,P06213_675_800
190,2,P06239_1_66
191,2,P06241_1_88
192,2,P06307_1_115
193,2,P06396_1_56
194,2,P06400_342_377
195,2,P06400_785_928
196,2,P06400_1_55
197,2,P06400_589_647
198,2,P06401_632_689
199,2,P06454_1_111
200,2,P06576_1_63
201,2,P06681_211_248
202,2,P06727_346_396
203,2,P06727_1_72
204,2,P06729_249_351
205,2,P06731_1_38
206,2,P06731_672_702
207,2,P06748_122_247
208,2,P06756_1012_1048
209,2,P06756_1_34
210,2,P06756_861_902
211,2,P06850_1_160
212,2,P06899_1_31
213,2,P07101_1_112
214,2,P07196_1_81
215,2,P07196_396_543
216,2,P07197_1_99
217,2,P07199_126_222
218,2,P07202_859_933
219,2,P07202_1_46
220,2,P07204_467_575
221,2,P07225_1_57
222,2,P07237_474_508
223,2,P07305_99_194
224,2,P07306_1_39
225,2,P07307_1_70
226,2,P07332_393_451
227,2,P07333_505_577
228,2,P07333_675_751
229,2,P07333_792_821
230,2,P07333_915_972
231,2,P07339_1_79
232,2,P07357_1_37
233,2,P07357_233_282
234,2,P07357_374_427
235,2,P07358_1_62
236,2,P07358_374_411
237,2,P07476_1_91
238,2,P07492_1_148
239,2,P07510_350_437
240,2,P07550_341_413
241,2,P07585_1_52
242,2,P07602_377_422
243,2,P07602_270_324
244,2,P07602_141_199
245,2,P07686_1_37
246,2,P07766_153_207
247,2,P07766_1_36
248,2,P07814_941_1021
249,2,P07814_868_908
250,2,P07814_162_194
251,2,P07814_795_830
252,2,P07814_700_758
253,2,P07900_234_284
254,2,P07900_694_732
255,2,P07910_226_306
256,2,P07910_92_185
257,2,P07911_1_34
258,2,P07911_598_640
259,2,P07942_1_37
260,2,P07947_1_96
261,2,P07948_1_69
262,2,P07949_816_848
263,2,P07949_1_31
264,2,P07949_654_716
265,2,P07949_1009_1114
266,2,P07954_1_49
267,2,P07988_269_304
268,2,P07988_140_214
269,2,P07992_1_99
270,2,P07996_1_39
271,2,P08034_222_283
272,2,P08047_704_785
273,2,P08048_722_801
274,2,P08069_1149_1179
275,2,P08069_938_996
276,2,P08069_667_778
277,2,P08069_1_36
278,2,P08069_1281_1367
279,2,P08138_195_344
280,2,P08173_223_376
281,2,P08174_287_381
282,2,P08174_1_32
283,2,P08183_624_699
284,2,P08183_1_34
285,2,P08185_1_37
286,2,P08235_669_739
287,2,P08238_224_275
288,2,P08238_686_724
289,2,P08246_1_30
290,2,P08247_230_313
291,2,P08253_1_38
292,2,P08254_1_44
293,2,P08294_1_38
294,2,P08476_254_296
295,2,P08476_1_51
296,2,P08514_1_35
297,2,P08514_866_908
298,2,P08567_102_131
299,2,P08571_335_375
300,2,P08574_1_68
301,2,P08575_986_1019
302,2,P08575_594_624
303,2,P08575_1228_1306
304,2,P08579_101_150
305,2,P08581_1345_1390
306,2,P08581_933_1065
307,2,P08581_1_36
308,2,P08582_701_738
309,2,P08588_398_477
310,2,P08588_268_314
311,2,P08588_1_55
312,2,P08590_1_31
313,2,P08620_1_79
314,2,P08631_1_83
315,2,P08648_878_912
316,2,P08648_1_46
317,2,P08670_408_466
318,2,P08670_1_92
319,2,P08697_1_73
320,2,P08697_443_491
321,2,P08709_1_58
322,2,P08727_1_84
323,2,P08729_398_469
324,2,P08729_1_90
325,2,P08779_422_473
326,2,P08779_1_121
327,2,P08833_106_157
328,2,P08861_1_32
329,2,P08865_217_295
330,2,P08887_318_468
331,2,P08908_232_327
332,2,P08913_241_373
333,2,P08913_1_41
334,2,P08922_1_105
335,2,P08922_566_617
336,2,P08922_1306_1336
337,2,P08922_2221_2347
338,2,P08922_1794_1942
339,2,P08949_1_121
340,2,P08F94_1829_1926
341,2,P08F94_2267_2299
342,2,P08F94_3620_3674
343,2,P08F94_1_117
344,2,P09001_1_46
345,2,P09012_107_198
346,2,P09016_1_142
347,2,P09016_217_255
348,2,P09017_1_143
349,2,P09017_220_264
350,2,P09038_1_159
351,2,P09086_359_479
352,2,P09093_1_32
353,2,P09110_1_31
354,2,P09131_1_77
355,2,P09131_164_196
356,2,P09234_67_159
357,2,P09238_1_39
358,2,P09327_724_773
359,2,P09327_338_394
360,2,P09429_164_215
361,2,P09430_1_55
362,2,P09486_1_68
363,2,P09496_1_95
364,2,P09497_1_94
365,2,P09529_109_145
366,2,P09529_1_74
367,2,P09543_1_31
368,2,P09544_1_34
369,2,P09564_137_240
370,2,P09565_1_113
371,2,P09601_225_288
372,2,P09619_1_38
373,2,P09619_981_1106
374,2,P09619_699_795
375,2,P09619_541_586
376,2,P09622_1_37
377,2,P09629_1_129
378,2,P09630_203_235
379,2,P09630_1_131
380,2,P09661_226_255
381,2,P09681_94_134
382,2,P09681_1_54
383,2,P09683_1_121
384,2,P09693_143_182
385,2,P09758_1_34
386,2,P09769_1_83
387,2,P09848_1_66
388,2,P09848_268_364
389,2,P09848_838_878
390,2,P09848_1853_1927
391,2,P09874_196_232
392,2,P09874_85_115
393,2,P09874_349_395
394,2,P09874_473_537
395,2,P09884_803_843
396,2,P09912_1_130
397,2,P09919_1_30
398,2,P09923_498_528
399,2,P09958_672_794
400,2,P0C025_292_328
401,2,P0C091_1408_1471
402,2,P0C091_568_642
403,2,P0C091_927_974
404,2,P0C0E4_218_278
405,2,P0C0E4_1_63
406,2,P0C0L4_1401_1474
407,2,P0C0L4_1225_1259
408,2,P0C0L4_661_770
409,2,P0C0L5_660_770
410,2,P0C0L5_1225_1259
411,2,P0C0L5_1401_1474
412,2,P0C0P6_1_89
413,2,P0C1H6_1_60
414,2,P0C1S8_519_567
415,2,P0C1Z6_139_253
416,2,P0C1Z6_1_56
417,2,P0C221_301_350
418,2,P0C221_735_793
419,2,P0C221_542_586
420,2,P0C221_1_71
421,2,P0C264_309_359
422,2,P0C2L3_34_166
423,2,P0C2W1_1_40
424,2,P0C2Y1_1_32
425,2,P0C5K6_1_33
426,2,P0C5K7_1_136
427,2,P0C5Y4_1_121
428,2,P0C617_269_300
429,2,P0C617_1_37
430,2,P0C629_255_311
431,2,P0C6A0_166_201
432,2,P0C6A0_1_127
433,2,P0C6P0_1_100
434,2,P0C6S8_499_592
435,2,P0C7H8_1_128
436,2,P0C7H9_1_74
437,2,P0C7H9_380_530
438,2,P0C7I0_1_74
439,2,P0C7I0_380_530
440,2,P0C7I6_203_297
441,2,P0C7M3_34_94
442,2,P0C7M4_1_138
443,2,P0C7M4_203_288
444,2,P0C7M6_120_154
445,2,P0C7M7_1_35
446,2,P0C7M8_1_62
447,2,P0C7N4_215_273
448,2,P0C7N4_1_46
449,2,P0C7P2_1_107
450,2,P0C7P3_154_185
451,2,P0C7P3_344_388
452,2,P0C7P4_1_87
453,2,P0C7Q2_1_107
454,2,P0C7Q5_1_36
455,2,P0C7Q6_1_36
456,2,P0C7T5_581_689
457,2,P0C7T8_157_217
458,2,P0C7U0_242_323
459,2,P0C7U0_1_36
460,2,P0C7U3_287_371
461,2,P0C7V6_1_46
462,2,P0C7V8_567_631
463,2,P0C7V9_1_71
464,2,P0C7V9_200_234
465,2,P0C7W0_75_189
466,2,P0C7W0_1_35
467,2,P0C7X1_1_52
468,2,P0C7X2_1_31
469,2,P0C7X3_1_73
470,2,P0C7X4_140_201
471,2,P0C843_1_35
472,2,P0C851_1_56
473,2,P0C851_105_137
474,2,P0C853_1_105
475,2,P0C860_210_354
476,2,P0C860_1_98
477,2,P0C866_1_64
478,2,P0C869_514_565
479,2,P0C875_225_324
480,2,P0C879_1_139
481,2,P0C880_1_135
482,2,P0C881_638_760
483,2,P0C881_1_84
484,2,P0C881_820_870
485,2,P0C881_336_393
486,2,P0CAP1_1_93
487,2,P0CAP1_412_466
488,2,P0CAT3_1_122
489,2,P0CB47_300_393
490,2,P0CB47_170_221
491,2,P0CB48_173_228
492,2,P0CB48_307_400
493,2,P0CE67_1_100
494,2,P0CF75_1_35
495,2,P0CF97_1_70
496,2,P0CG20_460_571
497,2,P0CG23_614_659
498,2,P0CG23_303_335
499,2,P0CG23_1_156
500,2,P0CG23_384_483
501,2,P0CG32_1_47
502,2,P0CG33_275_304
503,2,P0CG33_1_76
504,2,P0CG34_1_45
505,2,P0CG35_1_45
506,2,P0CG36_155_223
507,2,P0CG36_1_89
508,2,P0CG37_1_89
509,2,P0CG37_156_223
510,2,P0CG38_1_132
511,2,P0CG39_1_96
512,2,P0CG41_1_46
513,2,P0CG41_273_316
514,2,P0CI01_277_334
515,2,P0CI25_296_382
516,2,P0CI26_293_382
517,2,P0CJ92_1_82
518,2,P0CK96_1_72
519,2,P0CL80_1_117
520,2,P0CL81_1_117
521,2,P0CL82_1_117
522,2,P0CV98_1_85
523,2,P0CV99_1_102
524,2,P0CW00_1_79
525,2,P0CW01_1_76
526,2,P0CW18_560_603
527,2,P0CW18_1_112
528,2,P0CW18_403_481
529,2,P0CW19_1_46
530,2,P0CW20_1_43
531,2,P0CW21_1_52
532,2,P0CW24_349_399
533,2,P0CW24_86_155
534,2,P0CW27_1_37
535,2,P0DH78_107_156
536,2,P0DJ93_39_91
537,2,P0DJH9_128_198
538,2,P0DJJ0_192_223
539,2,P0DKB5_1_35
540,2,P0DKB6_1_136
541,2,P0DKL9_1_36
542,2,P0DL12_1_118
543,2,P0DMB2_1_71
544,2,P0DME0_1_46
545,2,P0DME0_250_302
546,2,P0DMP2_193_222
547,2,P0DMQ5_1_153
548,2,P0DMQ9_1_111
549,2,P0DMR1_91_171
550,2,P0DMR1_208_293
551,2,P0DMS9_1_64
552,2,P0DMS9_183_266
553,2,P0DMU7_1_117
554,2,P0DMU8_1_117
555,2,P0DMU9_1_115
556,2,P0DMV0_1_117
557,2,P0DMV1_1_122
558,2,P0DMV2_1_121
559,2,P0DMV8_606_641
560,2,P0DMV9_604_641
561,2,P0DMW3_1_68
562,2,P0DMW4_1_78
563,2,P0DMW5_1_78
564,2,P0DN24_1_101
565,2,P0DN25_1_52
566,2,P0DN77_335_364
567,2,P0DN77_1_41
568,2,P0DN78_335_364
569,2,P0DN78_1_39
570,2,P0DN86_129_165
571,2,P0DN87_129_165
572,2,P0DO92_1_83
573,2,P0DO97_1_64
574,2,P0DO97_258_292
575,2,P0DP42_178_221
576,2,P0DP71_1_79
577,2,P0DP72_693_767
578,2,P0DP72_1_50
579,2,P0DP75_1_135
580,2,P0DPA2_292_414
581,2,P0DPA2_182_224
582,2,P0DPD6_1_106
583,2,P0DPD8_149_188
584,2,P0DPE3_1_115
585,2,P0DPE3_161_207
586,2,P0DPE3_243_317
587,2,P0DPF3_1_69
588,2,P0DPH9_1_62
589,2,P0DPI2_1_37
590,2,P0DPI3_239_272
591,2,P0DPI3_1_90
592,2,P0DPK2_1_31
593,2,P0DPP9_1_59
594,2,P0DQD5_1_39
595,2,P0DQD5_334_375
596,2,P0DSO2_1_92
597,2,P0DSO3_1_117
598,2,P0DTA3_1_102
599,2,P0DTE2_1_33
600,2,P0DTF9_1_154
601,2,P0DTW1_1_117
602,2,P0DUD1_1_100
603,2,P0DUD2_1_101
604,2,P0DUD3_1_100
605,2,P0DUD4_1_101
606,2,P10073_1_48
607,2,P10073_125_278
608,2,P10074_590_688
609,2,P10082_64_97
610,2,P10092_1_127
611,2,P10109_1_62
612,2,P10124_63_158
613,2,P10242_1_39
614,2,P10243_1_35
615,2,P10244_1_32
616,2,P10253_1_79
617,2,P10275_624_678
618,2,P10276_412_462
619,2,P10276_1_79
620,2,P10321_322_366
621,2,P10323_1_39
622,2,P10323_303_421
623,2,P10398_573_606
624,2,P10412_1_33
625,2,P10412_112_219
626,2,P10415_210_239
627,2,P10415_32_86
628,2,P10515_291_420
629,2,P10515_1_96
630,2,P10515_166_226
631,2,P10586_1237_1327
632,2,P10586_1145_1190
633,2,P10586_1021_1082
634,2,P10586_1_35
635,2,P10588_126_203
636,2,P10588_1_52
637,2,P10589_156_201
638,2,P10589_1_83
639,2,P10600_242_316
640,2,P10643_324_361
641,2,P10643_202_249
642,2,P10646_270_304
643,2,P10646_1_49
644,2,P10646_175_213
645,2,P10696_498_532
646,2,P10721_687_765
647,2,P10721_930_976
648,2,P10721_446_572
649,2,P10721_1_36
650,2,P10745_386_420
651,2,P10745_1_101
652,2,P10747_191_220
653,2,P10767_1_73
654,2,P10826_412_455
655,2,P10826_1_76
656,2,P10827_1_45
657,2,P10827_369_490
658,2,P10828_1_101
659,2,P10909_188_283
660,2,P10909_1_30
661,2,P10911_1_56
662,2,P10911_820_925
663,2,P10911_413_494
664,2,P10912_1_60
665,2,P10915_1_38
666,2,P11047_1_45
667,2,P11049_179_220
668,2,P11055_616_654
669,2,P11142_607_646
670,2,P11150_1_52
671,2,P11161_425_476
672,2,P11168_45_89
673,2,P11182_137_175
674,2,P11182_1_67
675,2,P11182_213_242
676,2,P11226_1_86
677,2,P11229_224_352
678,2,P11230_353_432
679,2,P11274_1211_1271
680,2,P11277_1_50
681,2,P11277_1365_1468
682,2,P11277_2061_2137
683,2,P11308_397_479
684,2,P11308_1_133
685,2,P11308_195_306
686,2,P11309_1_35
687,2,P11310_1_35
688,2,P11362_760_822
689,2,P11362_1_48
690,2,P11362_380_470
691,2,P11362_115_155
692,2,P11388_1_34
693,2,P11388_1087_1130
694,2,P11464_1_37
695,2,P11465_1_35
696,2,P11473_156_224
697,2,P11474_154_201
698,2,P11474_1_81
699,2,P11487_1_41
700,2,P11487_197_239
701,2,P11498_1_36
702,2,P11511_1_35
703,2,P11532_1959_2003
704,2,P11532_246_347
705,2,P11532_2869_2903
706,2,P11532_2405_2475
707,2,P11532_661_729
708,2,P11678_1_32
709,2,P11686_143_197
710,2,P11686_1_91
711,2,P11717_1629_1701
712,2,P11717_1_55
713,2,P11801_1_89
714,2,P11801_376_424
715,2,P11831_1_135
716,2,P11836_1_45
717,2,P11836_222_297
718,2,P11912_182_226
719,2,P11926_420_461
720,2,P12034_226_268
721,2,P12034_1_86
722,2,P12035_508_628
723,2,P12036_1_97
724,2,P12107_1_39
725,2,P12109_1_37
726,2,P12110_1_51
727,2,P12111_3072_3117
728,2,P12111_809_838
729,2,P12111_1_44
730,2,P12111_418_447
731,2,P12111_1608_1640
732,2,P12259_448_480
733,2,P12259_1_44
734,2,P12259_1776_1808
735,2,P12270_499_562
736,2,P12270_1156_1204
737,2,P12270_1_33
738,2,P12270_346_398
739,2,P12270_609_678
740,2,P12270_897_946
741,2,P12272_73_177
742,2,P12314_320_374
743,2,P12318_1_31
744,2,P12318_244_317
745,2,P12532_1_45
746,2,P12643_1_53
747,2,P12644_1_57
748,2,P12645_244_363
749,2,P12645_134_166
750,2,P12645_1_103
751,2,P12694_1_48
752,2,P12755_1_99
753,2,P12757_1_142
754,2,P12814_1_32
755,2,P12821_1_32
756,2,P12830_1_35
757,2,P12830_112_158
758,2,P12838_1_59
759,2,P12872_1_115
760,2,P12882_195_224
761,2,P12882_617_658
762,2,P12883_617_653
763,2,P12931_1_89
764,2,P12956_1_41
765,2,P12956_532_609
766,2,P12980_1_141
767,2,P12980_223_280
768,2,P13010_686_732
769,2,P13010_542_598
770,2,P13051_1_67
771,2,P13056_1_112
772,2,P13164_1_84
773,2,P13196_609_640
774,2,P13232_1_30
775,2,P13232_111_147
776,2,P13284_1_55
777,2,P13349_149_255
778,2,P13349_1_71
779,2,P13378_258_290
780,2,P13385_150_188
781,2,P13385_1_76
782,2,P13473_189_218
783,2,P13473_1_30
784,2,P13497_1_130
785,2,P13498_139_195
786,2,P13533_618_656
787,2,P13535_618_656
788,2,P13569_1167_1210
789,2,P13569_1433_1480
790,2,P13569_883_914
791,2,P13569_399_445
792,2,P13591_706_858
793,2,P13611_1_43
794,2,P13611_3349_3396
795,2,P13612_999_1032
796,2,P13612_1_36
797,2,P13631_415_454
798,2,P13631_1_81
799,2,P13645_450_584
800,2,P13645_1_151
801,2,P13646_409_458
802,2,P13646_1_107
803,2,P13647_476_590
804,2,P13667_1_58
805,2,P13671_751_786
806,2,P13671_612_645
807,2,P13671_249_303
808,2,P13688_1_31
809,2,P13688_440_526
810,2,P13725_215_252
811,2,P13726_1_36
812,2,P13727_1_88
813,2,P13747_317_358
814,2,P13796_85_121
815,2,P13797_87_125
816,2,P13805_1_60
817,2,P13807_627_737
818,2,P13861_41_102
819,2,P13866_570_625
820,2,P13866_1_34
821,2,P13942_1_33
822,2,P13945_243_283
823,2,P13945_361_408
824,2,P13945_1_35
825,2,P13994_248_396
826,2,P13995_1_35
827,2,P14061_287_328
828,2,P14091_1_73
829,2,P14136_374_432
830,2,P14136_1_61
831,2,P14151_337_372
832,2,P14151_1_37
833,2,P14210_1_41
834,2,P14314_275_355
835,2,P14317_197_237
836,2,P14317_1_41
837,2,P14324_1_80
838,2,P14384_408_443
839,2,P14410_1_66
840,2,P14416_231_365
841,2,P14416_1_35
842,2,P14543_1_35
843,2,P14543_270_396
844,2,P14543_674_752
845,2,P14543_912_943
846,2,P14598_334_390
847,2,P14616_1261_1297
848,2,P14616_1129_1159
849,2,P14616_909_977
850,2,P14616_654_766
851,2,P14616_1_33
852,2,P14625_1_64
853,2,P14625_287_328
854,2,P14625_754_803
855,2,P14635_1_154
856,2,P14649_1_52
857,2,P14652_1_142
858,2,P14652_208_356
859,2,P14653_271_301
860,2,P14678_95_240
861,2,P14679_497_529
862,2,P14735_1_47
863,2,P14778_530_569
864,2,P14780_447_516
865,2,P14780_1_45
866,2,P14866_282_379
867,2,P14866_1_103
868,2,P14867_1_35
869,2,P14867_344_413
870,2,P14921_1_51
871,2,P14923_666_745
872,2,P14923_1_115
873,2,P15018_1_35
874,2,P15036_1_86
875,2,P15056_1_53
876,2,P15056_95_160
877,2,P15056_723_766
878,2,P15144_1_68
879,2,P15151_367_417
880,2,P15169_421_458
881,2,P15170_1_76
882,2,P15172_174_320
883,2,P15172_1_96
884,2,P15173_1_66
885,2,P15173_151_224
886,2,P15291_1_121
887,2,P15311_455_509
888,2,P15336_424_505
889,2,P15382_88_129
890,2,P15391_1_30
891,2,P15391_125_170
892,2,P15407_176_271
893,2,P15407_1_97
894,2,P15408_197_326
895,2,P15408_1_116
896,2,P15421_1_49
897,2,P15498_562_600
898,2,P15509_352_400
899,2,P15509_1_37
900,2,P15514_1_144
901,2,P15515_1_57
902,2,P15516_1_51
903,2,P15529_288_392
904,2,P15538_1_37
905,2,P15586_1_44
906,2,P15692_138_192
907,2,P15735_345_406
908,2,P15812_1_37
909,2,P15812_329_388
910,2,P15814_1_90
911,2,P15848_1_38
912,2,P15863_1_101
913,2,P15880_1_60
914,2,P15882_143_202
915,2,P15884_630_667
916,2,P15907_1_92
917,2,P15918_1_107
918,2,P15918_1007_1043
919,2,P15918_198_267
920,2,P15923_616_654
921,2,P15924_2804_2871
922,2,P15924_1926_1967
923,2,P15924_621_671
924,2,P15924_149_185
925,2,P15924_1_81
926,2,P15927_172_205
927,2,P15927_1_43
928,2,P15941_1137_1255
929,2,P15976_308_413
930,2,P16066_510_561
931,2,P16066_1_34
932,2,P16109_1_34
933,2,P16109_759_830
934,2,P16112_345_484
935,2,P16112_1_35
936,2,P16112_2501_2530
937,2,P16118_1_42
938,2,P16144_1723_1822
939,2,P16144_1609_1655
940,2,P16144_1092_1135
941,2,P16144_927_974
942,2,P16144_1_32
943,2,P16157_1352_1409
944,2,P16219_1_32
945,2,P16234_1_32
946,2,P16234_688_789
947,2,P16234_973_1089
948,2,P16260_1_38
949,2,P16278_641_677
950,2,P16284_617_738
951,2,P16298_380_524
952,2,P16389_1_31
953,2,P16389_420_499
954,2,P16389_187_220
955,2,P16401_114_226
956,2,P16401_1_36
957,2,P16402_112_221
958,2,P16402_1_34
959,2,P16403_1_34
960,2,P16403_112_213
961,2,P16410_1_30
962,2,P16415_35_176
963,2,P16435_1_70
964,2,P16442_1_66
965,2,P16455_176_207
966,2,P16473_289_404
967,2,P16473_1_31
968,2,P16473_619_764
969,2,P16499_831_860
970,2,P16519_1_30
971,2,P16581_543_610
972,2,P16591_393_458
973,2,P16615_985_1042
974,2,P16860_1_134
975,2,P16870_1_49
976,2,P16871_1_35
977,2,P16885_900_933
978,2,P16885_467_532
979,2,P16885_735_778
980,2,P16989_1_84
981,2,P17017_1_156
982,2,P17019_1_93
983,2,P17022_1_41
984,2,P17023_424_458
985,2,P17026_187_224
986,2,P17026_1_48
987,2,P17028_126_250
988,2,P17028_1_56
989,2,P17029_1_59
990,2,P17030_1_148
991,2,P17036_415_446
992,2,P17038_779_809
993,2,P17039_60_156
994,2,P17040_1_58
995,2,P17040_807_884
996,2,P17041_1_77
997,2,P17066_607_643
998,2,P17096_1_107
999,2,P17097_599_641
1000,2,P17097_372_417
1001,2,P17098_420_575
1002,2,P17152_1_36
1003,2,P17181_1_37
1004,2,P17181_465_557
1005,2,P17213_1_34
1006,2,P17252_292_339
1007,2,P17301_1_32
1008,2,P17301_1144_1181
1009,2,P17302_237_382
1010,2,P17342_452_488
1011,2,P17342_1_49
1012,2,P17405_1_89
1013,2,P17480_378_416
1014,2,P17480_650_764
1015,2,P17481_1_137
1016,2,P17483_1_151
1017,2,P17509_1_137
1018,2,P17540_1_43
1019,2,P17542_255_331
1020,2,P17544_404_483
1021,2,P17600_1_114
1022,2,P17643_504_537
1023,2,P17658_467_529
1024,2,P17658_1_43
1025,2,P17658_196_263
1026,2,P17661_1_98
1027,2,P17661_412_470
1028,2,P17706_292_358
1029,2,P17735_1_41
1030,2,P17787_354_428
1031,2,P17812_558_591
1032,2,P17813_326_356
1033,2,P17813_565_658
1034,2,P17844_475_614
1035,2,P17844_1_44
1036,2,P17861_141_261
1037,2,P17861_1_64
1038,2,P17931_1_112
1039,2,P17936_119_216
1040,2,P17936_1_36
1041,2,P17948_1036_1066
1042,2,P17948_1_38
1043,2,P17948_762_821
1044,2,P17948_925_997
1045,2,P17980_1_33
1046,2,P18031_301_435
1047,2,P18065_1_54
1048,2,P18065_133_240
1049,2,P18074_287_318
1050,2,P18075_1_51
1051,2,P18075_284_329
1052,2,P18075_85_132
1053,2,P18084_1_41
1054,2,P18084_762_799
1055,2,P18146_423_543
1056,2,P18206_844_965
1057,2,P18505_336_449
1058,2,P18505_1_31
1059,2,P18507_362_437
1060,2,P18507_1_67
1061,2,P18510_1_30
1062,2,P18545_1_87
1063,2,P18564_749_788
1064,2,P18564_1_38
1065,2,P18583_2266_2375
1066,2,P18615_334_380
1067,2,P18627_1_102
1068,2,P18627_424_525
1069,2,P18825_242_365
1070,2,P18825_1_47
1071,2,P18827_281_310
1072,2,P18847_1_79
1073,2,P18850_634_670
1074,2,P18887_400_539
1075,2,P19012_1_109
1076,2,P19012_413_456
1077,2,P19013_1_137
1078,2,P19013_445_520
1079,2,P19021_348_504
1080,2,P19021_1_53
1081,2,P19022_1_40
1082,2,P19022_114_165
1083,2,P19099_1_39
1084,2,P19174_760_801
1085,2,P19174_518_552
1086,2,P19174_1212_1290
1087,2,P19235_1_35
1088,2,P19237_120_187
1089,2,P19256_221_250
1090,2,P19320_686_739
1091,2,P19338_462_492
1092,2,P19338_639_710
1093,2,P19404_1_39
1094,2,P19429_1_33
1095,2,P19429_150_210
1096,2,P19438_1_42
1097,2,P19438_237_360
1098,2,P19447_198_271
1099,2,P19447_1_51
1100,2,P19447_722_782
1101,2,P19484_333_476
1102,2,P19525_73_113
1103,2,P19525_163_256
1104,2,P19526_1_70
1105,2,P19532_442_575
1106,2,P19634_1_103
1107,2,P19793_1_131
1108,2,P19823_1_70
1109,2,P19823_636_706
1110,2,P19827_1_46
1111,2,P19827_631_677
1112,2,P19838_356_504
1113,2,P19838_882_968
1114,2,P19838_1_46
1115,2,P19878_421_463
1116,2,P19878_291_357
1117,2,P19878_201_246
1118,2,P19957_1_70
1119,2,P19971_1_30
1120,2,P20020_120_166
1121,2,P20020_285_369
1122,2,P20020_1_36
1123,2,P20020_1061_1220
1124,2,P20023_650_704
1125,2,P20023_470_512
1126,2,P20023_975_1033
1127,2,P20138_236_364
1128,2,P20142_1_63
1129,2,P20226_1_57
1130,2,P20226_89_155
1131,2,P20231_1_31
1132,2,P20264_465_500
1133,2,P20265_413_443
1134,2,P20273_700_847
1135,2,P20290_165_206
1136,2,P20290_1_65
1137,2,P20309_1_61
1138,2,P20336_190_220
1139,2,P20337_190_219
1140,2,P20339_184_215
1141,2,P20340_177_208
1142,2,P20366_1_129
1143,2,P20393_1_131
1144,2,P20585_1030_1061
1145,2,P20591_1_54
1146,2,P20592_591_627
1147,2,P20592_1_102
1148,2,P20594_440_545
1149,2,P20648_1_49
1150,2,P20674_1_33
1151,2,P20700_386_435
1152,2,P20700_1_34
1153,2,P20700_542_586
1154,2,P20701_727_761
1155,2,P20701_1113_1170
1156,2,P20701_1_32
1157,2,P20702_1128_1163
1158,2,P20742_622_743
1159,2,P20742_1_30
1160,2,P20749_1_120
1161,2,P20749_361_454
1162,2,P20774_1_92
1163,2,P20783_1_143
1164,2,P20807_271_326
1165,2,P20807_1_59
1166,2,P20807_583_655
1167,2,P20809_1_31
1168,2,P20810_622_708
1169,2,P20823_175_204
1170,2,P20823_25_90
1171,2,P20827_146_205
1172,2,P20848_1_55
1173,2,P20849_1_51
1174,2,P20851_1_31
1175,2,P20908_1_44
1176,2,P20916_520_626
1177,2,P20941_1_66
1178,2,P20962_1_102
1179,2,P21127_742_795
1180,2,P21127_1_131
1181,2,P21128_55_95
1182,2,P21217_1_62
1183,2,P21246_138_168
1184,2,P21246_1_45
1185,2,P21281_1_35
1186,2,P21283_342_382
1187,2,P21291_68_122
1188,2,P21333_1_43
1189,2,P21359_1106_1139
1190,2,P21359_1370_1405
1191,2,P21359_1499_1581
1192,2,P21359_447_491
1193,2,P21359_2451_2606
1194,2,P21359_612_684
1195,2,P21359_2737_2839
1196,2,P21359_789_894
1197,2,P21439_625_699
1198,2,P21439_1_42
1199,2,P21452_1_30
1200,2,P21452_336_398
1201,2,P21453_324_382
1202,2,P21462_311_350
1203,2,P21554_403_472
1204,2,P21554_1_102
1205,2,P21579_1_48
1206,2,P21579_79_142
1207,2,P21583_158_273
1208,2,P21675_969_1003
1209,2,P21709_1_34
1210,2,P21709_555_611
1211,2,P21709_890_925
1212,2,P21728_161_194
1213,2,P21728_346_446
1214,2,P21730_316_350
1215,2,P21741_1_40
1216,2,P21754_325_424
1217,2,P21754_1_44
1218,2,P21757_274_351
1219,2,P21781_1_62
1220,2,P21802_383_474
1221,2,P21802_118_157
1222,2,P21802_764_821
1223,2,P21802_1_57
1224,2,P21810_1_62
1225,2,P21817_2823_2859
1226,2,P21817_2032_2096
1227,2,P21817_4580_4640
1228,2,P21817_3561_3632
1229,2,P21817_3463_3511
1230,2,P21817_1870_1928
1231,2,P21817_1298_1427
1232,2,P21854_287_323
1233,2,P21854_1_96
1234,2,P21860_1_34
1235,2,P21860_628_705
1236,2,P21917_236_342
1237,2,P21918_373_477
1238,2,P21918_178_226
1239,2,P21918_1_35
1240,2,P21941_439_471
1241,2,P21941_1_41
1242,2,P21953_1_55
1243,2,P22001_1_104
1244,2,P22001_257_294
1245,2,P22001_490_575
1246,2,P22003_1_48
1247,2,P22003_84_153
1248,2,P22003_307_354
1249,2,P22004_363_413
1250,2,P22033_1_37
1251,2,P22059_1_98
1252,2,P22059_309_420
1253,2,P22083_1_154
1254,2,P22087_1_90
1255,2,P22105_2604_2635
1256,2,P22105_1962_1992
1257,2,P22105_2070_2101
1258,2,P22105_2275_2308
1259,2,P22105_2495_2528
1260,2,P22105_1345_1379
1261,2,P22105_921_972
1262,2,P22105_673_711
1263,2,P22105_1857_1888
1264,2,P22105_2710_2742
1265,2,P22105_3142_3172
1266,2,P22105_2818_2850
1267,2,P22105_3035_3066
1268,2,P22105_3532_3563
1269,2,P22105_2386_2415
1270,2,P22223_1_114
1271,2,P22303_1_34
1272,2,P22304_1_34
1273,2,P22314_1_53
1274,2,P22413_1_91
1275,2,P22455_1_52
1276,2,P22455_112_149
1277,2,P22455_748_802
1278,2,P22455_382_460
1279,2,P22459_333_369
1280,2,P22459_572_653
1281,2,P22460_1_119
1282,2,P22460_526_613
1283,2,P22460_281_319
1284,2,P22466_1_123
1285,2,P22492_115_207
1286,2,P22492_1_40
1287,2,P22528_1_89
1288,2,P22557_1_133
1289,2,P22570_1_37
1290,2,P22607_380_464
1291,2,P22607_756_806
1292,2,P22607_122_155
1293,2,P22607_1_57
1294,2,P22626_194_353
1295,2,P22670_516_572
1296,2,P22670_906_979
1297,2,P22674_1_95
1298,2,P22681_1_53
1299,2,P22692_124_178
1300,2,P22695_1_34
1301,2,P22735_1_108
1302,2,P22735_787_817
1303,2,P22749_1_55
1304,2,P22792_439_545
1305,2,P22830_1_66
1306,2,P22888_1_30
1307,2,P22888_643_699
1308,2,P22888_277_347
1309,2,P22891_1_43
1310,2,P22894_1_35
1311,2,P22897_1354_1456
1312,2,P23025_1_98
1313,2,P23109_1_148
1314,2,P23142_136_184
1315,2,P23142_1_43
1316,2,P23193_72_134
1317,2,P23219_1_30
1318,2,P23229_1076_1130
1319,2,P23229_926_969
1320,2,P23229_239_297
1321,2,P23246_592_707
1322,2,P23276_1_47
1323,2,P23352_518_602
1324,2,P23352_650_680
1325,2,P23352_1_48
1326,2,P23352_392_440
1327,2,P23378_1_53
1328,2,P23381_56_89
1329,2,P23409_1_77
1330,2,P23409_162_242
1331,2,P23415_344_411
1332,2,P23416_358_408
1333,2,P23416_1_48
1334,2,P23434_1_43
1335,2,P23435_1_65
1336,2,P23443_1_86
1337,2,P23443_413_525
1338,2,P23458_1_38
1339,2,P23458_314_363
1340,2,P23467_1966_1997
1341,2,P23467_1605_1688
1342,2,P23467_1_70
1343,2,P23468_1243_1332
1344,2,P23469_1_113
1345,2,P23470_1410_1445
1346,2,P23470_321_350
1347,2,P23470_1_65
1348,2,P23471_2285_2315
1349,2,P23471_1_44
1350,2,P23497_844_879
1351,2,P23497_670_708
1352,2,P23497_1_48
1353,2,P23508_516_564
1354,2,P23508_283_378
1355,2,P23508_678_721
1356,2,P23508_100_172
1357,2,P23560_1_102
1358,2,P23582_1_126
1359,2,P23610_211_267
1360,2,P23610_1_30
1361,2,P23634_1_32
1362,2,P23634_280_359
1363,2,P23634_115_161
1364,2,P23743_336_370
1365,2,P23743_86_203
1366,2,P23759_1_36
1367,2,P23759_158_218
1368,2,P23760_165_221
1369,2,P23760_1_35
1370,2,P23763_1_55
1371,2,P23769_403_480
1372,2,P23771_369_443
1373,2,P23786_1_32
1374,2,P23921_749_792
1375,2,P23942_309_346
1376,2,P23945_281_347
1377,2,P23945_643_695
1378,2,P23975_1_55
1379,2,P24001_205_234
1380,2,P24001_1_61
1381,2,P24043_2704_2758
1382,2,P24043_1_43
1383,2,P24046_1_78
1384,2,P24046_379_457
1385,2,P24071_257_287
1386,2,P24347_1_92
1387,2,P24347_256_293
1388,2,P24386_105_216
1389,2,P24386_613_653
1390,2,P24387_1_51
1391,2,P24468_1_76
1392,2,P24468_149_194
1393,2,P24522_100_129
1394,2,P24530_400_442
1395,2,P24530_1_89
1396,2,P24534_73_128
1397,2,P24539_1_45
1398,2,P24592_108_167
1399,2,P24592_1_61
1400,2,P24593_112_195
1401,2,P24723_216_249
1402,2,P24723_133_174
1403,2,P24723_303_356
1404,2,P24821_1146_1186
1405,2,P24864_1_104
1406,2,P24928_153_186
1407,2,P25021_307_359
1408,2,P25024_1_36
1409,2,P25025_1_42
1410,2,P25054_236_324
1411,2,P25054_55_134
1412,2,P25063_1_80
1413,2,P25089_313_353
1414,2,P25090_316_351
1415,2,P25092_1_40
1416,2,P25092_1023_1073
1417,2,P25092_440_513
1418,2,P25100_420_572
1419,2,P25100_289_337
1420,2,P25100_1_93
1421,2,P25101_381_427
1422,2,P25101_1_76
1423,2,P25103_325_407
1424,2,P25105_311_342
1425,2,P25106_1_34
1426,2,P25116_380_425
1427,2,P25116_1_94
1428,2,P25189_198_248
1429,2,P25205_502_561
1430,2,P25208_1_52
1431,2,P25208_146_207
1432,2,P25391_2667_2708
1433,2,P25440_709_801
1434,2,P25440_187_344
1435,2,P25440_1_63
1436,2,P25445_194_229
1437,2,P25445_1_56
1438,2,P25685_66_157
1439,2,P25686_68_166
1440,2,P25686_219_324
1441,2,P25705_1_62
1442,2,P25713_1_68
1443,2,P25874_1_134
1444,2,P25929_1_33
1445,2,P25929_328_384
1446,2,P25940_1_41
1447,2,P25942_218_277
1448,2,P25963_1_48
1449,2,P25963_282_317
1450,2,P26006_1021_1051
1451,2,P26006_853_904
1452,2,P26006_1_35
1453,2,P26010_1_50
1454,2,P26010_767_798
1455,2,P26012_632_769
1456,2,P26012_1_54
1457,2,P26012_466_515
1458,2,P26022_1_131
1459,2,P26038_401_501
1460,2,P26045_1_30
1461,2,P26045_585_636
1462,2,P26196_1_77
1463,2,P26232_898_953
1464,2,P26232_790_863
1465,2,P26232_627_675
1466,2,P26232_1_59
1467,2,P26358_586_657
1468,2,P26358_1104_1135
1469,2,P26367_137_209
1470,2,P26367_274_422
1471,2,P26368_1_142
1472,2,P26368_331_377
1473,2,P26374_107_218
1474,2,P26374_615_656
1475,2,P26378_1_50
1476,2,P26378_215_305
1477,2,P26440_1_37
1478,2,P26572_1_102
1479,2,P26583_163_209
1480,2,P26599_274_341
1481,2,P26599_140_187
1482,2,P26599_1_63
1483,2,P26639_1_48
1484,2,P26640_206_281
1485,2,P26641_218_282
1486,2,P26651_1_99
1487,2,P26651_172_326
1488,2,P26715_1_113
1489,2,P26717_1_110
1490,2,P26718_1_55
1491,2,P26842_126_260
1492,2,P26927_444_486
1493,2,P26951_333_378
1494,2,P26992_305_372
1495,2,P27037_116_196
1496,2,P27037_1_33
1497,2,P27105_1_30
1498,2,P27361_1_31
1499,2,P27448_1_54
1500,2,P27539_1_105
1501,2,P27540_1_85
1502,2,P27540_228_351
1503,2,P27544_321_350
1504,2,P27694_116_186
1505,2,P27695_1_43
1506,2,P27708_1807_1926
1507,2,P27815_288_349
1508,2,P27824_499_592
1509,2,P27824_1_63
1510,2,P27930_369_398
1511,2,P27986_288_331
1512,2,P27986_82_119
1513,2,P28039_1_41
1514,2,P28062_1_58
1515,2,P28067_1_33
1516,2,P28069_1_124
1517,2,P28070_1_44
1518,2,P28074_1_57
1519,2,P28221_227_288
1520,2,P28221_1_31
1521,2,P28222_1_40
1522,2,P28222_239_297
1523,2,P28223_273_312
1524,2,P28223_1_71
1525,2,P28223_409_471
1526,2,P28288_403_432
1527,2,P28288_1_64
1528,2,P28328_215_248
1529,2,P28329_1_131
1530,2,P28330_1_35
1531,2,P28331_1_31
1532,2,P28335_1_54
1533,2,P28335_248_300
1534,2,P28335_387_458
1535,2,P28336_1_39
1536,2,P28336_337_390
1537,2,P28340_1_79
1538,2,P28347_114_202
1539,2,P28347_1_48
1540,2,P28360_247_303
1541,2,P28370_707_783
1542,2,P28370_641_671
1543,2,P28370_358_390
1544,2,P28472_1_31
1545,2,P28472_348_446
1546,2,P28476_1_57
1547,2,P28476_358_442
1548,2,P28562_136_169
1549,2,P28562_311_367
1550,2,P28566_217_286
1551,2,P28676_1_56
1552,2,P28698_457_494
1553,2,P28698_1_47
1554,2,P28702_292_336
1555,2,P28715_119_185
1556,2,P28749_329_380
1557,2,P28749_968_1068
1558,2,P28749_884_928
1559,2,P28799_1_63
1560,2,P28799_488_525
1561,2,P28838_1_35
1562,2,P28906_316_385
1563,2,P28908_153_246
1564,2,P29074_596_642
1565,2,P29084_1_130
1566,2,P29084_241_291
1567,2,P29120_606_753
1568,2,P29122_635_699
1569,2,P29122_934_969
1570,2,P29122_1_68
1571,2,P29144_1134_1165
1572,2,P29144_995_1025
1573,2,P29274_309_412
1574,2,P29279_162_199
1575,2,P29317_1_33
1576,2,P29317_520_598
1577,2,P29317_881_916
1578,2,P29320_887_983
1579,2,P29320_1_33
1580,2,P29320_530_604
1581,2,P29322_1_36
1582,2,P29322_540_637
1583,2,P29322_898_941
1584,2,P29323_529_603
1585,2,P29323_970_1055
1586,2,P29323_885_920
1587,2,P29323_761_794
1588,2,P29350_527_595
1589,2,P29353_1_148
1590,2,P29371_1_81
1591,2,P29371_383_465
1592,2,P29372_1_80
1593,2,P29374_114_173
1594,2,P29374_271_310
1595,2,P29374_1225_1257
1596,2,P29375_1292_1440
1597,2,P29375_1082_1127
1598,2,P29375_167_300
1599,2,P29375_1654_1690
1600,2,P29375_1470_1618
1601,2,P29376_788_864
1602,2,P29376_1_71
1603,2,P29376_399_506
1604,2,P29459_1_33
1605,2,P29459_83_116
1606,2,P29466_283_326
1607,2,P29466_83_134
1608,2,P29474_589_646
1609,2,P29474_1_109
1610,2,P29474_477_522
1611,2,P29474_1166_1203
1612,2,P29475_722_761
1613,2,P29475_837_884
1614,2,P29536_490_570
1615,2,P29558_1_58
1616,2,P29590_1_56
1617,2,P29590_838_882
1618,2,P29597_607_642
1619,2,P29597_279_380
1620,2,P29597_1_31
1621,2,P29597_864_895
1622,2,P29622_1_50
1623,2,P29692_116_185
1624,2,P29728_682_719
1625,2,P29965_62_120
1626,2,P29973_1_154
1627,2,P30040_1_36
1628,2,P30044_1_51
1629,2,P30048_1_60
1630,2,P30049_1_32
1631,2,P30084_1_30
1632,2,P30154_1_31
1633,2,P30203_1_47
1634,2,P30260_769_824
1635,2,P30273_56_86
1636,2,P30281_257_292
1637,2,P30291_616_646
1638,2,P30405_1_41
1639,2,P30411_354_391
1640,2,P30411_1_54
1641,2,P30419_1_103
1642,2,P30518_1_37
1643,2,P30518_236_266
1644,2,P30518_338_371
1645,2,P30519_247_316
1646,2,P30530_1_41
1647,2,P30530_416_524
1648,2,P30530_809_894
1649,2,P30531_1_42
1650,2,P30532_355_397
1651,2,P30532_1_44
1652,2,P30533_119_153
1653,2,P30533_1_52
1654,2,P30550_336_384
1655,2,P30550_1_41
1656,2,P30556_310_359
1657,2,P30559_1_38
1658,2,P30559_343_389
1659,2,P30613_1_57
1660,2,P30622_521_557
1661,2,P30622_1287_1438
1662,2,P30622_791_831
1663,2,P30622_278_361
1664,2,P30622_1_60
1665,2,P30622_125_214
1666,2,P30622_1083_1121
1667,2,P30622_1176_1213
1668,2,P30626_1_33
1669,2,P30793_1_55
1670,2,P30825_430_489
1671,2,P30872_338_391
1672,2,P30872_1_55
1673,2,P30874_328_369
1674,2,P30874_1_40
1675,2,P30926_345_421
1676,2,P30939_224_275
1677,2,P30988_422_474
1678,2,P30988_1_45
1679,2,P30989_377_418
1680,2,P30989_1_52
1681,2,P31040_1_48
1682,2,P31267_1_146
1683,2,P31268_1_121
1684,2,P31268_193_230
1685,2,P31273_1_142
1686,2,P31314_297_330
1687,2,P31321_66_97
1688,2,P31323_41_117
1689,2,P31327_1_46
1690,2,P31350_1_70
1691,2,P31350_346_389
1692,2,P31358_1_61
1693,2,P31371_1_53
1694,2,P31391_324_388
1695,2,P31391_1_46
1696,2,P31415_1_36
1697,2,P31431_1_138
1698,2,P31483_283_386
1699,2,P31512_509_558
1700,2,P31639_569_637
1701,2,P31639_1_31
1702,2,P31641_1_39
1703,2,P31641_586_620
1704,2,P31644_362_422
1705,2,P31644_1_45
1706,2,P31645_1_82
1707,2,P31689_367_397
1708,2,P31689_66_102
1709,2,P31749_441_480
1710,2,P31749_112_151
1711,2,P31751_108_153
1712,2,P31751_442_481
1713,2,P31785_1_55
1714,2,P31785_295_369
1715,2,P31930_1_38
1716,2,P31937_1_39
1717,2,P31942_264_346
1718,2,P31942_89_199
1719,2,P31943_182_295
1720,2,P31943_354_449
1721,2,P31948_180_219
1722,2,P31994_1_39
1723,2,P31994_250_310
1724,2,P31995_252_323
1725,2,P31995_1_39
1726,2,P31997_1_32
1727,2,P31997_320_349
1728,2,P32004_1_36
1729,2,P32121_347_409
1730,2,P32238_249_299
1731,2,P32238_1_36
1732,2,P32238_381_428
1733,2,P32239_407_447
1734,2,P32239_1_49
1735,2,P32239_255_324
1736,2,P32241_408_457
1737,2,P32241_327_358
1738,2,P32241_1_42
1739,2,P32242_1_34
1740,2,P32243_1_33
1741,2,P32245_1_46
1742,2,P32246_320_355
1743,2,P32247_344_399
1744,2,P32247_1_46
1745,2,P32248_342_378
1746,2,P32248_1_47
1747,2,P32297_351_440
1748,2,P32298_525_578
1749,2,P32302_1_44
1750,2,P32302_334_372
1751,2,P32314_1_110
1752,2,P32322_274_319
1753,2,P32418_251_407
1754,2,P32418_626_760
1755,2,P32418_1_61
1756,2,P32745_320_418
1757,2,P32745_1_41
1758,2,P32780_141_181
1759,2,P32780_239_356
1760,2,P32926_1_55
1761,2,P32942_1_32
1762,2,P32942_506_547
1763,2,P32971_1_87
1764,2,P33032_1_40
1765,2,P33121_1_30
1766,2,P33151_1_57
1767,2,P33176_900_963
1768,2,P33176_381_427
1769,2,P33176_556_594
1770,2,P33176_672_704
1771,2,P33176_799_836
1772,2,P33316_1_109
1773,2,P33402_1_153
1774,2,P33402_696_732
1775,2,P33527_862_958
1776,2,P33527_264_316
1777,2,P33897_1_75
1778,2,P33897_716_745
1779,2,P33897_432_463
1780,2,P33908_1_129
1781,2,P33981_1_59
1782,2,P33981_798_857
1783,2,P33981_666_700
1784,2,P33992_646_676
1785,2,P33992_1_33
1786,2,P33993_296_331
1787,2,P33993_99_128
1788,2,P34130_1_87
1789,2,P34741_1_139
1790,2,P34810_1_152
1791,2,P34820_253_302
1792,2,P34820_1_46
1793,2,P34897_1_41
1794,2,P34903_1_65
1795,2,P34903_368_452
1796,2,P34925_191_228
1797,2,P34925_1_66
1798,2,P34925_255_313
1799,2,P34931_608_641
1800,2,P34932_784_840
1801,2,P34932_499_575
1802,2,P34947_544_590
1803,2,P34969_420_479
1804,2,P34969_270_307
1805,2,P34969_1_74
1806,2,P34972_321_360
1807,2,P34981_336_398
1808,2,P34981_223_252
1809,2,P34995_356_402
1810,2,P34995_1_38
1811,2,P34995_236_296
1812,2,P34998_1_38
1813,2,P34998_142_178
1814,2,P34998_336_366
1815,2,P35030_1_83
1816,2,P35052_475_558
1817,2,P35070_1_68
1818,2,P35125_788_886
1819,2,P35125_926_956
1820,2,P35125_1_54
1821,2,P35212_238_333
1822,2,P35218_1_58
1823,2,P35219_1_32
1824,2,P35221_1_61
1825,2,P35221_630_674
1826,2,P35221_845_906
1827,2,P35222_678_781
1828,2,P35222_1_92
1829,2,P35226_231_326
1830,2,P35227_232_344
1831,2,P35228_1_88
1832,2,P35228_1121_1153
1833,2,P35236_1_58
1834,2,P35240_476_518
1835,2,P35241_416_504
1836,2,P35249_1_45
1837,2,P35250_1_39
1838,2,P35251_1067_1148
1839,2,P35251_487_587
1840,2,P35251_616_645
1841,2,P35321_1_89
1842,2,P35346_1_37
1843,2,P35346_318_364
1844,2,P35348_216_272
1845,2,P35348_339_466
1846,2,P35354_571_604
1847,2,P35368_1_40
1848,2,P35368_370_520
1849,2,P35368_239_287
1850,2,P35372_344_400
1851,2,P35372_1_70
1852,2,P35398_162_271
1853,2,P35398_1_70
1854,2,P35408_224_259
1855,2,P35408_341_488
1856,2,P35410_253_378
1857,2,P35410_1_77
1858,2,P35414_325_380
1859,2,P35442_1_31
1860,2,P35443_191_300
1861,2,P35443_1_45
1862,2,P35462_221_325
1863,2,P35498_1876_2009
1864,2,P35498_1_63
1865,2,P35499_1689_1836
1866,2,P35499_466_556
1867,2,P35499_281_344
1868,2,P35520_1_44
1869,2,P35523_1_111
1870,2,P35523_675_805
1871,2,P35523_865_988
1872,2,P35527_1_157
1873,2,P35548_1_134
1874,2,P35548_218_267
1875,2,P35555_1007_1098
1876,2,P35555_1818_1945
1877,2,P35555_2836_2871
1878,2,P35556_2875_2912
1879,2,P35568_115_160
1880,2,P35579_611_652
1881,2,P35580_620_658
1882,2,P35590_731_837
1883,2,P35590_1_74
1884,2,P35606_830_906
1885,2,P35609_1_39
1886,2,P35610_1_123
1887,2,P35611_1_130
1888,2,P35612_86_119
1889,2,P35612_1_39
1890,2,P35613_350_385
1891,2,P35626_657_688
1892,2,P35637_369_526
1893,2,P35638_1_114
1894,2,P35659_1_81
1895,2,P35659_184_319
1896,2,P35670_1_65
1897,2,P35670_117_149
1898,2,P35670_207_265
1899,2,P35670_420_500
1900,2,P35670_1103_1149
1901,2,P35670_1390_1465
1902,2,P35670_317_366
1903,2,P35680_28_95
1904,2,P35680_183_233
1905,2,P35711_654_763
1906,2,P35712_722_828
1907,2,P35713_1_76
1908,2,P35716_1_40
1909,2,P35749_621_658
1910,2,P35790_1_80
1911,2,P35858_1_44
1912,2,P35869_1_31
1913,2,P35869_175_214
1914,2,P35869_84_116
1915,2,P35900_376_424
1916,2,P35900_1_75
1917,2,P35908_486_639
1918,2,P35913_1_56
1919,2,P35916_1051_1083
1920,2,P35916_1_34
1921,2,P35916_958_1009
1922,2,P35916_459_494
1923,2,P35916_779_841
1924,2,P35968_930_1005
1925,2,P35968_770_830
1926,2,P35968_1_35
1927,2,P35968_461_493
1928,2,P35968_580_612
1929,2,P35998_1_92
1930,2,P36021_1_95
1931,2,P36382_235_358
1932,2,P36382_111_150
1933,2,P36383_103_175
1934,2,P36383_260_396
1935,2,P36402_342_384
1936,2,P36406_93_131
1937,2,P36406_1_35
1938,2,P36507_1_43
1939,2,P36507_281_317
1940,2,P36544_336_435
1941,2,P36551_1_121
1942,2,P36578_360_427
1943,2,P36776_1_121
1944,2,P36776_214_277
1945,2,P36888_949_993
1946,2,P36888_709_780
1947,2,P36888_1_84
1948,2,P36888_482_589
1949,2,P36894_182_217
1950,2,P36894_1_61
1951,2,P36896_100_194
1952,2,P36896_1_36
1953,2,P36897_1_36
1954,2,P36897_145_197
1955,2,P36915_318_351
1956,2,P36915_538_607
1957,2,P36915_1_74
1958,2,P36955_1_41
1959,2,P36956_394_548
1960,2,P36956_1054_1147
1961,2,P36957_1_74
1962,2,P36957_137_220
1963,2,P37023_1_36
1964,2,P37023_96_197
1965,2,P37059_1_51
1966,2,P37088_1_69
1967,2,P37088_161_227
1968,2,P37088_583_669
1969,2,P37108_98_136
1970,2,P37173_191_242
1971,2,P37173_1_50
1972,2,P37231_1_140
1973,2,P37268_382_417
1974,2,P37275_977_1124
1975,2,P37287_1_35
1976,2,P37288_357_418
1977,2,P37288_1_49
1978,2,P37288_252_285
1979,2,P37840_85_140
1980,2,P38435_724_758
1981,2,P38435_1_39
1982,2,P38484_284_337
1983,2,P38567_469_509
1984,2,P38567_1_31
1985,2,P38570_146_202
1986,2,P38570_1135_1179
1987,2,P38646_1_53
1988,2,P38935_936_993
1989,2,P38935_778_897
1990,2,P38935_642_733
1991,2,P38936_78_164
1992,2,P39059_1_46
1993,2,P39059_1177_1217
1994,2,P39060_1479_1581
1995,2,P39086_1_37
1996,2,P39086_862_918
1997,2,P39086_393_432
1998,2,P39656_1_44
1999,2,P39687_159_249
2000,2,P39748_336_380
2001,2,P39880_1205_1252
2002,2,P39880_1005_1122
2003,2,P39905_1_113
2004,2,P40123_1_45
2005,2,P40123_216_324
2006,2,P40126_490_519
2007,2,P40145_359_408
2008,2,P40145_804_834
2009,2,P40145_1_155
2010,2,P40145_1171_1251
2011,2,P40145_588_681
2012,2,P40197_463_560
2013,2,P40198_180_252
2014,2,P40199_1_32
2015,2,P40200_172_222
2016,2,P40200_1_34
2017,2,P40200_556_585
2018,2,P40200_372_525
2019,2,P40205_1_109
2020,2,P40222_464_546
2021,2,P40238_182_245
2022,2,P40238_522_635
2023,2,P40259_187_229
2024,2,P40259_1_43
2025,2,P40305_1_122
2026,2,P40337_1_56
2027,2,P40424_105_145
2028,2,P40424_1_47
2029,2,P40424_312_430
2030,2,P40425_114_154
2031,2,P40425_1_56
2032,2,P40425_321_430
2033,2,P40426_1_47
2034,2,P40426_321_434
2035,2,P40426_107_147
2036,2,P40763_689_770
2037,2,P40818_130_187
2038,2,P40855_269_299
2039,2,P40879_721_764
2040,2,P40933_1_31
2041,2,P40939_1_39
2042,2,P40967_609_661
2043,2,P40967_1_49
2044,2,P41002_1_31
2045,2,P41134_1_63
2046,2,P41134_117_155
2047,2,P41143_1_45
2048,2,P41143_329_372
2049,2,P41145_1_59
2050,2,P41146_1_48
2051,2,P41161_458_510
2052,2,P41162_1_33
2053,2,P41180_355_399
2054,2,P41182_677_706
2055,2,P41212_1_51
2056,2,P41218_92_212
2057,2,P41219_1_88
2058,2,P41219_403_470
2059,2,P41220_1_69
2060,2,P41221_1_59
2061,2,P41225_1_139
2062,2,P41226_756_796
2063,2,P41227_171_235
2064,2,P41229_831_934
2065,2,P41229_1177_1233
2066,2,P41229_1311_1382
2067,2,P41229_1105_1138
2068,2,P41229_1438_1560
2069,2,P41231_306_377
2070,2,P41235_371_474
2071,2,P41235_1_58
2072,2,P41236_170_205
2073,2,P41236_1_121
2074,2,P41250_1_69
2075,2,P41271_126_181
2076,2,P41273_1_91
2077,2,P41279_395_467
2078,2,P41279_1_80
2079,2,P41440_464_591
2080,2,P41440_203_254
2081,2,P41586_424_468
2082,2,P41586_1_38
2083,2,P41586_76_124
2084,2,P41587_389_438
2085,2,P41587_317_346
2086,2,P41587_1_34
2087,2,P41595_398_481
2088,2,P41595_252_312
2089,2,P41595_1_49
2090,2,P41597_312_374
2091,2,P41597_1_38
2092,2,P41743_186_252
2093,2,P41743_1_31
2094,2,P41968_1_38
2095,2,P42081_261_329
2096,2,P42126_1_43
2097,2,P42127_1_92
2098,2,P42166_44_117
2099,2,P42224_682_750
2100,2,P42229_697_794
2101,2,P42261_834_906
2102,2,P42261_558_593
2103,2,P42262_568_597
2104,2,P42262_845_883
2105,2,P42263_854_894
2106,2,P42263_575_609
2107,2,P42285_1_98
2108,2,P42331_1_52
2109,2,P42345_895_947
2110,2,P42345_2421_2501
2111,2,P42345_1212_1269
2112,2,P42345_1_32
2113,2,P42345_280_370
2114,2,P42345_1805_1878
2115,2,P42356_199_327
2116,2,P42356_739_771
2117,2,P42356_1422_1482
2118,2,P42356_1_39
2119,2,P42356_516_570
2120,2,P42357_78_110
2121,2,P42566_305_337
2122,2,P42566_95_127
2123,2,P42574_1_33
2124,2,P42575_327_362
2125,2,P42575_122_176
2126,2,P42575_1_38
2127,2,P42658_1_96
2128,2,P42679_1_50
2129,2,P42680_144_184
2130,2,P42681_1_87
2131,2,P42684_1_108
2132,2,P42685_1_49
2133,2,P42694_134_176
2134,2,P42694_996_1026
2135,2,P42694_376_412
2136,2,P42695_147_207
2137,2,P42695_878_920
2138,2,P42695_474_547
2139,2,P42695_1153_1192
2140,2,P42696_367_430
2141,2,P42701_571_662
2142,2,P42701_1_44
2143,2,P42702_1_64
2144,2,P42704_1002_1044
2145,2,P42704_638_671
2146,2,P42704_1_104
2147,2,P42768_155_246
2148,2,P42785_1_49
2149,2,P42830_1_30
2150,2,P42857_1_75
2151,2,P42857_112_185
2152,2,P42858_2063_2098
2153,2,P42858_2925_2954
2154,2,P42858_1853_1893
2155,2,P42858_1_102
2156,2,P42858_2626_2671
2157,2,P42858_2320_2358
2158,2,P42858_957_986
2159,2,P42858_1323_1422
2160,2,P42858_1159_1232
2161,2,P42892_1_66
2162,2,P42898_1_44
2163,2,P43003_508_542
2164,2,P43004_519_574
2165,2,P43004_1_48
2166,2,P43004_197_231
2167,2,P43005_165_204
2168,2,P43005_474_524
2169,2,P43007_1_43
2170,2,P43007_491_532
2171,2,P43026_365_394
2172,2,P43088_306_359
2173,2,P43115_1_58
2174,2,P43115_345_390
2175,2,P43116_229_358
2176,2,P43119_301_386
2177,2,P43121_1_39
2178,2,P43121_512_646
2179,2,P43146_1_41
2180,2,P43146_806_860
2181,2,P43220_429_463
2182,2,P43220_1_36
2183,2,P43234_1_37
2184,2,P43243_467_502
2185,2,P43243_325_404
2186,2,P43246_842_883
2187,2,P43250_540_576
2188,2,P43251_351_391
2189,2,P43251_1_58
2190,2,P43268_431_484
2191,2,P43304_1_51
2192,2,P43307_251_286
2193,2,P43307_1_77
2194,2,P43355_1_92
2195,2,P43356_1_103
2196,2,P43357_1_103
2197,2,P43358_1_101
2198,2,P43359_1_89
2199,2,P43360_1_102
2200,2,P43361_1_99
2201,2,P43362_1_93
2202,2,P43363_1_130
2203,2,P43365_1_104
2204,2,P43366_1_111
2205,2,P43403_252_308
2206,2,P43405_260_342
2207,2,P43489_171_277
2208,2,P43626_226_348
2209,2,P43627_223_348
2210,2,P43628_226_341
2211,2,P43629_319_444
2212,2,P43629_1_73
2213,2,P43630_322_455
2214,2,P43630_1_30
2215,2,P43631_223_304
2216,2,P43632_225_304
2217,2,P43681_1_31
2218,2,P43686_1_42
2219,2,P43694_326_442
2220,2,P43699_229_371
2221,2,P43699_1_158
2222,2,P43897_1_44
2223,2,P45378_1_66
2224,2,P45379_51_93
2225,2,P45452_1_45
2226,2,P45844_1_75
2227,2,P45844_345_403
2228,2,P45954_1_52
2229,2,P45973_74_117
2230,2,P45974_766_797
2231,2,P45974_613_661
2232,2,P45974_76_120
2233,2,P45983_362_427
2234,2,P45984_360_424
2235,2,P45985_1_88
2236,2,P46019_960_1071
2237,2,P46019_619_762
2238,2,P46020_616_761
2239,2,P46020_967_1056
2240,2,P46060_364_441
2241,2,P46063_1_55
2242,2,P46063_588_649
2243,2,P46089_1_37
2244,2,P46091_1_33
2245,2,P46092_314_362
2246,2,P46093_301_362
2247,2,P46095_1_72
2248,2,P46098_344_415
2249,2,P46100_2419_2492
2250,2,P46100_2184_2319
2251,2,P46100_1855_2006
2252,2,P46108_183_304
2253,2,P46108_62_143
2254,2,P46199_1_95
2255,2,P46379_936_1069
2256,2,P46527_97_198
2257,2,P46695_1_156
2258,2,P46721_271_307
2259,2,P46721_622_670
2260,2,P46721_119_149
2261,2,P46734_1_50
2262,2,P46736_43_73
2263,2,P46736_177_210
2264,2,P46783_96_165
2265,2,P46821_1_35
2266,2,P46939_1_31
2267,2,P46939_262_317
2268,2,P46939_637_690
2269,2,P46939_2169_2236
2270,2,P46939_1839_1872
2271,2,P46939_1742_1791
2272,2,P46939_1391_1429
2273,2,P46939_2623_2659
2274,2,P46939_894_924
2275,2,P46940_895_970
2276,2,P46940_1_38
2277,2,P46940_1337_1380
2278,2,P46940_1514_1569
2279,2,P46976_270_327
2280,2,P47211_317_349
2281,2,P47712_413_538
2282,2,P47712_720_749
2283,2,P47736_1_31
2284,2,P47775_1_40
2285,2,P47813_114_144
2286,2,P47869_350_413
2287,2,P47870_1_31
2288,2,P47870_351_486
2289,2,P47871_431_477
2290,2,P47872_408_440
2291,2,P47872_1_46
2292,2,P47883_254_348
2293,2,P47897_180_228
2294,2,P47898_230_281
2295,2,P47898_1_39
2296,2,P47900_1_43
2297,2,P47901_1_32
2298,2,P47901_237_272
2299,2,P47901_344_424
2300,2,P47902_225_265
2301,2,P47902_1_145
2302,2,P47914_119_159
2303,2,P47928_121_161
2304,2,P47928_1_62
2305,2,P47944_1_62
2306,2,P47972_1_140
2307,2,P47974_1_147
2308,2,P47985_1_76
2309,2,P48023_1_67
2310,2,P48029_1_55
2311,2,P48029_605_635
2312,2,P48039_317_350
2313,2,P48048_1_50
2314,2,P48050_355_445
2315,2,P48051_390_423
2316,2,P48051_1_56
2317,2,P48058_852_902
2318,2,P48058_568_599
2319,2,P48065_1_32
2320,2,P48065_579_614
2321,2,P48066_1_47
2322,2,P48066_596_632
2323,2,P48067_230_263
2324,2,P48067_664_706
2325,2,P48067_1_96
2326,2,P48145_1_34
2327,2,P48146_1_44
2328,2,P48165_113_146
2329,2,P48167_365_470
2330,2,P48167_1_46
2331,2,P48169_1_45
2332,2,P48200_130_212
2333,2,P48201_1_63
2334,2,P48230_33_69
2335,2,P48378_276_333
2336,2,P48378_667_723
2337,2,P48380_652_749
2338,2,P48380_259_323
2339,2,P48382_1_32
2340,2,P48426_295_326
2341,2,P48431_1_40
2342,2,P48436_1_83
2343,2,P48443_1_136
2344,2,P48444_172_274
2345,2,P48454_465_512
2346,2,P48544_1_53
2347,2,P48544_372_419
2348,2,P48546_421_466
2349,2,P48547_115_174
2350,2,P48547_451_511
2351,2,P48549_364_501
2352,2,P48549_1_48
2353,2,P48551_1_32
2354,2,P48553_877_926
2355,2,P48553_631_729
2356,2,P48553_1163_1259
2357,2,P48556_300_350
2358,2,P48556_1_129
2359,2,P48651_405_473
2360,2,P48664_1_37
2361,2,P48664_533_564
2362,2,P48664_202_253
2363,2,P48668_470_564
2364,2,P48723_315_359
2365,2,P48728_1_32
2366,2,P48730_306_415
2367,2,P48735_1_40
2368,2,P48736_1_43
2369,2,P48742_122_181
2370,2,P48745_167_209
2371,2,P48751_854_891
2372,2,P48751_626_680
2373,2,P48751_423_512
2374,2,P48764_1_54
2375,2,P48775_1_33
2376,2,P48788_125_182
2377,2,P48960_461_496
2378,2,P48960_800_835
2379,2,P48960_1_36
2380,2,P48995_129_166
2381,2,P48995_1_51
2382,2,P49019_312_387
2383,2,P49116_1_110
2384,2,P49137_1_47
2385,2,P49146_1_43
2386,2,P49190_436_550
2387,2,P49190_1_33
2388,2,P49190_203_234
2389,2,P49238_306_355
2390,2,P49247_1_74
2391,2,P49257_1_43
2392,2,P49279_1_51
2393,2,P49281_1_60
2394,2,P49281_532_568
2395,2,P49286_329_362
2396,2,P49286_1_35
2397,2,P49321_1_35
2398,2,P49321_675_788
2399,2,P49327_2109_2228
2400,2,P49327_1162_1191
2401,2,P49336_359_464
2402,2,P49354_1_57
2403,2,P49406_1_65
2404,2,P49407_347_418
2405,2,P49411_1_52
2406,2,P49419_1_31
2407,2,P49427_195_236
2408,2,P49441_229_262
2409,2,P49448_1_63
2410,2,P49450_1_39
2411,2,P49454_1446_1556
2412,2,P49454_1642_1775
2413,2,P49454_1342_1403
2414,2,P49454_1840_1900
2415,2,P49454_2258_2332
2416,2,P49454_2808_2844
2417,2,P49454_753_843
2418,2,P49454_1139_1292
2419,2,P49454_521_568
2420,2,P49585_1_40
2421,2,P49585_294_367
2422,2,P49590_1_51
2423,2,P49593_420_454
2424,2,P49619_395_429
2425,2,P49619_72_170
2426,2,P49639_295_335
2427,2,P49640_261_407
2428,2,P49641_1_107
2429,2,P49643_452_509
2430,2,P49662_258_307
2431,2,P49662_1_108
2432,2,P49674_301_416
2433,2,P49675_1_65
2434,2,P49682_1_41
2435,2,P49682_330_368
2436,2,P49683_1_54
2437,2,P49685_1_33
2438,2,P49685_323_360
2439,2,P49711_570_727
2440,2,P49736_683_719
2441,2,P49746_199_291
2442,2,P49746_1_34
2443,2,P49747_1_98
2444,2,P49748_1_70
2445,2,P49750_1999_2146
2446,2,P49753_1_60
2447,2,P49756_344_405
2448,2,P49756_174_271
2449,2,P49756_1_88
2450,2,P49758_222_256
2451,2,P49759_1_142
2452,2,P49760_1_144
2453,2,P49763_1_32
2454,2,P49763_138_221
2455,2,P49765_132_207
2456,2,P49767_226_290
2457,2,P49767_1_116
2458,2,P49768_275_385
2459,2,P49768_1_73
2460,2,P49771_164_235
2461,2,P49788_1_53
2462,2,P49790_819_852
2463,2,P49790_748_792
2464,2,P49792_2157_2315
2465,2,P49795_1_71
2466,2,P49796_266_301
2467,2,P49796_1_141
2468,2,P49798_1_50
2469,2,P49802_449_495
2470,2,P49810_280_365
2471,2,P49810_1_80
2472,2,P49815_1_44
2473,2,P49815_1749_1807
2474,2,P49815_917_1023
2475,2,P49815_638_685
2476,2,P49821_1_31
2477,2,P49840_1_101
2478,2,P49840_444_483
2479,2,P49841_387_420
2480,2,P49842_1_147
2481,2,P49848_148_220
2482,2,P49862_1_30
2483,2,P49863_1_30
2484,2,P49901_1_116
2485,2,P49902_499_561
2486,2,P49910_1_53
2487,2,P49913_130_170
2488,2,P49915_1_31
2489,2,P49915_367_403
2490,2,P49916_832_941
2491,2,P49916_177_254
2492,2,P49916_1_98
2493,2,P49917_611_655
2494,2,P49959_399_443
2495,2,P50052_325_363
2496,2,P50052_1_42
2497,2,P50213_1_32
2498,2,P50219_312_401
2499,2,P50222_251_304
2500,2,P50281_1_46
2501,2,P50281_284_316
2502,2,P50281_508_582
2503,2,P50391_1_39
2504,2,P50391_333_375
2505,2,P50406_225_260
2506,2,P50406_332_440
2507,2,P50416_1_35
2508,2,P50440_1_62
2509,2,P50443_180_214
2510,2,P50443_1_68
2511,2,P50454_1_37
2512,2,P50458_327_406
2513,2,P50458_175_269
2514,2,P50458_1_51
2515,2,P50461_74_118
2516,2,P50502_39_82
2517,2,P50502_272_323
2518,2,P50539_153_228
2519,2,P50539_1_63
2520,2,P50549_427_477
2521,2,P50553_1_108
2522,2,P50553_191_236
2523,2,P50570_739_870
2524,2,P50570_621_651
2525,2,P50570_497_530
2526,2,P50579_1_107
2527,2,P50591_60_133
2528,2,P50613_313_346
2529,2,P50748_1_41
2530,2,P50748_1160_1213
2531,2,P50748_308_396
2532,2,P50749_69_162
2533,2,P50750_333_372
2534,2,P50851_2003_2081
2535,2,P50851_1_48
2536,2,P50851_1457_1503
2537,2,P50876_152_186
2538,2,P50895_1_33
2539,2,P50895_559_628
2540,2,P50914_136_215
2541,2,P50991_1_31
2542,2,P50993_1_33
2543,2,P51148_185_216
2544,2,P51153_173_203
2545,2,P51157_191_221
2546,2,P51159_188_221
2547,2,P51160_1_54
2548,2,P51168_157_192
2549,2,P51168_569_640
2550,2,P51170_125_164
2551,2,P51170_568_649
2552,2,P51172_326_357
2553,2,P51172_727_802
2554,2,P51397_1_102
2555,2,P51398_1_53
2556,2,P51449_119_268
2557,2,P51451_1_66
2558,2,P51460_1_131
2559,2,P51504_1_49
2560,2,P51511_1_65
2561,2,P51511_558_669
2562,2,P51511_305_371
2563,2,P51512_529_607
2564,2,P51512_1_55
2565,2,P51512_293_342
2566,2,P51513_121_174
2567,2,P51513_1_52
2568,2,P51522_1_119
2569,2,P51530_1_38
2570,2,P51531_1503_1590
2571,2,P51531_1281_1427
2572,2,P51532_934_969
2573,2,P51532_1239_1300
2574,2,P51532_1562_1647
2575,2,P51532_1344_1458
2576,2,P51553_1_46
2577,2,P51582_318_365
2578,2,P51608_1_90
2579,2,P51610_1996_2035
2580,2,P51617_102_198
2581,2,P51636_1_46
2582,2,P51649_1_54
2583,2,P51654_348_386
2584,2,P51654_430_580
2585,2,P51654_1_35
2586,2,P51659_296_331
2587,2,P51677_317_355
2588,2,P51679_318_360
2589,2,P51679_1_31
2590,2,P51681_313_352
2591,2,P51684_1_37
2592,2,P51684_332_374
2593,2,P51685_1_34
2594,2,P51685_317_355
2595,2,P51686_1_41
2596,2,P51687_1_78
2597,2,P51689_1_32
2598,2,P51690_1_31
2599,2,P51692_696_787
2600,2,P51693_1_58
2601,2,P51693_211_300
2602,2,P51784_1_83
2603,2,P51784_641_729
2604,2,P51784_933_963
2605,2,P51786_73_169
2606,2,P51786_1_36
2607,2,P51787_394_506
2608,2,P51787_1_103
2609,2,P51787_571_676
2610,2,P51788_834_898
2611,2,P51788_1_85
2612,2,P51788_649_774
2613,2,P51790_1_93
2614,2,P51793_1_37
2615,2,P51795_1_93
2616,2,P51797_399_430
2617,2,P51797_1_55
2618,2,P51797_636_744
2619,2,P51798_1_98
2620,2,P51800_1_35
2621,2,P51801_1_36
2622,2,P51805_1574_1657
2623,2,P51805_1204_1279
2624,2,P51810_308_404
2625,2,P51811_385_444
2626,2,P51812_373_423
2627,2,P51812_563_600
2628,2,P51812_701_740
2629,2,P51812_1_69
2630,2,P51813_146_297
2631,2,P51815_1_49
2632,2,P51816_1193_1232
2633,2,P51817_1_45
2634,2,P51825_1086_1131
2635,2,P51826_1100_1147
2636,2,P51828_684_722
2637,2,P51828_460_580
2638,2,P51828_756_801
2639,2,P51841_498_575
2640,2,P51841_1_49
2641,2,P51843_315_356
2642,2,P51858_97_240
2643,2,P51864_1_82
2644,2,P51864_148_188
2645,2,P51878_314_363
2646,2,P51884_1_35
2647,2,P51888_1_54
2648,2,P51911_171_297
2649,2,P51946_281_323
2650,2,P51948_207_244
2651,2,P51955_360_445
2652,2,P51955_152_182
2653,2,P51959_260_295
2654,2,P51965_1_43
2655,2,P51993_1_62
2656,2,P52179_826_941
2657,2,P52179_1146_1258
2658,2,P52179_604_648
2659,2,P52179_1440_1474
2660,2,P52198_181_227
2661,2,P52272_145_193
2662,2,P52272_1_76
2663,2,P52292_1_75
2664,2,P52294_1_83
2665,2,P52333_783_817
2666,2,P52333_1_31
2667,2,P52564_1_45
2668,2,P52569_428_487
2669,2,P52569_610_658
2670,2,P52597_182_295
2671,2,P52597_355_415
2672,2,P52701_1_97
2673,2,P52732_697_750
2674,2,P52732_907_1056
2675,2,P52732_479_518
2676,2,P52735_147_187
2677,2,P52735_763_824
2678,2,P52736_623_654
2679,2,P52744_1_102
2680,2,P52746_1646_1687
2681,2,P52756_1_101
2682,2,P52756_706_815
2683,2,P52756_504_638
2684,2,P52756_306_456
2685,2,P52756_197_236
2686,2,P52757_153_213
2687,2,P52790_1_32
2688,2,P52797_164_238
2689,2,P52798_153_201
2690,2,P52803_162_228
2691,2,P52815_92_132
2692,2,P52815_1_54
2693,2,P52823_1_40
2694,2,P52823_198_247
2695,2,P52824_1_64
2696,2,P52824_346_393
2697,2,P52824_259_301
2698,2,P52848_1_83
2699,2,P52849_1_84
2700,2,P52926_1_109
2701,2,P52943_64_123
2702,2,P52945_210_283
2703,2,P52945_1_140
2704,2,P52948_1461_1495
2705,2,P52948_1750_1817
2706,2,P52951_316_348
2707,2,P52952_213_324
2708,2,P52952_1_134
2709,2,P52954_202_281
2710,2,P52954_1_119
2711,2,P52961_1_30
2712,2,P52961_297_327
2713,2,P53007_1_39
2714,2,P53350_1_37
2715,2,P53350_321_375
2716,2,P53355_1397_1430
2717,2,P53355_707_794
2718,2,P53355_290_352
2719,2,P53365_1_86
2720,2,P53367_1_120
2721,2,P53370_1_49
2722,2,P53396_423_490
2723,2,P53539_1_150
2724,2,P53539_225_338
2725,2,P53567_1_53
2726,2,P53597_1_41
2727,2,P53618_649_721
2728,2,P53618_491_542
2729,2,P53621_801_917
2730,2,P53667_251_339
2731,2,P53671_470_508
2732,2,P53671_242_333
2733,2,P53674_1_59
2734,2,P53701_1_80
2735,2,P53708_1_44
2736,2,P53708_880_923
2737,2,P53779_1_45
2738,2,P53779_401_464
2739,2,P53794_544_684
2740,2,P53801_1_38
2741,2,P53804_734_825
2742,2,P53804_1889_2025
2743,2,P53804_1727_1853
2744,2,P53804_348_485
2745,2,P53804_996_1112
2746,2,P53804_1_126
2747,2,P53805_1_61
2748,2,P53814_641_799
2749,2,P53816_120_162
2750,2,P53985_196_253
2751,2,P53985_464_500
2752,2,P53999_1_59
2753,2,P54098_1_76
2754,2,P54098_311_352
2755,2,P54098_491_551
2756,2,P54098_641_740
2757,2,P54105_144_237
2758,2,P54132_1284_1417
2759,2,P54219_484_525
2760,2,P54219_46_137
2761,2,P54252_203_361
2762,2,P54253_688_815
2763,2,P54257_272_314
2764,2,P54274_1_61
2765,2,P54274_272_384
2766,2,P54277_635_733
2767,2,P54284_1_31
2768,2,P54284_363_484
2769,2,P54284_137_166
2770,2,P54289_907_974
2771,2,P54296_476_515
2772,2,P54296_241_289
2773,2,P54296_1434_1465
2774,2,P54368_1_90
2775,2,P54578_215_244
2776,2,P54578_60_93
2777,2,P54646_328_401
2778,2,P54646_468_552
2779,2,P54652_610_639
2780,2,P54707_1_58
2781,2,P54725_198_242
2782,2,P54725_278_319
2783,2,P54725_73_163
2784,2,P54727_323_366
2785,2,P54727_226_283
2786,2,P54727_72_187
2787,2,P54750_451_488
2788,2,P54750_63_145
2789,2,P54750_1_30
2790,2,P54753_774_806
2791,2,P54753_535_612
2792,2,P54753_1_44
2793,2,P54753_900_931
2794,2,P54756_1_62
2795,2,P54756_557_658
2796,2,P54756_941_975
2797,2,P54756_816_845
2798,2,P54760_881_913
2799,2,P54760_527_594
2800,2,P54762_540_602
2801,2,P54764_1_31
2802,2,P54764_533_602
2803,2,P54764_762_791
2804,2,P54764_884_919
2805,2,P54792_334_387
2806,2,P54803_1_42
2807,2,P54821_1_93
2808,2,P54821_165_245
2809,2,P54826_77_107
2810,2,P54826_243_345
2811,2,P54826_1_35
2812,2,P54840_627_703
2813,2,P54845_1_128
2814,2,P54868_1_49
2815,2,P54886_1_66
2816,2,P55001_1_96
2817,2,P55010_377_431
2818,2,P55010_135_227
2819,2,P55011_929_1008
2820,2,P55017_780_821
2821,2,P55017_1_140
2822,2,P55036_240_377
2823,2,P55036_175_212
2824,2,P55039_34_115
2825,2,P55040_261_296
2826,2,P55040_1_75
2827,2,P55042_273_308
2828,2,P55042_1_90
2829,2,P55055_172_219
2830,2,P55055_1_85
2831,2,P55056_1_47
2832,2,P55060_877_909
2833,2,P55072_759_806
2834,2,P55075_1_48
2835,2,P55075_201_233
2836,2,P55082_1_68
2837,2,P55083_1_36
2838,2,P55084_1_45
2839,2,P55085_1_62
2840,2,P55087_263_323
2841,2,P55089_1_89
2842,2,P55103_72_109
2843,2,P55103_1_33
2844,2,P55107_137_177
2845,2,P55107_261_368
2846,2,P55107_1_80
2847,2,P55157_1_32
2848,2,P55196_978_1012
2849,2,P55196_124_244
2850,2,P55196_343_424
2851,2,P55196_500_605
2852,2,P55199_148_204
2853,2,P55201_44_196
2854,2,P55201_440_502
2855,2,P55201_743_786
2856,2,P55209_348_391
2857,2,P55209_1_52
2858,2,P55210_1_60
2859,2,P55211_92_152
2860,2,P55211_300_340
2861,2,P55212_1_30
2862,2,P55259_1_52
2863,2,P55259_495_537
2864,2,P55265_363_496
2865,2,P55265_573_621
2866,2,P55265_1_144
2867,2,P55265_678_726
2868,2,P55265_791_851
2869,2,P55265_193_301
2870,2,P55268_1_50
2871,2,P55283_1_39
2872,2,P55283_112_173
2873,2,P55285_1_63
2874,2,P55286_642_799
2875,2,P55286_1_77
2876,2,P55287_1_63
2877,2,P55289_1_63
2878,2,P55290_105_143
2879,2,P55290_684_713
2880,2,P55290_1_34
2881,2,P55291_1_47
2882,2,P55318_205_350
2883,2,P55318_1_113
2884,2,P55327_139_224
2885,2,P55327_1_71
2886,2,P55345_1_35
2887,2,P55347_321_436
2888,2,P55347_153_265
2889,2,P55347_1_49
2890,2,P55773_1_53
2891,2,P55786_1_53
2892,2,P55789_1_80
2893,2,P55795_354_449
2894,2,P55795_182_296
2895,2,P55809_1_36
2896,2,P55822_1_60
2897,2,P55822_163_239
2898,2,P55884_782_814
2899,2,P55899_327_365
2900,2,P56159_114_151
2901,2,P56159_344_465
2902,2,P56177_1_123
2903,2,P56177_193_255
2904,2,P56178_1_131
2905,2,P56178_202_289
2906,2,P56179_1_41
2907,2,P56179_112_175
2908,2,P56180_1_71
2909,2,P56181_1_59
2910,2,P56182_237_296
2911,2,P56182_344_461
2912,2,P56192_200_231
2913,2,P56199_1_32
2914,2,P56199_1027_1065
2915,2,P56202_1_36
2916,2,P56211_1_112
2917,2,P56270_408_477
2918,2,P56373_361_397
2919,2,P56470_152_183
2920,2,P56524_1_70
2921,2,P56545_1_30
2922,2,P56545_360_445
2923,2,P56555_1_118
2924,2,P56645_85_116
2925,2,P56645_1_55
2926,2,P56693_1_84
2927,2,P56696_1_79
2928,2,P56696_583_695
2929,2,P56703_1_40
2930,2,P56704_1_39
2931,2,P56706_1_34
2932,2,P56715_114_161
2933,2,P56715_1_39
2934,2,P56730_1_141
2935,2,P56746_183_228
2936,2,P56747_183_220
2937,2,P56748_193_225
2938,2,P56749_200_244
2939,2,P56750_190_224
2940,2,P56817_1_58
2941,2,P56856_199_261
2942,2,P56880_185_219
2943,2,P56915_226_257
2944,2,P56915_1_144
2945,2,P56945_603_715
2946,2,P56962_110_161
2947,2,P56962_196_302
2948,2,P56975_327_358
2949,2,P57055_1_80
2950,2,P57055_111_190
2951,2,P57057_248_321
2952,2,P57057_52_90
2953,2,P57058_1_39
2954,2,P57060_1_31
2955,2,P57073_1_94
2956,2,P57075_180_227
2957,2,P57075_350_400
2958,2,P57077_1_36
2959,2,P57078_154_193
2960,2,P57082_1_62
2961,2,P57086_1_101
2962,2,P57087_264_298
2963,2,P57103_249_396
2964,2,P57103_484_518
2965,2,P57103_620_719
2966,2,P57103_1_61
2967,2,P57105_101_145
2968,2,P57678_180_217
2969,2,P57679_825_858
2970,2,P57679_906_992
2971,2,P57721_1_50
2972,2,P57721_197_300
2973,2,P57723_309_403
2974,2,P57723_171_247
2975,2,P57727_1_46
2976,2,P57737_395_473
2977,2,P57737_881_925
2978,2,P57738_59_103
2979,2,P57739_190_230
2980,2,P57740_1_147
2981,2,P57764_84_113
2982,2,P57764_234_290
2983,2,P57768_1_109
2984,2,P57768_277_344
2985,2,P57771_1_47
2986,2,P57772_374_411
2987,2,P57772_537_596
2988,2,P57789_382_538
2989,2,P57789_1_69
2990,2,P57796_1_123
2991,2,P58004_217_258
2992,2,P58004_1_63
2993,2,P58005_217_262
2994,2,P58005_292_331
2995,2,P58005_1_48
2996,2,P58012_1_52
2997,2,P58107_4171_4240
2998,2,P58107_3638_3706
2999,2,P58107_1_49
0,3,P58107_1131_1185
1,3,P58107_2083_2160
2,3,P58107_3107_3172
3,3,P58107_4709_4770
4,3,P58107_2569_2645
5,3,P58166_188_227
6,3,P58166_1_34
7,3,P58170_281_312
8,3,P58215_1_50
9,3,P58304_1_145
10,3,P58304_216_361
11,3,P58317_1_148
12,3,P58335_344_489
13,3,P58335_1_46
14,3,P58340_1_91
15,3,P58340_203_268
16,3,P58417_1_120
17,3,P58505_1_86
18,3,P58513_1_81
19,3,P58549_50_80
20,3,P58550_1_94
21,3,P58658_1_57
22,3,P58743_577_633
23,3,P58753_1_81
24,3,P58872_1_129
25,3,P59020_1_149
26,3,P59022_1_87
27,3,P59025_199_263
28,3,P59025_1_42
29,3,P59036_1_64
30,3,P59037_1_77
31,3,P59044_145_185
32,3,P59044_677_716
33,3,P59044_574_621
34,3,P59045_980_1033
35,3,P59046_664_700
36,3,P59046_81_197
37,3,P59046_408_523
38,3,P59047_1_72
39,3,P59047_440_507
40,3,P59047_590_636
41,3,P59047_141_267
42,3,P59051_1_145
43,3,P59052_1_145
44,3,P59074_123_171
45,3,P59090_1_65
46,3,P59091_1_139
47,3,P59103_1_153
48,3,P59533_156_189
49,3,P59534_176_209
50,3,P59535_157_194
51,3,P59551_282_318
52,3,P59646_59_89
53,3,P59665_1_56
54,3,P59666_1_56
55,3,P59773_1_151
56,3,P59780_154_193
57,3,P59817_497_542
58,3,P59826_1_98
59,3,P59827_377_413
60,3,P59861_1_70
61,3,P59901_416_499
62,3,P59910_93_134
63,3,P59923_723_771
64,3,P59923_1_56
65,3,P59923_130_242
66,3,P59942_1_119
67,3,P59990_1_96
68,3,P59991_1_33
69,3,P60006_63_121
70,3,P60008_173_231
71,3,P60008_1_114
72,3,P60153_1_45
73,3,P60201_93_149
74,3,P60321_22_64
75,3,P60323_129_173
76,3,P60323_1_55
77,3,P60328_1_96
78,3,P60329_1_112
79,3,P60468_1_96
80,3,P60484_349_403
81,3,P60484_277_311
82,3,P60507_1_33
83,3,P60608_1_86
84,3,P60827_1_88
85,3,P60852_134_239
86,3,P60852_1_42
87,3,P60852_537_638
88,3,P60880_91_132
89,3,P60985_1_99
90,3,P61011_429_504
91,3,P61011_299_363
92,3,P61020_185_215
93,3,P61073_311_352
94,3,P61073_1_33
95,3,P61201_1_38
96,3,P61218_1_43
97,3,P61244_119_160
98,3,P61247_228_264
99,3,P61278_1_116
100,3,P61289_66_103
101,3,P61296_1_96
102,3,P61296_176_217
103,3,P61328_214_243
104,3,P61328_1_62
105,3,P61366_1_133
106,3,P61371_256_349
107,3,P61371_140_188
108,3,P61550_1_125
109,3,P61550_226_288
110,3,P61565_210_307
111,3,P61565_1_105
112,3,P61574_1_34
113,3,P61576_1_33
114,3,P61587_199_244
115,3,P61619_203_354
116,3,P61619_1_76
117,3,P61647_1_79
118,3,P61764_502_534
119,3,P61812_243_317
120,3,P61925_1_76
121,3,P61978_105_148
122,3,P61978_1_45
123,3,P62136_297_330
124,3,P62140_298_327
125,3,P62191_1_57
126,3,P62314_87_119
127,3,P62318_92_126
128,3,P62324_129_171
129,3,P62491_187_216
130,3,P62502_1_39
131,3,P62508_202_235
132,3,P62508_1_129
133,3,P62633_1_63
134,3,P62684_517_666
135,3,P62851_1_38
136,3,P62952_1_87
137,3,P62955_71_100
138,3,P62955_208_275
139,3,P62995_198_288
140,3,P62995_1_115
141,3,P63010_581_712
142,3,P63027_1_45
143,3,P63128_886_948
144,3,P63128_748_794
145,3,P63132_850_956
146,3,P63133_846_956
147,3,P63136_846_954
148,3,P63145_520_666
149,3,P63162_95_240
150,3,P63252_376_427
151,3,P63252_1_49
152,3,P67809_1_50
153,3,P68400_335_391
154,3,P68431_1_30
155,3,P68543_1_57
156,3,P69849_713_749
157,3,P69849_1_41
158,3,P69849_1161_1222
159,3,P78310_273_365
160,3,P78316_111_195
161,3,P78316_224_261
162,3,P78316_1_37
163,3,P78316_303_431
164,3,P78317_1_122
165,3,P78318_237_339
166,3,P78324_348_504
167,3,P78324_1_32
168,3,P78325_159_200
169,3,P78325_680_824
170,3,P78325_1_42
171,3,P78332_1000_1123
172,3,P78332_546_660
173,3,P78333_348_381
174,3,P78333_468_572
175,3,P78333_1_37
176,3,P78334_369_480
177,3,P78334_1_72
178,3,P78337_155_314
179,3,P78337_1_85
180,3,P78344_1_74
181,3,P78345_61_103
182,3,P78345_207_283
183,3,P78346_238_268
184,3,P78347_653_727
185,3,P78347_539_568
186,3,P78347_812_862
187,3,P78347_942_998
188,3,P78348_464_528
189,3,P78352_403_437
190,3,P78352_240_313
191,3,P78352_1_67
192,3,P78356_1_34
193,3,P78356_302_339
194,3,P78357_1012_1086
195,3,P78357_1243_1384
196,3,P78358_1_89
197,3,P78362_1_58
198,3,P78363_465_495
199,3,P78363_2240_2273
200,3,P78363_870_930
201,3,P78364_836_932
202,3,P78367_278_333
203,3,P78368_1_43
204,3,P78368_335_415
205,3,P78369_183_228
206,3,P78380_1_37
207,3,P78381_345_396
208,3,P78381_1_32
209,3,P78385_1_104
210,3,P78385_421_493
211,3,P78386_432_507
212,3,P78386_1_118
213,3,P78395_128_182
214,3,P78411_1_115
215,3,P78412_1_151
216,3,P78413_1_146
217,3,P78414_1_131
218,3,P78415_1_128
219,3,P78426_305_367
220,3,P78504_723_756
221,3,P78504_1_32
222,3,P78508_342_379
223,3,P78508_1_34
224,3,P78509_1_135
225,3,P78509_2666_2719
226,3,P78509_3427_3460
227,3,P78509_1216_1268
228,3,P78524_1106_1137
229,3,P78527_3193_3231
230,3,P78527_1994_2100
231,3,P78527_1453_1557
232,3,P78527_794_864
233,3,P78527_483_618
234,3,P78527_2894_2931
235,3,P78536_168_222
236,3,P78536_1_49
237,3,P78539_1_61
238,3,P78543_129_158
239,3,P78545_1_68
240,3,P78545_132_278
241,3,P78549_1_86
242,3,P78552_1_34
243,3,P78552_377_427
244,3,P78559_1493_1535
245,3,P78563_142_238
246,3,P78563_456_521
247,3,P78563_1_84
248,3,P79522_1_150
249,3,P80108_286_359
250,3,P80162_1_30
251,3,P80192_109_140
252,3,P80192_1_61
253,3,P80217_32_66
254,3,P80303_1_53
255,3,P80365_372_405
256,3,P80370_241_301
257,3,P80370_343_383
258,3,P80404_1_38
259,3,P81172_1_84
260,3,P81277_1_87
261,3,P81605_1_110
262,3,P82094_907_983
263,3,P82251_1_33
264,3,P82279_1213_1279
265,3,P82279_604_646
266,3,P82279_281_385
267,3,P82279_1_134
268,3,P82279_1345_1406
269,3,P82650_1_71
270,3,P82664_1_54
271,3,P82673_1_50
272,3,P82675_1_97
273,3,P82909_1_69
274,3,P82912_1_56
275,3,P82914_1_68
276,3,P82933_1_72
277,3,P82979_46_98
278,3,P82987_1_90
279,3,P83105_1_45
280,3,P83111_239_294
281,3,P83111_1_102
282,3,P83369_56_142
283,3,P83369_219_333
284,3,P83436_496_534
285,3,P83436_600_669
286,3,P83731_125_157
287,3,P83859_1_136
288,3,P83916_71_110
289,3,P84022_141_221
290,3,P84077_1_65
291,3,P84103_75_164
292,3,P84157_32_151
293,3,P84550_1_76
294,3,P85037_206_294
295,3,P85037_1_104
296,3,P85298_86_204
297,3,P85298_404_464
298,3,P86397_1_33
299,3,P86434_1_159
300,3,P86452_314_411
301,3,P86452_912_979
302,3,P86452_175_274
303,3,P86452_799_870
304,3,P86452_1_143
305,3,P98066_1_31
306,3,P98073_153_195
307,3,P98073_1_63
308,3,P98077_1_139
309,3,P98082_1_33
310,3,P98088_5612_5654
311,3,P98088_1476_1584
312,3,P98088_5227_5257
313,3,P98088_5095_5145
314,3,P98088_1_77
315,3,P98088_760_828
316,3,P98088_1841_1955
317,3,P98088_4725_4858
318,3,P98088_1309_1389
319,3,P98088_2045_2120
320,3,P98088_1670_1750
321,3,P98095_548_693
322,3,P98095_1_41
323,3,P98153_176_233
324,3,P98153_1_121
325,3,P98155_1_130
326,3,P98155_746_873
327,3,P98160_2126_2167
328,3,P98160_222_299
329,3,P98160_1_87
330,3,P98160_4151_4210
331,3,P98160_3374_3412
332,3,P98160_3842_3896
333,3,P98161_1_47
334,3,P98161_159_272
335,3,P98161_2872_2905
336,3,P98161_3749_3785
337,3,P98161_606_687
338,3,P98161_460_504
339,3,P98170_89_154
340,3,P98170_226_261
341,3,P98170_339_376
342,3,P98171_704_756
343,3,P98171_470_507
344,3,P98171_796_946
345,3,P98173_1_53
346,3,P98174_695_725
347,3,P98174_919_961
348,3,P98174_787_816
349,3,P98175_614_756
350,3,P98175_818_930
351,3,P98175_235_304
352,3,P98175_1_128
353,3,P98177_1_97
354,3,P98179_78_157
355,3,P98196_726_767
356,3,P98196_432_510
357,3,P98196_1_37
358,3,P98198_1115_1209
359,3,P98198_736_774
360,3,P98198_1_38
361,3,Q00013_1_76
362,3,Q00013_226_268
363,3,Q00056_278_320
364,3,Q00059_1_42
365,3,Q00325_1_57
366,3,Q00341_1202_1268
367,3,Q00341_901_953
368,3,Q00341_1_91
369,3,Q00444_1_144
370,3,Q00532_299_358
371,3,Q00536_1_159
372,3,Q00577_1_61
373,3,Q00597_119_166
374,3,Q00604_1_30
375,3,Q00610_1611_1675
376,3,Q00653_838_900
377,3,Q00653_697_782
378,3,Q00653_330_442
379,3,Q00653_1_42
380,3,Q00688_66_113
381,3,Q00722_826_892
382,3,Q00722_1144_1185
383,3,Q00722_464_528
384,3,Q00722_928_982
385,3,Q00839_676_825
386,3,Q00872_1021_1051
387,3,Q00872_154_244
388,3,Q00872_1_66
389,3,Q00887_1_34
390,3,Q00888_1_35
391,3,Q00889_1_35
392,3,Q008S8_507_567
393,3,Q008S8_143_295
394,3,Q00973_1_57
395,3,Q00975_353_474
396,3,Q00975_571_600
397,3,Q00975_1_85
398,3,Q00978_111_213
399,3,Q00987_327_437
400,3,Q00994_1_56
401,3,Q00G26_379_463
402,3,Q00LT1_1_54
403,3,Q01064_442_477
404,3,Q01064_505_536
405,3,Q01064_1_147
406,3,Q01081_188_240
407,3,Q01082_1_51
408,3,Q01082_2076_2207
409,3,Q01082_2299_2364
410,3,Q01082_1364_1471
411,3,Q01085_274_375
412,3,Q01094_297_437
413,3,Q01094_1_130
414,3,Q01101_312_445
415,3,Q01105_240_290
416,3,Q01105_1_35
417,3,Q01113_1_59
418,3,Q01118_1592_1682
419,3,Q01118_407_488
420,3,Q01118_1_50
421,3,Q01130_92_221
422,3,Q01151_56_90
423,3,Q01151_170_205
424,3,Q01167_1_38
425,3,Q01167_156_256
426,3,Q01167_81_110
427,3,Q01196_1_52
428,3,Q01201_1_120
429,3,Q01344_369_420
430,3,Q01362_1_53
431,3,Q01432_1_134
432,3,Q01459_1_36
433,3,Q01484_3498_3562
434,3,Q01484_1_34
435,3,Q01518_1_43
436,3,Q01518_209_321
437,3,Q01523_1_59
438,3,Q01524_1_62
439,3,Q01534_1_89
440,3,Q01543_195_276
441,3,Q01543_367_452
442,3,Q01543_1_129
443,3,Q01546_492_638
444,3,Q01581_470_520
445,3,Q01628_1_101
446,3,Q01629_1_96
447,3,Q01638_495_556
448,3,Q01650_1_55
449,3,Q01664_1_34
450,3,Q01664_214_338
451,3,Q01668_767_871
452,3,Q01668_1284_1322
453,3,Q01668_425_513
454,3,Q01668_209_254
455,3,Q01668_1_114
456,3,Q01726_1_40
457,3,Q01780_119_184
458,3,Q01780_1_32
459,3,Q01814_116_163
460,3,Q01814_284_394
461,3,Q01814_1084_1243
462,3,Q01814_1_33
463,3,Q01826_1_83
464,3,Q01826_448_497
465,3,Q01826_570_655
466,3,Q01826_705_763
467,3,Q01826_247_375
468,3,Q01831_862_940
469,3,Q01850_263_334
470,3,Q01850_137_183
471,3,Q01850_369_423
472,3,Q01860_288_360
473,3,Q01860_1_135
474,3,Q01954_1_44
475,3,Q01954_771_927
476,3,Q01959_1_61
477,3,Q01968_700_732
478,3,Q01970_875_948
479,3,Q01970_1188_1234
480,3,Q01970_469_580
481,3,Q01973_1_62
482,3,Q01973_411_470
483,3,Q01973_144_175
484,3,Q01974_1_65
485,3,Q01974_413_470
486,3,Q01974_147_182
487,3,Q02108_1_76
488,3,Q02108_660_690
489,3,Q02153_179_208
490,3,Q02156_131_173
491,3,Q02156_301_410
492,3,Q02218_1_51
493,3,Q02218_90_121
494,3,Q02223_83_184
495,3,Q02224_2585_2701
496,3,Q02224_593_633
497,3,Q02224_1611_1643
498,3,Q02224_975_1048
499,3,Q02224_686_754
500,3,Q02224_2345_2383
501,3,Q02224_2502_2547
502,3,Q02224_392_502
503,3,Q02241_894_960
504,3,Q02241_447_482
505,3,Q02246_991_1040
506,3,Q02246_1_39
507,3,Q02252_1_35
508,3,Q02297_1_36
509,3,Q02297_131_188
510,3,Q02318_1_57
511,3,Q02338_1_52
512,3,Q02363_1_31
513,3,Q02363_87_134
514,3,Q02388_1_36
515,3,Q02410_621_650
516,3,Q02410_556_589
517,3,Q02413_1_53
518,3,Q02446_723_784
519,3,Q02447_699_781
520,3,Q02487_1_40
521,3,Q02487_107_140
522,3,Q02505_3246_3323
523,3,Q02509_189_294
524,3,Q02509_1_56
525,3,Q02509_418_477
526,3,Q02535_1_36
527,3,Q02535_88_119
528,3,Q02539_1_39
529,3,Q02539_113_215
530,3,Q02556_381_426
531,3,Q02556_115_203
532,3,Q02575_1_56
533,3,Q02577_1_61
534,3,Q02641_180_217
535,3,Q02641_1_73
536,3,Q02643_1_38
537,3,Q02643_317_350
538,3,Q02643_389_423
539,3,Q02747_37_68
540,3,Q02750_1_38
541,3,Q02750_276_307
542,3,Q02763_1_30
543,3,Q02763_729_824
544,3,Q02790_425_459
545,3,Q02817_4656_4691
546,3,Q02817_1246_1308
547,3,Q02817_1_39
548,3,Q02817_749_800
549,3,Q02818_1_50
550,3,Q02818_400_461
551,3,Q02833_86_154
552,3,Q02833_299_373
553,3,Q02846_1_51
554,3,Q02846_474_560
555,3,Q02878_1_43
556,3,Q02880_1112_1147
557,3,Q02880_1_55
558,3,Q02930_447_508
559,3,Q03001_7091_7147
560,3,Q03001_1938_1989
561,3,Q03001_5808_5914
562,3,Q03001_5731_5773
563,3,Q03001_5227_5264
564,3,Q03001_1442_1558
565,3,Q03001_486_593
566,3,Q03014_200_270
567,3,Q03014_1_133
568,3,Q03052_398_451
569,3,Q03113_1_34
570,3,Q03135_1_52
571,3,Q03164_1782_1867
572,3,Q03164_1657_1708
573,3,Q03167_1_31
574,3,Q03167_745_851
575,3,Q03169_1_82
576,3,Q03181_1_75
577,3,Q03188_769_816
578,3,Q03252_399_468
579,3,Q03252_576_620
580,3,Q03252_1_50
581,3,Q03395_309_351
582,3,Q03405_294_335
583,3,Q03431_488_593
584,3,Q03431_247_276
585,3,Q03431_1_109
586,3,Q03468_1_89
587,3,Q03519_1_135
588,3,Q03701_622_697
589,3,Q03721_1_37
590,3,Q03721_63_96
591,3,Q03721_484_635
592,3,Q03721_153_213
593,3,Q03924_1_107
594,3,Q03936_553_586
595,3,Q03936_54_194
596,3,Q03989_1_47
597,3,Q04323_38_94
598,3,Q04323_179_210
599,3,Q04609_1_41
600,3,Q04656_674_703
601,3,Q04656_438_500
602,3,Q04656_336_383
603,3,Q04656_235_287
604,3,Q04656_133_179
605,3,Q04656_1121_1183
606,3,Q04656_1412_1500
607,3,Q04671_226_286
608,3,Q04695_1_89
609,3,Q04695_396_432
610,3,Q04727_1_31
611,3,Q04743_1_150
612,3,Q04756_365_417
613,3,Q04756_1_111
614,3,Q04759_117_158
615,3,Q04759_290_379
616,3,Q04771_150_201
617,3,Q04771_1_36
618,3,Q04844_346_415
619,3,Q04900_1_154
620,3,Q04912_1223_1254
621,3,Q04912_1345_1400
622,3,Q04912_939_1068
623,3,Q04912_609_639
624,3,Q04912_1_35
625,3,Q05048_56_87
626,3,Q05066_140_204
627,3,Q05066_1_58
628,3,Q05086_76_130
629,3,Q05086_166_238
630,3,Q05086_395_424
631,3,Q05086_1_31
632,3,Q05193_620_657
633,3,Q05193_498_530
634,3,Q05193_745_864
635,3,Q05195_1_50
636,3,Q05195_144_221
637,3,Q05329_1_85
638,3,Q05397_1_44
639,3,Q05397_360_417
640,3,Q05513_170_252
641,3,Q05516_638_673
642,3,Q05519_1_33
643,3,Q05586_855_938
644,3,Q05655_287_349
645,3,Q05655_114_231
646,3,Q05682_405_536
647,3,Q05707_115_159
648,3,Q05707_703_747
649,3,Q05707_1_38
650,3,Q05707_1000_1031
651,3,Q05901_339_389
652,3,Q05932_475_555
653,3,Q05932_1_55
654,3,Q05940_49_128
655,3,Q05940_476_514
656,3,Q05952_1_138
657,3,Q05996_1_62
658,3,Q05996_645_745
659,3,Q05996_457_493
660,3,Q05996_126_195
661,3,Q05BQ5_1_138
662,3,Q05BQ5_561_628
663,3,Q05BU3_1_40
664,3,Q05BV3_1269_1354
665,3,Q05BV3_592_673
666,3,Q05C16_463_580
667,3,Q05D60_306_336
668,3,Q05D60_191_223
669,3,Q05D60_472_560
670,3,Q05DH4_936_1040
671,3,Q06033_600_659
672,3,Q06033_1_41
673,3,Q06055_1_63
674,3,Q06124_536_593
675,3,Q06187_164_220
676,3,Q06190_1104_1150
677,3,Q06203_471_517
678,3,Q06210_223_264
679,3,Q06250_1_92
680,3,Q06265_305_439
681,3,Q06278_164_202
682,3,Q06330_448_500
683,3,Q06416_1_136
684,3,Q06416_287_359
685,3,Q06418_1_56
686,3,Q06418_406_503
687,3,Q06418_791_890
688,3,Q06432_47_103
689,3,Q06455_1_127
690,3,Q06455_209_344
691,3,Q06455_553_604
692,3,Q06455_401_443
693,3,Q06481_1_53
694,3,Q06481_201_306
695,3,Q06495_1_100
696,3,Q06495_592_639
697,3,Q06495_294_340
698,3,Q06546_243_323
699,3,Q06546_422_454
700,3,Q06546_1_43
701,3,Q06546_107_174
702,3,Q06587_148_268
703,3,Q06587_308_362
704,3,Q06643_1_89
705,3,Q06730_765_810
706,3,Q06787_317_399
707,3,Q06828_1_72
708,3,Q06945_1_53
709,3,Q07001_355_432
710,3,Q07002_1_138
711,3,Q07011_220_255
712,3,Q07021_1_73
713,3,Q07065_1_122
714,3,Q07075_1_78
715,3,Q07092_1_43
716,3,Q07108_1_41
717,3,Q07157_588_629
718,3,Q07157_1675_1748
719,3,Q07157_264_423
720,3,Q07157_108_189
721,3,Q07343_657_736
722,3,Q07343_276_326
723,3,Q07352_186_338
724,3,Q07352_1_111
725,3,Q07444_1_119
726,3,Q07507_1_37
727,3,Q075Z2_1_35
728,3,Q07617_324_448
729,3,Q07617_109_193
730,3,Q07617_583_622
731,3,Q07617_736_806
732,3,Q07666_1_102
733,3,Q07687_215_328
734,3,Q07687_1_145
735,3,Q07817_27_86
736,3,Q07817_199_233
737,3,Q07837_1_73
738,3,Q07864_1922_1980
739,3,Q07864_1169_1326
740,3,Q07864_180_217
741,3,Q07864_1_38
742,3,Q07864_2008_2053
743,3,Q07864_1739_1788
744,3,Q07866_155_212
745,3,Q07866_430_573
746,3,Q07869_1_102
747,3,Q07889_165_203
748,3,Q07890_390_424
749,3,Q07890_165_202
750,3,Q07912_68_123
751,3,Q07954_1_87
752,3,Q07955_83_121
753,3,Q07955_193_248
754,3,Q07960_1_61
755,3,Q07973_1_55
756,3,Q08043_1_46
757,3,Q08116_1_64
758,3,Q08117_134_197
759,3,Q08170_65_105
760,3,Q08174_1_70
761,3,Q08209_373_521
762,3,Q08211_1147_1270
763,3,Q08211_72_159
764,3,Q08289_1_86
765,3,Q08289_192_270
766,3,Q08334_257_325
767,3,Q08378_1343_1498
768,3,Q08379_898_1002
769,3,Q08379_1_160
770,3,Q08379_680_797
771,3,Q08379_437_468
772,3,Q08380_412_464
773,3,Q08380_537_585
774,3,Q08431_1_38
775,3,Q08462_465_571
776,3,Q08462_698_731
777,3,Q08462_1_39
778,3,Q08493_638_712
779,3,Q08493_261_305
780,3,Q08499_714_809
781,3,Q08499_332_380
782,3,Q08554_1_39
783,3,Q08554_105_141
784,3,Q08629_202_248
785,3,Q08629_1_142
786,3,Q08629_374_439
787,3,Q08648_1_103
788,3,Q08708_130_224
789,3,Q08828_1_43
790,3,Q08828_1055_1119
791,3,Q08828_692_730
792,3,Q08828_479_569
793,3,Q08881_145_177
794,3,Q08945_423_549
795,3,Q08945_613_709
796,3,Q08999_1_47
797,3,Q08999_1041_1139
798,3,Q08999_356_421
799,3,Q08999_930_1004
800,3,Q08AD1_1243_1361
801,3,Q08AD1_199_241
802,3,Q08AE8_634_756
803,3,Q08AE8_1_40
804,3,Q08AE8_161_191
805,3,Q08AF3_138_170
806,3,Q08AH1_1_42
807,3,Q08AH3_1_37
808,3,Q08AI6_373_406
809,3,Q08AM6_722_782
810,3,Q08AM6_336_398
811,3,Q08AM6_472_527
812,3,Q08AN1_388_427
813,3,Q08E93_1_113
814,3,Q08ER8_552_600
815,3,Q08J23_701_767
816,3,Q08J23_434_520
817,3,Q08J23_1_43
818,3,Q09013_528_629
819,3,Q09013_399_473
820,3,Q09019_629_674
821,3,Q09019_1_138
822,3,Q09327_502_533
823,3,Q09327_121_172
824,3,Q09327_1_93
825,3,Q09328_1_148
826,3,Q09428_733_771
827,3,Q09428_613_684
828,3,Q09428_927_1000
829,3,Q09470_1_36
830,3,Q09470_418_495
831,3,Q09472_1525_1583
832,3,Q0D2I5_1_69
833,3,Q0D2I5_107_232
834,3,Q0D2I5_349_451
835,3,Q0D2I5_523_559
836,3,Q0D2J5_1_155
837,3,Q0D2K0_410_466
838,3,Q0D2K0_1_112
839,3,Q0D2K3_1_100
840,3,Q0D2K5_139_195
841,3,Q0IIM8_1025_1081
842,3,Q0IIM8_907_985
843,3,Q0IIM8_382_443
844,3,Q0IIM8_1_66
845,3,Q0P140_1_79
846,3,Q0P651_235_337
847,3,Q0P6D2_1_33
848,3,Q0P6D6_1_55
849,3,Q0P6H9_1_39
850,3,Q0VAA2_1_81
851,3,Q0VAA5_1_31
852,3,Q0VAA5_272_305
853,3,Q0VAK6_431_560
854,3,Q0VAK6_88_239
855,3,Q0VAM2_1_34
856,3,Q0VD86_1_100
857,3,Q0VD86_138_236
858,3,Q0VDD5_1_57
859,3,Q0VDD8_2277_2342
860,3,Q0VDD8_3287_3324
861,3,Q0VDD8_2741_2791
862,3,Q0VDD8_3428_3465
863,3,Q0VDD8_2557_2588
864,3,Q0VDD8_2474_2507
865,3,Q0VDD8_895_1016
866,3,Q0VDD8_1171_1247
867,3,Q0VDD8_1444_1475
868,3,Q0VDD8_3356_3391
869,3,Q0VDD8_1506_1575
870,3,Q0VDE8_45_80
871,3,Q0VF96_795_833
872,3,Q0VF96_1243_1302
873,3,Q0VFZ6_323_362
874,3,Q0VFZ6_1_50
875,3,Q0VFZ6_513_552
876,3,Q0VG06_366_436
877,3,Q0VG06_601_711
878,3,Q0VG06_83_121
879,3,Q0VG06_164_210
880,3,Q0VG73_1_95
881,3,Q0VG99_1_81
882,3,Q0WX57_1_76
883,3,Q0WX57_380_530
884,3,Q0ZGT2_74_109
885,3,Q0ZGT2_1_32
886,3,Q0ZLH3_238_352
887,3,Q10469_1_83
888,3,Q10471_1_73
889,3,Q10472_21_57
890,3,Q10567_583_722
891,3,Q10570_536_575
892,3,Q10570_398_459
893,3,Q10570_895_930
894,3,Q10570_706_782
895,3,Q10588_284_318
896,3,Q10713_1_49
897,3,Q107X0_1_134
898,3,Q10981_1_62
899,3,Q11128_1_76
900,3,Q11201_1_54
901,3,Q11206_1_44
902,3,Q12756_812_845
903,3,Q12756_902_998
904,3,Q12756_1074_1120
905,3,Q12756_595_711
906,3,Q12756_1293_1358
907,3,Q12756_377_501
908,3,Q12767_654_683
909,3,Q12767_344_386
910,3,Q12767_769_820
911,3,Q12767_1025_1056
912,3,Q12767_874_957
913,3,Q12767_433_559
914,3,Q12769_1143_1176
915,3,Q12769_1_61
916,3,Q12770_1030_1072
917,3,Q12770_667_777
918,3,Q12772_398_539
919,3,Q12772_760_876
920,3,Q12772_1053_1085
921,3,Q12778_1_154
922,3,Q12789_2053_2109
923,3,Q12789_326_365
924,3,Q12789_1581_1688
925,3,Q12791_693_809
926,3,Q12791_1_88
927,3,Q12791_114_163
928,3,Q12791_951_1001
929,3,Q12791_1176_1236
930,3,Q12792_317_350
931,3,Q12800_1_68
932,3,Q12800_393_426
933,3,Q12800_277_327
934,3,Q12802_1834_1964
935,3,Q12802_2674_2813
936,3,Q12824_104_158
937,3,Q12829_221_278
938,3,Q12830_2783_2868
939,3,Q12830_1970_2005
940,3,Q12834_1_160
941,3,Q12836_449_540
942,3,Q12836_1_46
943,3,Q12840_899_1032
944,3,Q12840_801_835
945,3,Q12840_669_704
946,3,Q12840_374_419
947,3,Q12840_555_589
948,3,Q12846_1_39
949,3,Q12849_1_152
950,3,Q12849_324_404
951,3,Q12851_559_592
952,3,Q12852_1_116
953,3,Q12860_1_43
954,3,Q12864_1_32
955,3,Q12864_794_832
956,3,Q12866_477_570
957,3,Q12866_1_101
958,3,Q12866_861_999
959,3,Q12870_138_199
960,3,Q12870_1_65
961,3,Q12872_144_196
962,3,Q12872_1_39
963,3,Q12872_506_648
964,3,Q12873_1879_2000
965,3,Q12873_1_144
966,3,Q12873_683_718
967,3,Q12879_573_608
968,3,Q12879_1_47
969,3,Q12887_1_148
970,3,Q12893_249_351
971,3,Q12894_1_132
972,3,Q12899_376_435
973,3,Q12901_473_538
974,3,Q12904_73_150
975,3,Q12906_358_406
976,3,Q12906_466_525
977,3,Q12906_55_86
978,3,Q12907_1_53
979,3,Q12908_314_348
980,3,Q12913_962_1020
981,3,Q12913_1302_1337
982,3,Q12913_1_130
983,3,Q12913_259_333
984,3,Q12918_1_40
985,3,Q12923_1446_1503
986,3,Q12926_203_279
987,3,Q12926_1_39
988,3,Q12929_1_52
989,3,Q12929_792_822
990,3,Q12929_586_724
991,3,Q12929_204_262
992,3,Q12929_436_537
993,3,Q12931_1_74
994,3,Q12934_1_43
995,3,Q12946_1_43
996,3,Q12947_1_98
997,3,Q12948_1_71
998,3,Q12950_1_102
999,3,Q12951_1_116
1000,3,Q12952_1_42
1001,3,Q12955_1_40
1002,3,Q12959_649_703
1003,3,Q12959_400_466
1004,3,Q12959_558_589
1005,3,Q12962_1_113
1006,3,Q12965_925_1056
1007,3,Q12967_161_197
1008,3,Q12967_647_802
1009,3,Q12967_529_564
1010,3,Q12967_241_384
1011,3,Q12967_878_914
1012,3,Q12967_1_115
1013,3,Q12979_1_95
1014,3,Q12979_805_859
1015,3,Q12980_175_258
1016,3,Q12980_1_128
1017,3,Q12982_1_123
1018,3,Q12986_1077_1120
1019,3,Q12986_911_972
1020,3,Q12988_1_71
1021,3,Q13002_857_908
1022,3,Q13002_1_32
1023,3,Q13003_857_919
1024,3,Q13003_1_41
1025,3,Q13007_1_46
1026,3,Q13009_929_1038
1027,3,Q13009_666_774
1028,3,Q13011_1_52
1029,3,Q13015_1_90
1030,3,Q13017_568_600
1031,3,Q13017_748_786
1032,3,Q13017_1451_1502
1033,3,Q13018_1320_1463
1034,3,Q13018_1038_1073
1035,3,Q13018_1_38
1036,3,Q13023_1_76
1037,3,Q13023_917_962
1038,3,Q13033_1_67
1039,3,Q13042_526_620
1040,3,Q13042_93_127
1041,3,Q13043_312_437
1042,3,Q13045_735_770
1043,3,Q13045_832_880
1044,3,Q13045_373_492
1045,3,Q13045_938_985
1046,3,Q13046_1_34
1047,3,Q13049_296_359
1048,3,Q13049_529_567
1049,3,Q13057_149_183
1050,3,Q13061_1_41
1051,3,Q13064_415_507
1052,3,Q13066_1_116
1053,3,Q13069_1_117
1054,3,Q13070_1_117
1055,3,Q13072_1_43
1056,3,Q13075_924_979
1057,3,Q13075_819_851
1058,3,Q13077_126_177
1059,3,Q13077_1_92
1060,3,Q13085_1_105
1061,3,Q13085_1182_1291
1062,3,Q13085_1328_1358
1063,3,Q13087_1_39
1064,3,Q13093_1_54
1065,3,Q13098_1_36
1066,3,Q13099_1_131
1067,3,Q13099_723_824
1068,3,Q13103_135_211
1069,3,Q13107_625_720
1070,3,Q13107_217_300
1071,3,Q13107_925_963
1072,3,Q13111_760_797
1073,3,Q13111_606_729
1074,3,Q13111_440_558
1075,3,Q13111_840_956
1076,3,Q13113_1_114
1077,3,Q13114_1_34
1078,3,Q13115_1_49
1079,3,Q13115_159_194
1080,3,Q13115_335_394
1081,3,Q13117_510_558
1082,3,Q13117_106_207
1083,3,Q13117_1_44
1084,3,Q13123_379_522
1085,3,Q13123_280_325
1086,3,Q13123_111_156
1087,3,Q13123_1_71
1088,3,Q13129_1_52
1089,3,Q13131_476_559
1090,3,Q13131_361_403
1091,3,Q13133_1_93
1092,3,Q13136_1_38
1093,3,Q13136_130_166
1094,3,Q13136_204_254
1095,3,Q13136_509_631
1096,3,Q13136_1124_1202
1097,3,Q13137_340_427
1098,3,Q13144_447_556
1099,3,Q13144_1_47
1100,3,Q13145_67_147
1101,3,Q13145_188_260
1102,3,Q13148_72_106
1103,3,Q13151_175_305
1104,3,Q13153_1_85
1105,3,Q13153_125_250
1106,3,Q13155_1_115
1107,3,Q13156_1_47
1108,3,Q13162_1_70
1109,3,Q13163_105_164
1110,3,Q13164_1_52
1111,3,Q13166_1_31
1112,3,Q13177_1_83
1113,3,Q13177_125_230
1114,3,Q13183_159_213
1115,3,Q13185_1_30
1116,3,Q13185_78_113
1117,3,Q13188_309_436
1118,3,Q13190_208_259
1119,3,Q13190_1_75
1120,3,Q13191_1_40
1121,3,Q13203_1_69
1122,3,Q13206_762_875
1123,3,Q13207_1_101
1124,3,Q13214_677_749
1125,3,Q13216_363_396
1126,3,Q13217_460_504
1127,3,Q13217_1_34
1128,3,Q13219_1_101
1129,3,Q13219_1194_1276
1130,3,Q13224_573_610
1131,3,Q13224_1_49
1132,3,Q13231_388_420
1133,3,Q13233_592_632
1134,3,Q13233_394_551
1135,3,Q13237_395_435
1136,3,Q13237_77_140
1137,3,Q13239_177_276
1138,3,Q13242_76_115
1139,3,Q13242_179_221
1140,3,Q13247_66_111
1141,3,Q13255_127_156
1142,3,Q13255_1_41
1143,3,Q13258_230_266
1144,3,Q13258_324_359
1145,3,Q13263_88_129
1146,3,Q13263_1_64
1147,3,Q13268_1_30
1148,3,Q13275_708_785
1149,3,Q13275_146_187
1150,3,Q13275_1_32
1151,3,Q13277_1_31
1152,3,Q13278_1_110
1153,3,Q13283_410_466
1154,3,Q13285_107_223
1155,3,Q13286_1_95
1156,3,Q13286_233_272
1157,3,Q13287_1_79
1158,3,Q13291_1_40
1159,3,Q13291_258_335
1160,3,Q13303_1_38
1161,3,Q13304_1_51
1162,3,Q13308_680_799
1163,3,Q13308_1_33
1164,3,Q13309_1_94
1165,3,Q13315_351_396
1166,3,Q13315_817_893
1167,3,Q13315_1867_1914
1168,3,Q13315_2956_3010
1169,3,Q13315_1963_1997
1170,3,Q13315_2566_2600
1171,3,Q13315_545_684
1172,3,Q13319_331_367
1173,3,Q13322_411_486
1174,3,Q13323_1_160
1175,3,Q13324_1_35
1176,3,Q13324_382_411
1177,3,Q13326_1_32
1178,3,Q13330_61_95
1179,3,Q13330_431_480
1180,3,Q13332_1261_1377
1181,3,Q13332_1_36
1182,3,Q13332_1175_1212
1183,3,Q13336_1_33
1184,3,Q13342_657_694
1185,3,Q13342_1_44
1186,3,Q13349_1120_1161
1187,3,Q13352_1_81
1188,3,Q13356_450_520
1189,3,Q13356_198_234
1190,3,Q13361_1_81
1191,3,Q13362_442_524
1192,3,Q13363_355_440
1193,3,Q13367_1_44
1194,3,Q13367_255_300
1195,3,Q13368_299_373
1196,3,Q13370_1016_1056
1197,3,Q13371_1_57
1198,3,Q13371_93_135
1199,3,Q13393_1_59
1200,3,Q13393_495_646
1201,3,Q13395_840_886
1202,3,Q13395_167_243
1203,3,Q13395_1394_1462
1204,3,Q13395_1_100
1205,3,Q13402_1680_1750
1206,3,Q13402_1511_1579
1207,3,Q13402_1048_1154
1208,3,Q13405_1_36
1209,3,Q13410_474_526
1210,3,Q13421_271_306
1211,3,Q13421_1_64
1212,3,Q13421_591_630
1213,3,Q13422_1_120
1214,3,Q13423_1_51
1215,3,Q13424_1_89
1216,3,Q13424_166_219
1217,3,Q13425_201_246
1218,3,Q13425_49_118
1219,3,Q13426_204_336
1220,3,Q13432_1_58
1221,3,Q13433_378_419
1222,3,Q13433_1_50
1223,3,Q13433_457_595
1224,3,Q13434_421_485
1225,3,Q13435_66_146
1226,3,Q13438_1_42
1227,3,Q13439_1_145
1228,3,Q13439_223_291
1229,3,Q13439_2078_2230
1230,3,Q13442_1_87
1231,3,Q13443_166_212
1232,3,Q13443_1_48
1233,3,Q13443_718_819
1234,3,Q13443_395_425
1235,3,Q13444_1_56
1236,3,Q13444_723_863
1237,3,Q13444_163_213
1238,3,Q13449_1_40
1239,3,Q13454_1_34
1240,3,Q13459_1672_1702
1241,3,Q13459_1592_1640
1242,3,Q13459_1_150
1243,3,Q13459_685_831
1244,3,Q13461_1_66
1245,3,Q13461_166_319
1246,3,Q13464_682_728
1247,3,Q13464_394_435
1248,3,Q13464_861_908
1249,3,Q13464_1306_1354
1250,3,Q13464_514_552
1251,3,Q13464_1199_1232
1252,3,Q13464_1087_1129
1253,3,Q13464_994_1036
1254,3,Q13467_143_192
1255,3,Q13467_534_585
1256,3,Q13470_63_119
1257,3,Q13470_438_596
1258,3,Q13472_739_817
1259,3,Q13472_928_1001
1260,3,Q13472_843_904
1261,3,Q13474_868_957
1262,3,Q13474_1_91
1263,3,Q13477_227_382
1264,3,Q13478_435_541
1265,3,Q13485_460_491
1266,3,Q13487_260_334
1267,3,Q13487_75_207
1268,3,Q13488_662_712
1269,3,Q13488_129_170
1270,3,Q13489_1_36
1271,3,Q13489_91_170
1272,3,Q13489_333_382
1273,3,Q13490_1_52
1274,3,Q13490_113_183
1275,3,Q13490_356_393
1276,3,Q13496_1_39
1277,3,Q13505_393_466
1278,3,Q13505_1_154
1279,3,Q13506_82_194
1280,3,Q13507_700_765
1281,3,Q13508_271_389
1282,3,Q13515_1_115
1283,3,Q13516_1_100
1284,3,Q13516_179_323
1285,3,Q13520_249_282
1286,3,Q13530_1_33
1287,3,Q13530_296_400
1288,3,Q13530_64_94
1289,3,Q13535_399_544
1290,3,Q13535_1258_1396
1291,3,Q13535_1552_1630
1292,3,Q13535_2556_2594
1293,3,Q13535_1_82
1294,3,Q13536_1_156
1295,3,Q13541_83_118
1296,3,Q13542_83_120
1297,3,Q13547_384_482
1298,3,Q13555_297_427
1299,3,Q13557_297_347
1300,3,Q13557_467_499
1301,3,Q13561_67_212
1302,3,Q13562_1_85
1303,3,Q13568_449_498
1304,3,Q13568_112_246
1305,3,Q13569_1_106
1306,3,Q13569_330_410
1307,3,Q13571_233_262
1308,3,Q13571_110_190
1309,3,Q13572_327_414
1310,3,Q13574_249_284
1311,3,Q13574_747_795
1312,3,Q13574_1_91
1313,3,Q13576_646_685
1314,3,Q13576_1_34
1315,3,Q13576_820_879
1316,3,Q13576_1437_1485
1317,3,Q13586_1_49
1318,3,Q13591_1_37
1319,3,Q13591_635_790
1320,3,Q13591_928_1074
1321,3,Q13595_1_116
1322,3,Q13595_197_282
1323,3,Q13596_1_143
1324,3,Q13601_1_42
1325,3,Q13601_323_381
1326,3,Q13608_357_447
1327,3,Q13610_35_126
1328,3,Q13613_1_102
1329,3,Q13614_1_72
1330,3,Q13615_1060_1119
1331,3,Q13615_265_311
1332,3,Q13616_51_86
1333,3,Q13619_1_51
1334,3,Q13621_836_897
1335,3,Q13625_77_129
1336,3,Q13627_1_91
1337,3,Q13634_1_60
1338,3,Q13635_1_56
1339,3,Q13635_606_736
1340,3,Q13639_327_388
1341,3,Q13641_1_61
1342,3,Q13642_222_323
1343,3,Q13671_1_60
1344,3,Q13671_694_783
1345,3,Q13671_594_635
1346,3,Q13683_1_34
1347,3,Q13683_251_305
1348,3,Q13683_938_997
1349,3,Q13683_1063_1181
1350,3,Q13685_1_81
1351,3,Q13686_353_389
1352,3,Q13698_1_38
1353,3,Q13698_138_172
1354,3,Q13698_366_417
1355,3,Q13698_1202_1236
1356,3,Q13698_675_783
1357,3,Q13705_1_31
1358,3,Q13705_156_194
1359,3,Q13724_1_53
1360,3,Q13733_1_41
1361,3,Q13740_1_30
1362,3,Q13740_502_583
1363,3,Q13753_423_459
1364,3,Q13753_1_35
1365,3,Q13761_1_57
1366,3,Q13769_1_43
1367,3,Q13769_298_332
1368,3,Q13790_252_326
1369,3,Q13790_1_68
1370,3,Q13790_131_171
1371,3,Q13797_1_34
1372,3,Q13813_2221_2251
1373,3,Q13813_1_41
1374,3,Q13813_674_748
1375,3,Q13813_1554_1593
1376,3,Q13813_1993_2102
1377,3,Q13822_1_58
1378,3,Q13825_1_73
1379,3,Q13829_258_316
1380,3,Q13835_500_532
1381,3,Q13835_402_440
1382,3,Q13838_1_50
1383,3,Q13868_1_30
1384,3,Q13873_122_202
1385,3,Q13873_1_46
1386,3,Q13884_1_110
1387,3,Q13884_199_246
1388,3,Q13886_1_141
1389,3,Q13888_1_39
1390,3,Q13889_69_109
1391,3,Q13905_1_85
1392,3,Q13936_1325_1382
1393,3,Q13936_1_111
1394,3,Q13936_207_250
1395,3,Q13936_420_515
1396,3,Q13938_1_99
1397,3,Q13946_1_140
1398,3,Q13950_1_104
1399,3,Q13956_1_83
1400,3,Q13972_580_639
1401,3,Q13972_457_552
1402,3,Q13976_34_73
1403,3,Q14002_1_32
1404,3,Q14003_1_91
1405,3,Q14003_194_275
1406,3,Q14005_1191_1239
1407,3,Q14005_295_362
1408,3,Q14008_1415_1545
1409,3,Q14008_231_276
1410,3,Q14008_1075_1165
1411,3,Q14008_491_590
1412,3,Q14008_814_859
1413,3,Q14011_79_172
1414,3,Q14012_304_370
1415,3,Q14088_1_33
1416,3,Q14094_249_377
1417,3,Q14103_255_355
1418,3,Q14103_1_97
1419,3,Q14112_1074_1106
1420,3,Q14112_1_36
1421,3,Q14118_154_186
1422,3,Q14118_1_64
1423,3,Q14123_1_149
1424,3,Q14123_453_506
1425,3,Q14123_552_709
1426,3,Q14126_1_57
1427,3,Q14129_188_220
1428,3,Q14134_430_588
1429,3,Q14135_259_290
1430,3,Q14137_1_138
1431,3,Q14139_1_78
1432,3,Q14141_401_434
1433,3,Q14142_226_261
1434,3,Q14145_1_49
1435,3,Q14146_1116_1156
1436,3,Q14146_838_873
1437,3,Q14147_1080_1123
1438,3,Q14147_1_130
1439,3,Q14147_714_775
1440,3,Q14151_483_612
1441,3,Q14152_601_682
1442,3,Q14154_432_515
1443,3,Q14155_69_192
1444,3,Q14155_238_273
1445,3,Q14156_201_231
1446,3,Q14156_682_821
1447,3,Q14157_1_37
1448,3,Q14159_379_519
1449,3,Q14160_943_1005
1450,3,Q14160_810_866
1451,3,Q14161_357_427
1452,3,Q14164_649_716
1453,3,Q14165_1_41
1454,3,Q14165_225_292
1455,3,Q14168_313_360
1456,3,Q14168_1_86
1457,3,Q14168_132_170
1458,3,Q14181_67_152
1459,3,Q14183_1_89
1460,3,Q14184_1_122
1461,3,Q14186_1_115
1462,3,Q14186_339_410
1463,3,Q14188_1_130
1464,3,Q14188_351_446
1465,3,Q14191_1225_1262
1466,3,Q14191_1349_1432
1467,3,Q14191_1062_1156
1468,3,Q14191_1_48
1469,3,Q14194_507_572
1470,3,Q14195_506_570
1471,3,Q14197_1_36
1472,3,Q14201_134_252
1473,3,Q14202_1251_1286
1474,3,Q14202_543_575
1475,3,Q14203_1_31
1476,3,Q14203_94_226
1477,3,Q14203_333_374
1478,3,Q14203_1024_1100
1479,3,Q14204_471_529
1480,3,Q14204_923_958
1481,3,Q14204_4342_4379
1482,3,Q14207_121_242
1483,3,Q14209_301_437
1484,3,Q14209_1_129
1485,3,Q14236_1_149
1486,3,Q14241_1_33
1487,3,Q14241_697_798
1488,3,Q14242_355_412
1489,3,Q14244_1_63
1490,3,Q14244_611_749
1491,3,Q14246_1_49
1492,3,Q14246_853_886
1493,3,Q14247_397_493
1494,3,Q14249_1_62
1495,3,Q14254_340_428
1496,3,Q14257_1_60
1497,3,Q14258_76_107
1498,3,Q14258_356_436
1499,3,Q14264_444_508
1500,3,Q14289_1_46
1501,3,Q14289_359_426
1502,3,Q14296_1_91
1503,3,Q14296_182_222
1504,3,Q14296_447_478
1505,3,Q14315_2132_2260
1506,3,Q14315_2600_2637
1507,3,Q14315_1729_1792
1508,3,Q14315_1940_1992
1509,3,Q14315_1_36
1510,3,Q14318_1_90
1511,3,Q14318_372_412
1512,3,Q14320_111_165
1513,3,Q14320_274_304
1514,3,Q14324_148_247
1515,3,Q14324_1024_1055
1516,3,Q14324_1_57
1517,3,Q14331_186_258
1518,3,Q14331_1_50
1519,3,Q14332_147_201
1520,3,Q14332_1_40
1521,3,Q14392_601_662
1522,3,Q14393_1_74
1523,3,Q14406_67_99
1524,3,Q14416_820_872
1525,3,Q14432_1027_1071
1526,3,Q14432_776_805
1527,3,Q14432_1099_1141
1528,3,Q14435_1_98
1529,3,Q14439_1_30
1530,3,Q14444_1_48
1531,3,Q14449_353_435
1532,3,Q14449_1_108
1533,3,Q14451_1_101
1534,3,Q14451_350_425
1535,3,Q14457_1_124
1536,3,Q14469_1_35
1537,3,Q14469_156_280
1538,3,Q14493_204_270
1539,3,Q14493_1_68
1540,3,Q14498_324_431
1541,3,Q14498_1_147
1542,3,Q14500_1_47
1543,3,Q14500_372_433
1544,3,Q14511_555_694
1545,3,Q14512_1_56
1546,3,Q14512_157_208
1547,3,Q14517_678_714
1548,3,Q14517_3787_3836
1549,3,Q14517_1_37
1550,3,Q14520_273_315
1551,3,Q14520_1_78
1552,3,Q14524_1858_2016
1553,3,Q14524_1_69
1554,3,Q14524_1475_1506
1555,3,Q14525_1_59
1556,3,Q14525_363_404
1557,3,Q14527_712_828
1558,3,Q14527_1_64
1559,3,Q14527_166_221
1560,3,Q14532_402_448
1561,3,Q14532_1_100
1562,3,Q14533_1_102
1563,3,Q14533_415_505
1564,3,Q14534_1_124
1565,3,Q14541_322_408
1566,3,Q14542_227_283
1567,3,Q14549_331_363
1568,3,Q14562_1_30
1569,3,Q14563_672_771
1570,3,Q14566_656_726
1571,3,Q14566_783_821
1572,3,Q14566_252_331
1573,3,Q14568_231_284
1574,3,Q14571_317_357
1575,3,Q14571_663_699
1576,3,Q14571_887_970
1577,3,Q14571_995_1041
1578,3,Q14571_1123_1184
1579,3,Q14571_1696_1746
1580,3,Q14571_1565_1608
1581,3,Q14571_2423_2481
1582,3,Q14571_1819_1916
1583,3,Q14573_886_968
1584,3,Q14573_663_699
1585,3,Q14573_315_359
1586,3,Q14573_1685_1725
1587,3,Q14573_1541_1597
1588,3,Q14573_995_1039
1589,3,Q14573_1117_1179
1590,3,Q14573_2067_2119
1591,3,Q14573_1795_1871
1592,3,Q14573_2387_2471
1593,3,Q14573_2215_2270
1594,3,Q14574_108_142
1595,3,Q14574_1_41
1596,3,Q14576_202_286
1597,3,Q14576_1_38
1598,3,Q14582_144_209
1599,3,Q14582_1_51
1600,3,Q14585_1_68
1601,3,Q14588_669_700
1602,3,Q14592_493_562
1603,3,Q14596_330_368
1604,3,Q14596_258_290
1605,3,Q14596_82_215
1606,3,Q14602_1_36
1607,3,Q14623_1_45
1608,3,Q14623_367_411
1609,3,Q14624_596_742
1610,3,Q14624_1_33
1611,3,Q14626_318_422
1612,3,Q14641_1_139
1613,3,Q14643_1689_1802
1614,3,Q14643_2476_2538
1615,3,Q14643_1569_1614
1616,3,Q14643_315_362
1617,3,Q14643_660_708
1618,3,Q14643_1876_1971
1619,3,Q14643_1135_1189
1620,3,Q14651_1_124
1621,3,Q14653_106_192
1622,3,Q14654_359_390
1623,3,Q14654_1_35
1624,3,Q14657_1_54
1625,3,Q14667_687_735
1626,3,Q14667_538_579
1627,3,Q14667_381_425
1628,3,Q14669_1229_1265
1629,3,Q14669_754_825
1630,3,Q14669_1306_1437
1631,3,Q14674_1642_1678
1632,3,Q14674_1059_1142
1633,3,Q14676_1_34
1634,3,Q14678_305_448
1635,3,Q14679_1085_1199
1636,3,Q14679_941_977
1637,3,Q14681_229_263
1638,3,Q14681_1_71
1639,3,Q14683_940_981
1640,3,Q14684_220_300
1641,3,Q14686_1_51
1642,3,Q14687_820_850
1643,3,Q14690_606_641
1644,3,Q14690_985_1039
1645,3,Q14690_1_81
1646,3,Q14692_1_42
1647,3,Q14693_542_624
1648,3,Q14693_861_890
1649,3,Q14694_544_591
1650,3,Q14695_1_138
1651,3,Q14696_1_101
1652,3,Q14696_192_234
1653,3,Q14697_1_32
1654,3,Q14697_183_224
1655,3,Q14699_434_578
1656,3,Q14699_160_282
1657,3,Q14703_128_196
1658,3,Q14703_1_50
1659,3,Q14703_943_1052
1660,3,Q14714_1_53
1661,3,Q14722_1_60
1662,3,Q14738_1_96
1663,3,Q14738_521_602
1664,3,Q14739_54_212
1665,3,Q14746_461_513
1666,3,Q14746_141_177
1667,3,Q14764_810_893
1668,3,Q14765_671_748
1669,3,Q14766_1571_1721
1670,3,Q14766_1499_1533
1671,3,Q14766_726_883
1672,3,Q14766_1318_1354
1673,3,Q14773_1_46
1674,3,Q14774_343_488
1675,3,Q14789_3173_3259
1676,3,Q14789_3089_3143
1677,3,Q14789_2984_3028
1678,3,Q14789_2846_2886
1679,3,Q14789_2759_2809
1680,3,Q14789_2607_2643
1681,3,Q14789_2174_2204
1682,3,Q14789_1978_2017
1683,3,Q14789_1011_1057
1684,3,Q14789_1450_1490
1685,3,Q14789_1236_1310
1686,3,Q14789_1_53
1687,3,Q14789_109_198
1688,3,Q14789_426_473
1689,3,Q14789_1120_1165
1690,3,Q14789_933_984
1691,3,Q14790_176_226
1692,3,Q14790_358_401
1693,3,Q14802_1_87
1694,3,Q14807_1_46
1695,3,Q14831_1_36
1696,3,Q14831_856_915
1697,3,Q14832_1_35
1698,3,Q14832_829_879
1699,3,Q14833_852_912
1700,3,Q14833_1_48
1701,3,Q14839_1867_1912
1702,3,Q14839_406_451
1703,3,Q14839_1_158
1704,3,Q14847_79_206
1705,3,Q14849_1_50
1706,3,Q14849_181_230
1707,3,Q14863_1_138
1708,3,Q14872_1_143
1709,3,Q14896_679_730
1710,3,Q14896_251_360
1711,3,Q14896_91_166
1712,3,Q14919_96_205
1713,3,Q14940_1_47
1714,3,Q14943_316_382
1715,3,Q14943_1_30
1716,3,Q14952_223_304
1717,3,Q14953_221_304
1718,3,Q14954_224_304
1719,3,Q14956_501_572
1720,3,Q14956_325_370
1721,3,Q14956_1_33
1722,3,Q14957_1_44
1723,3,Q14957_573_606
1724,3,Q14966_1_146
1725,3,Q14973_313_349
1726,3,Q14980_116_220
1727,3,Q14980_1550_1596
1728,3,Q14980_387_419
1729,3,Q14980_1091_1128
1730,3,Q14982_1_43
1731,3,Q14990_194_250
1732,3,Q14990_1_112
1733,3,Q14993_1_48
1734,3,Q14995_1_101
1735,3,Q14999_1_114
1736,3,Q14999_1328_1428
1737,3,Q14999_1085_1148
1738,3,Q149M9_987_1032
1739,3,Q149M9_1507_1564
1740,3,Q149N8_237_279
1741,3,Q149N8_1640_1683
1742,3,Q149N8_1251_1297
1743,3,Q149N8_399_449
1744,3,Q14BN4_127_167
1745,3,Q14BN4_372_504
1746,3,Q14BN4_770_828
1747,3,Q14C87_1_53
1748,3,Q14C87_217_271
1749,3,Q14C87_792_917
1750,3,Q14C87_943_1099
1751,3,Q14CB8_78_113
1752,3,Q14CB8_1_42
1753,3,Q14CM0_161_194
1754,3,Q14CM0_1_55
1755,3,Q14CN2_865_919
1756,3,Q14CN4_1_124
1757,3,Q14CN4_437_511
1758,3,Q14CS0_216_253
1759,3,Q14CS0_1_127
1760,3,Q14CW9_118_198
1761,3,Q14CW9_241_347
1762,3,Q14CX5_217_256
1763,3,Q14CX5_425_464
1764,3,Q14CZ0_151_275
1765,3,Q14CZ0_1_32
1766,3,Q14CZ7_1_105
1767,3,Q14CZ8_1_31
1768,3,Q14CZ8_268_416
1769,3,Q14D04_712_833
1770,3,Q14DG7_785_898
1771,3,Q14DG7_926_1078
1772,3,Q14DG7_188_265
1773,3,Q14DG7_1_46
1774,3,Q15003_1_106
1775,3,Q15004_1_111
1776,3,Q15007_242_396
1777,3,Q15011_300_391
1778,3,Q15012_1_78
1779,3,Q15012_191_233
1780,3,Q15013_1_55
1781,3,Q15014_1_116
1782,3,Q15018_266_415
1783,3,Q15019_323_361
1784,3,Q15020_872_963
1785,3,Q15020_608_704
1786,3,Q15020_1_90
1787,3,Q15021_956_991
1788,3,Q15021_1288_1401
1789,3,Q15021_480_617
1790,3,Q15021_134_164
1791,3,Q15022_1_77
1792,3,Q15022_685_739
1793,3,Q15025_250_297
1794,3,Q15025_67_167
1795,3,Q15025_528_636
1796,3,Q15027_519_571
1797,3,Q15027_360_410
1798,3,Q15029_1_61
1799,3,Q15031_1_45
1800,3,Q15032_1016_1099
1801,3,Q15032_1_148
1802,3,Q15035_328_370
1803,3,Q15036_389_470
1804,3,Q15042_530_621
1805,3,Q15042_343_447
1806,3,Q15043_244_338
1807,3,Q15043_1_95
1808,3,Q15046_1_72
1809,3,Q15047_103_194
1810,3,Q15047_1_30
1811,3,Q15048_106_148
1812,3,Q15049_162_199
1813,3,Q15049_1_54
1814,3,Q15049_330_377
1815,3,Q15050_297_365
1816,3,Q15051_560_598
1817,3,Q15052_105_170
1818,3,Q15052_211_245
1819,3,Q15053_53_99
1820,3,Q15056_110_248
1821,3,Q15056_1_43
1822,3,Q15057_510_608
1823,3,Q15057_361_403
1824,3,Q15058_1047_1092
1825,3,Q15058_1538_1648
1826,3,Q15058_775_809
1827,3,Q15058_1164_1251
1828,3,Q15058_898_934
1829,3,Q15059_150_308
1830,3,Q15059_641_726
1831,3,Q15059_418_570
1832,3,Q15061_58_103
1833,3,Q15061_370_469
1834,3,Q15061_585_677
1835,3,Q15070_397_435
1836,3,Q15070_1_113
1837,3,Q15075_287_397
1838,3,Q15075_1_146
1839,3,Q15078_1_142
1840,3,Q15080_141_177
1841,3,Q15109_319_404
1842,3,Q15111_845_875
1843,3,Q15111_1_109
1844,3,Q15111_1058_1095
1845,3,Q15113_1_32
1846,3,Q15113_270_326
1847,3,Q15116_192_288
1848,3,Q15118_1_43
1849,3,Q15121_86_130
1850,3,Q15139_1_56
1851,3,Q15139_149_274
1852,3,Q15139_313_425
1853,3,Q15139_493_581
1854,3,Q15147_845_922
1855,3,Q15147_479_552
1856,3,Q15149_91_179
1857,3,Q15149_624_664
1858,3,Q15149_1903_1936
1859,3,Q15149_4600_4684
1860,3,Q15149_3678_3790
1861,3,Q15155_1_42
1862,3,Q15155_714_748
1863,3,Q15155_1150_1222
1864,3,Q15172_1_52
1865,3,Q15173_1_58
1866,3,Q15185_120_160
1867,3,Q15198_1_68
1868,3,Q15208_416_465
1869,3,Q15223_1_32
1870,3,Q15233_1_61
1871,3,Q15233_360_471
1872,3,Q15238_1_33
1873,3,Q15256_200_359
1874,3,Q15256_1_114
1875,3,Q15257_66_106
1876,3,Q15262_726_872
1877,3,Q15262_1_39
1878,3,Q15269_879_919
1879,3,Q15269_225_269
1880,3,Q15270_322_411
1881,3,Q15276_155_186
1882,3,Q15283_1_39
1883,3,Q15287_250_305
1884,3,Q15287_1_155
1885,3,Q15293_1_76
1886,3,Q15303_631_720
1887,3,Q15303_1_34
1888,3,Q15306_417_451
1889,3,Q15306_127_246
1890,3,Q15311_597_655
1891,3,Q15323_362_416
1892,3,Q15323_1_59
1893,3,Q15326_363_472
1894,3,Q15327_1_103
1895,3,Q15329_1_52
1896,3,Q15329_236_346
1897,3,Q15334_949_1064
1898,3,Q15334_642_716
1899,3,Q15345_1_53
1900,3,Q15345_557_586
1901,3,Q15349_695_733
1902,3,Q15349_556_593
1903,3,Q15349_1_60
1904,3,Q15349_367_415
1905,3,Q15361_857_905
1906,3,Q15365_166_286
1907,3,Q15366_165_294
1908,3,Q15375_895_929
1909,3,Q15375_532_616
1910,3,Q15375_1_37
1911,3,Q15386_349_390
1912,3,Q15386_635_681
1913,3,Q15389_251_284
1914,3,Q15389_1_87
1915,3,Q15390_1_134
1916,3,Q15390_176_333
1917,3,Q15397_1_120
1918,3,Q15398_42_87
1919,3,Q15406_153_246
1920,3,Q15406_1_60
1921,3,Q15413_3321_3368
1922,3,Q15413_4572_4605
1923,3,Q15413_1912_1956
1924,3,Q15413_1752_1793
1925,3,Q15413_4430_4471
1926,3,Q15413_3418_3489
1927,3,Q15418_699_735
1928,3,Q15418_1_63
1929,3,Q15418_357_417
1930,3,Q15418_559_596
1931,3,Q15424_481_611
1932,3,Q15424_1_31
1933,3,Q15431_413_454
1934,3,Q15431_1_110
1935,3,Q15434_1_52
1936,3,Q15435_1_65
1937,3,Q15459_100_149
1938,3,Q15459_1_48
1939,3,Q15465_272_307
1940,3,Q15465_1_39
1941,3,Q15465_385_462
1942,3,Q15466_1_39
1943,3,Q15475_186_284
1944,3,Q15477_157_287
1945,3,Q15477_874_904
1946,3,Q15477_1_81
1947,3,Q15485_1_83
1948,3,Q15486_1_140
1949,3,Q15506_67_110
1950,3,Q15526_1_53
1951,3,Q15527_140_256
1952,3,Q15528_142_200
1953,3,Q15542_378_422
1954,3,Q15544_1_93
1955,3,Q15545_183_273
1956,3,Q15554_1_85
1957,3,Q15555_1_50
1958,3,Q15555_180_237
1959,3,Q15555_296_327
1960,3,Q15560_80_136
1961,3,Q15561_122_212
1962,3,Q15561_1_56
1963,3,Q15562_115_226
1964,3,Q15562_1_59
1965,3,Q15569_1_48
1966,3,Q15572_267_312
1967,3,Q15573_1_53
1968,3,Q15582_636_683
1969,3,Q15583_237_373
1970,3,Q15596_1_37
1971,3,Q15596_81_112
1972,3,Q15596_171_259
1973,3,Q15599_96_154
1974,3,Q15599_242_337
1975,3,Q155Q3_473_517
1976,3,Q155Q3_551_604
1977,3,Q15628_158_201
1978,3,Q15629_327_374
1979,3,Q15633_95_161
1980,3,Q15633_227_273
1981,3,Q15637_1_35
1982,3,Q15642_473_542
1983,3,Q15642_287_394
1984,3,Q15643_1_59
1985,3,Q15643_616_653
1986,3,Q15643_1491_1574
1987,3,Q15648_1_67
1988,3,Q15649_39_85
1989,3,Q15650_67_160
1990,3,Q15651_1_99
1991,3,Q15652_1_43
1992,3,Q15653_303_356
1993,3,Q15653_153_193
1994,3,Q15653_1_44
1995,3,Q15661_1_31
1996,3,Q15672_1_101
1997,3,Q15691_134_193
1998,3,Q15695_338_479
1999,3,Q15696_330_482
2000,3,Q15697_1_45
2001,3,Q15699_1_128
2002,3,Q15699_198_326
2003,3,Q15700_513_543
2004,3,Q15700_274_423
2005,3,Q15700_1_101
2006,3,Q15700_601_668
2007,3,Q15714_1040_1073
2008,3,Q15717_183_247
2009,3,Q15722_301_352
2010,3,Q15726_1_138
2011,3,Q15738_1_36
2012,3,Q15742_1_37
2013,3,Q15742_113_243
2014,3,Q15743_300_365
2015,3,Q15746_1728_1815
2016,3,Q15746_593_633
2017,3,Q15746_1181_1242
2018,3,Q15750_368_504
2019,3,Q15751_3466_3496
2020,3,Q15751_1852_1897
2021,3,Q15751_2245_2292
2022,3,Q15751_3223_3367
2023,3,Q15751_3702_3742
2024,3,Q15751_3040_3162
2025,3,Q15751_1645_1706
2026,3,Q15751_2397_2500
2027,3,Q15751_883_992
2028,3,Q15751_347_376
2029,3,Q15751_115_166
2030,3,Q15751_2602_2761
2031,3,Q15751_2340_2370
2032,3,Q15751_1102_1134
2033,3,Q15758_489_541
2034,3,Q15758_1_50
2035,3,Q15760_352_415
2036,3,Q15760_1_64
2037,3,Q15761_254_353
2038,3,Q15762_286_336
2039,3,Q15772_1569_1605
2040,3,Q15772_1_50
2041,3,Q15772_805_873
2042,3,Q15772_1147_1192
2043,3,Q15773_200_248
2044,3,Q15773_1_101
2045,3,Q15784_1_106
2046,3,Q15785_152_188
2047,3,Q15788_166_253
2048,3,Q15788_1_116
2049,3,Q15796_179_264
2050,3,Q15796_74_122
2051,3,Q15797_143_260
2052,3,Q15811_100_220
2053,3,Q15811_302_403
2054,3,Q15811_1127_1163
2055,3,Q15811_1053_1082
2056,3,Q15811_965_1010
2057,3,Q15811_799_913
2058,3,Q15814_132_186
2059,3,Q15814_1_31
2060,3,Q15822_1_57
2061,3,Q15822_373_468
2062,3,Q15825_1_31
2063,3,Q15825_349_431
2064,3,Q15831_1_35
2065,3,Q15831_343_433
2066,3,Q15833_501_532
2067,3,Q15834_147_202
2068,3,Q15842_1_33
2069,3,Q15842_387_424
2070,3,Q15846_218_327
2071,3,Q15846_384_466
2072,3,Q15846_1_49
2073,3,Q15848_1_84
2074,3,Q15849_1_97
2075,3,Q15849_443_554
2076,3,Q15858_1_62
2077,3,Q15858_1850_1988
2078,3,Q15878_1_78
2079,3,Q15878_1230_1269
2080,3,Q15878_348_467
2081,3,Q15884_379_450
2082,3,Q15904_224_257
2083,3,Q15904_1_53
2084,3,Q15906_218_261
2085,3,Q15906_334_364
2086,3,Q15906_61_148
2087,3,Q15907_188_218
2088,3,Q15910_472_515
2089,3,Q15910_326_432
2090,3,Q15910_173_223
2091,3,Q15911_2197_2251
2092,3,Q15911_1456_1543
2093,3,Q15911_1571_1723
2094,3,Q15973_1_129
2095,3,Q16048_1_86
2096,3,Q16082_1_60
2097,3,Q16099_839_956
2098,3,Q16099_1_31
2099,3,Q16134_1_42
2100,3,Q16143_32_134
2101,3,Q16204_338_474
2102,3,Q16204_1_54
2103,3,Q16206_495_533
2104,3,Q16206_1_105
2105,3,Q16270_1_31
2106,3,Q16280_1_135
2107,3,Q16281_665_694
2108,3,Q16288_397_537
2109,3,Q16288_1_80
2110,3,Q16288_699_734
2111,3,Q16322_471_511
2112,3,Q16322_1_85
2113,3,Q16342_194_234
2114,3,Q16348_698_729
2115,3,Q16348_1_41
2116,3,Q16352_403_499
2117,3,Q16352_1_86
2118,3,Q16363_1_76
2119,3,Q16363_1392_1467
2120,3,Q16378_1_134
2121,3,Q16384_76_188
2122,3,Q16385_77_188
2123,3,Q16394_1_92
2124,3,Q16445_340_415
2125,3,Q16473_1_42
2126,3,Q16478_1_31
2127,3,Q16478_840_980
2128,3,Q16512_286_395
2129,3,Q16512_471_612
2130,3,Q16513_96_221
2131,3,Q16513_1_51
2132,3,Q16513_286_393
2133,3,Q16514_1_55
2134,3,Q16515_464_512
2135,3,Q16517_1_81
2136,3,Q16526_488_586
2137,3,Q16527_69_122
2138,3,Q16533_222_368
2139,3,Q16537_1_44
2140,3,Q16538_215_262
2141,3,Q16543_334_378
2142,3,Q16549_1_60
2143,3,Q16549_687_785
2144,3,Q16552_1_49
2145,3,Q16555_506_572
2146,3,Q16557_1_36
2147,3,Q16559_65_108
2148,3,Q16560_166_246
2149,3,Q16566_1_35
2150,3,Q16566_332_473
2151,3,Q16568_1_59
2152,3,Q16570_1_53
2153,3,Q16572_471_532
2154,3,Q16572_55_124
2155,3,Q16576_86_115
2156,3,Q16584_1_49
2157,3,Q16585_1_58
2158,3,Q16586_1_36
2159,3,Q16586_337_387
2160,3,Q16587_570_644
2161,3,Q16589_269_344
2162,3,Q16594_133_264
2163,3,Q16595_1_86
2164,3,Q16602_1_42
2165,3,Q16602_410_461
2166,3,Q16610_506_540
2167,3,Q16612_1_68
2168,3,Q16620_379_536
2169,3,Q16620_1_40
2170,3,Q16625_1_138
2171,3,Q16625_271_416
2172,3,Q16626_1_136
2173,3,Q16630_486_551
2174,3,Q16630_1_80
2175,3,Q16635_122_159
2176,3,Q16637_145_294
2177,3,Q16637_1_90
2178,3,Q16643_136_172
2179,3,Q16644_1_35
2180,3,Q16649_1_62
2181,3,Q16651_1_41
2182,3,Q16651_303_343
2183,3,Q16653_195_247
2184,3,Q16655_1_118
2185,3,Q16656_1_69
2186,3,Q16663_1_46
2187,3,Q16666_85_206
2188,3,Q16670_1_61
2189,3,Q16671_1_32
2190,3,Q16671_114_200
2191,3,Q16671_508_573
2192,3,Q16676_1_125
2193,3,Q16690_141_176
2194,3,Q16690_319_384
2195,3,Q16695_1_30
2196,3,Q16698_1_36
2197,3,Q16706_1_118
2198,3,Q16720_286_367
2199,3,Q16720_119_167
2200,3,Q16720_1_33
2201,3,Q16740_1_56
2202,3,Q16760_1_58
2203,3,Q16760_948_979
2204,3,Q16760_1083_1144
2205,3,Q16763_158_222
2206,3,Q16769_1_33
2207,3,Q16775_1_40
2208,3,Q16787_1_93
2209,3,Q16787_1067_1112
2210,3,Q16787_462_501
2211,3,Q16787_2922_2992
2212,3,Q16790_1_142
2213,3,Q16795_1_38
2214,3,Q16798_1_47
2215,3,Q16816_345_387
2216,3,Q16819_602_680
2217,3,Q16819_1_39
2218,3,Q16821_1_108
2219,3,Q16822_1_31
2220,3,Q16827_1_42
2221,3,Q16827_227_350
2222,3,Q16827_832_914
2223,3,Q16828_141_208
2224,3,Q16829_1_58
2225,3,Q16829_183_245
2226,3,Q16832_1_31
2227,3,Q16842_1_70
2228,3,Q16849_1_42
2229,3,Q16849_556_691
2230,3,Q16853_1_56
2231,3,Q16854_1_39
2232,3,Q16875_445_520
2233,3,Q16880_507_541
2234,3,Q16890_87_204
2235,3,Q16891_369_403
2236,3,Q17R60_1_81
2237,3,Q17R60_157_239
2238,3,Q17R60_702_797
2239,3,Q17RA5_1_79
2240,3,Q17RB8_322_471
2241,3,Q17RB8_93_196
2242,3,Q17RB8_1_51
2243,3,Q17RC7_1_139
2244,3,Q17RD7_466_507
2245,3,Q17RF5_1_130
2246,3,Q17RG1_253_287
2247,3,Q17RG1_105_172
2248,3,Q17RM4_271_305
2249,3,Q17RM4_649_750
2250,3,Q17RN3_127_157
2251,3,Q17RN3_316_349
2252,3,Q17RP2_74_163
2253,3,Q17RP2_382_467
2254,3,Q17RQ9_89_212
2255,3,Q17RQ9_1_36
2256,3,Q17RQ9_327_371
2257,3,Q17RQ9_539_610
2258,3,Q17RW2_1_80
2259,3,Q17RY6_1_35
2260,3,Q17RY6_120_165
2261,3,Q1A5X6_1_159
2262,3,Q1A5X7_1_44
2263,3,Q1AE95_1_132
2264,3,Q1EHB4_548_618
2265,3,Q1HG43_276_343
2266,3,Q1HG44_278_320
2267,3,Q1KMD3_636_747
2268,3,Q1L5Z9_100_141
2269,3,Q1L5Z9_310_443
2270,3,Q1MSJ5_862_997
2271,3,Q1MX18_1_123
2272,3,Q1RMZ1_126_165
2273,3,Q1RMZ1_356_405
2274,3,Q1T7F1_1_81
2275,3,Q1X8D7_695_754
2276,3,Q1ZYL8_184_232
2277,3,Q1ZZU3_1_148
2278,3,Q24JP5_1_53
2279,3,Q27J81_1_34
2280,3,Q29980_294_383
2281,3,Q29983_317_383
2282,3,Q2HXU8_1_43
2283,3,Q2I0M4_1_42
2284,3,Q2I0M4_301_334
2285,3,Q2I0M5_185_234
2286,3,Q2KHN1_211_245
2287,3,Q2KHR2_88_118
2288,3,Q2KHR3_1441_1540
2289,3,Q2KHT3_338_481
2290,3,Q2KHT4_48_132
2291,3,Q2KHT4_266_349
2292,3,Q2KJY2_613_642
2293,3,Q2KJY2_1_139
2294,3,Q2LD37_4873_4950
2295,3,Q2LD37_1669_1730
2296,3,Q2LD37_4759_4807
2297,3,Q2LD37_4587_4628
2298,3,Q2LD37_4274_4401
2299,3,Q2LD37_4073_4215
2300,3,Q2LD37_3476_3551
2301,3,Q2LD37_3300_3346
2302,3,Q2LD37_3046_3157
2303,3,Q2LD37_2916_2983
2304,3,Q2LD37_2832_2868
2305,3,Q2LD37_759_805
2306,3,Q2LD37_606_640
2307,3,Q2LD37_155_201
2308,3,Q2LD37_677_717
2309,3,Q2M1K9_1_147
2310,3,Q2M1P5_355_412
2311,3,Q2M1P5_864_923
2312,3,Q2M1P5_1202_1343
2313,3,Q2M1V0_144_245
2314,3,Q2M1V0_1_79
2315,3,Q2M243_271_405
2316,3,Q2M296_253_310
2317,3,Q2M2D7_178_210
2318,3,Q2M2D7_1_32
2319,3,Q2M2E5_1_130
2320,3,Q2M2I3_70_112
2321,3,Q2M2I5_1_144
2322,3,Q2M2I5_446_525
2323,3,Q2M2I8_1_37
2324,3,Q2M2W7_1_97
2325,3,Q2M385_620_716
2326,3,Q2M389_1_67
2327,3,Q2M389_1139_1173
2328,3,Q2M3A8_1_158
2329,3,Q2M3D2_356_409
2330,3,Q2M3G0_1_31
2331,3,Q2M3G0_614_679
2332,3,Q2M3G4_820_852
2333,3,Q2M3M2_1_42
2334,3,Q2M3M2_568_638
2335,3,Q2M3R5_1_69
2336,3,Q2M3T9_1_30
2337,3,Q2M3V2_441_549
2338,3,Q2M3W8_537_571
2339,3,Q2M3X9_323_387
2340,3,Q2MKA7_203_263
2341,3,Q2MKA7_1_38
2342,3,Q2MV58_164_211
2343,3,Q2MV58_1_74
2344,3,Q2NKJ3_310_356
2345,3,Q2NKJ3_695_734
2346,3,Q2NKJ3_866_941
2347,3,Q2NKQ1_184_255
2348,3,Q2NKX8_330_454
2349,3,Q2NKX9_62_104
2350,3,Q2NL67_1_38
2351,3,Q2NL67_151_262
2352,3,Q2NL82_309_466
2353,3,Q2NL82_1_45
2354,3,Q2NL98_132_169
2355,3,Q2PPJ7_441_504
2356,3,Q2PPJ7_307_388
2357,3,Q2PPJ7_1328_1367
2358,3,Q2PPJ7_1460_1600
2359,3,Q2Q1W2_233_286
2360,3,Q2T9J0_84_126
2361,3,Q2TAA8_1_58
2362,3,Q2TAA8_204_236
2363,3,Q2TAC6_471_505
2364,3,Q2TAC6_367_424
2365,3,Q2TAK8_524_566
2366,3,Q2TAL6_1_152
2367,3,Q2TAM9_179_212
2368,3,Q2TAM9_118_151
2369,3,Q2TAM9_1_55
2370,3,Q2TAY7_166_201
2371,3,Q2TAZ0_1_31
2372,3,Q2TAZ0_100_164
2373,3,Q2TAZ0_298_434
2374,3,Q2TAZ0_734_784
2375,3,Q2TAZ0_841_928
2376,3,Q2TAZ0_1604_1676
2377,3,Q2TAZ0_556_636
2378,3,Q2TAZ0_1803_1938
2379,3,Q2TB10_1_34
2380,3,Q2TB10_562_664
2381,3,Q2TB18_617_679
2382,3,Q2TBA0_260_303
2383,3,Q2TBC4_211_344
2384,3,Q2TBE0_523_647
2385,3,Q2TBF2_1_132
2386,3,Q2TV78_1_37
2387,3,Q2TV78_113_150
2388,3,Q2UY09_1_48
2389,3,Q2UY09_961_1073
2390,3,Q2V2M9_1272_1422
2391,3,Q2V2M9_320_457
2392,3,Q2VIQ3_782_818
2393,3,Q2VPA4_1_40
2394,3,Q2VPA4_535_569
2395,3,Q2VPB7_624_663
2396,3,Q2VPB7_206_266
2397,3,Q2VPJ9_265_315
2398,3,Q2VPK5_393_459
2399,3,Q2VPK5_175_220
2400,3,Q2VWP7_706_735
2401,3,Q2VWP7_1_41
2402,3,Q2VY69_524_593
2403,3,Q2VYF4_383_491
2404,3,Q2VYF4_1_129
2405,3,Q2WGJ9_402_464
2406,3,Q2WGJ9_507_555
2407,3,Q2WGJ9_1_73
2408,3,Q2WGJ9_1793_1857
2409,3,Q2WGN9_1_42
2410,3,Q2Y0W8_215_297
2411,3,Q2Y0W8_403_451
2412,3,Q2Y0W8_999_1093
2413,3,Q2Y0W8_1_105
2414,3,Q2YD98_380_538
2415,3,Q2YD98_202_301
2416,3,Q400G9_438_498
2417,3,Q400G9_324_406
2418,3,Q400G9_208_249
2419,3,Q401N2_1_54
2420,3,Q401N2_324_365
2421,3,Q460N3_1_87
2422,3,Q460N3_455_490
2423,3,Q460N3_260_298
2424,3,Q460N5_1383_1430
2425,3,Q460N5_83_157
2426,3,Q460N5_1185_1216
2427,3,Q460N5_974_1011
2428,3,Q494R0_1_122
2429,3,Q494U1_187_226
2430,3,Q494U1_1_97
2431,3,Q494V2_1_62
2432,3,Q494V2_274_389
2433,3,Q494V2_578_611
2434,3,Q494W8_1_42
2435,3,Q494W8_239_344
2436,3,Q494X3_1_160
2437,3,Q495A1_171_244
2438,3,Q495B1_491_522
2439,3,Q495D7_1_138
2440,3,Q495M3_1_59
2441,3,Q495N2_1_46
2442,3,Q495T6_1_89
2443,3,Q495W5_1_76
2444,3,Q495Y7_1_42
2445,3,Q495Y8_273_333
2446,3,Q496F6_128_205
2447,3,Q496H8_114_165
2448,3,Q496H8_1_35
2449,3,Q496J9_1_126
2450,3,Q496Y0_192_224
2451,3,Q496Y0_347_463
2452,3,Q496Y0_108_157
2453,3,Q496Y0_1_70
2454,3,Q499Z3_1_49
2455,3,Q499Z3_128_213
2456,3,Q499Z4_405_452
2457,3,Q49A17_1_64
2458,3,Q49A33_1_58
2459,3,Q49A92_1_94
2460,3,Q49AG3_1_115
2461,3,Q49AH0_1_36
2462,3,Q49AJ0_178_225
2463,3,Q49AM1_1_45
2464,3,Q49AM3_421_519
2465,3,Q49AM3_194_299
2466,3,Q49AM3_1_156
2467,3,Q49AN0_507_593
2468,3,Q49AR2_161_239
2469,3,Q49AS3_1_106
2470,3,Q49MI3_212_255
2471,3,Q49MI3_1_47
2472,3,Q4AC94_1552_1672
2473,3,Q4AC94_690_819
2474,3,Q4AC94_1_31
2475,3,Q4AC99_1_139
2476,3,Q4ADV7_1120_1255
2477,3,Q4ADV7_373_402
2478,3,Q4ADV7_1338_1423
2479,3,Q4ADV7_429_481
2480,3,Q4ADV7_979_1062
2481,3,Q4AE62_185_282
2482,3,Q4FZB7_1_73
2483,3,Q4FZB7_100_131
2484,3,Q4G0F5_295_336
2485,3,Q4G0G2_1_97
2486,3,Q4G0I0_1_132
2487,3,Q4G0J3_408_457
2488,3,Q4G0N0_28_100
2489,3,Q4G0N4_1_67
2490,3,Q4G0N7_1_80
2491,3,Q4G0N8_1087_1177
2492,3,Q4G0N8_915_948
2493,3,Q4G0N8_472_592
2494,3,Q4G0P3_609_638
2495,3,Q4G0P3_3610_3659
2496,3,Q4G0P3_1_46
2497,3,Q4G0P3_939_996
2498,3,Q4G0P3_1205_1333
2499,3,Q4G0P3_1514_1592
2500,3,Q4G0P3_1920_2020
2501,3,Q4G0P3_2099_2199
2502,3,Q4G0P3_4410_4452
2503,3,Q4G0P3_3836_3895
2504,3,Q4G0P3_3202_3264
2505,3,Q4G0S4_1_71
2506,3,Q4G0S7_198_254
2507,3,Q4G0T1_878_1027
2508,3,Q4G0U5_1_47
2509,3,Q4G0X9_922_990
2510,3,Q4G0Z9_458_494
2511,3,Q4G112_50_80
2512,3,Q4G148_22_108
2513,3,Q4G163_562_621
2514,3,Q4G176_1_47
2515,3,Q4G1C9_288_344
2516,3,Q4G1C9_1_39
2517,3,Q4J6C6_1_122
2518,3,Q4JDL3_1_119
2519,3,Q4KMG0_436_483
2520,3,Q4KMG9_72_183
2521,3,Q4KMP7_777_808
2522,3,Q4KMP7_647_727
2523,3,Q4KMQ2_150_179
2524,3,Q4KMQ2_1_53
2525,3,Q4KMZ1_56_158
2526,3,Q4KMZ8_94_139
2527,3,Q4KMZ8_178_207
2528,3,Q4KWH8_459_605
2529,3,Q4L180_590_626
2530,3,Q4L180_1_136
2531,3,Q4L235_138_192
2532,3,Q4L235_620_759
2533,3,Q4LDE5_1764_1805
2534,3,Q4LDE5_2309_2358
2535,3,Q4LDE5_498_552
2536,3,Q4LDE5_846_919
2537,3,Q4LDE5_1_68
2538,3,Q4LDE5_1147_1218
2539,3,Q4LE39_1270_1312
2540,3,Q4LE39_115_176
2541,3,Q4LE39_263_309
2542,3,Q4LEZ3_1_47
2543,3,Q4U2R8_516_563
2544,3,Q4UJ75_1_33
2545,3,Q4UJ75_734_823
2546,3,Q4V321_1_117
2547,3,Q4V326_1_110
2548,3,Q4V328_750_790
2549,3,Q4V328_312_341
2550,3,Q4V328_114_198
2551,3,Q4V328_620_709
2552,3,Q4V339_1_45
2553,3,Q4V339_72_121
2554,3,Q4V9L6_127_283
2555,3,Q4V9L6_1_81
2556,3,Q4VC05_55_210
2557,3,Q4VC12_1_42
2558,3,Q4VC39_1_106
2559,3,Q4VC44_1_121
2560,3,Q4VC44_667_716
2561,3,Q4VC44_181_274
2562,3,Q4VC44_346_427
2563,3,Q4VC44_486_516
2564,3,Q4VNC0_1165_1218
2565,3,Q4VNC0_999_1046
2566,3,Q4VNC0_754_800
2567,3,Q4VNC0_88_126
2568,3,Q4VNC1_1161_1196
2569,3,Q4VNC1_751_797
2570,3,Q4VNC1_999_1036
2571,3,Q4VX76_447_484
2572,3,Q4VXA5_1_90
2573,3,Q4VXA5_192_237
2574,3,Q4VXF1_1_159
2575,3,Q4VXU2_383_540
2576,3,Q4W4Y0_1_38
2577,3,Q4W5G0_393_485
2578,3,Q4W5G0_182_211
2579,3,Q4ZG55_1421_1490
2580,3,Q4ZG55_465_499
2581,3,Q4ZG55_614_659
2582,3,Q4ZG55_1_98
2583,3,Q4ZHG4_124_167
2584,3,Q4ZHG4_1_44
2585,3,Q4ZIN3_114_214
2586,3,Q4ZIN3_1_48
2587,3,Q4ZJI4_1_75
2588,3,Q502W6_1157_1294
2589,3,Q502W6_1001_1041
2590,3,Q502W6_289_443
2591,3,Q502W6_1_39
2592,3,Q502W7_1_111
2593,3,Q502W7_241_334
2594,3,Q502W7_525_563
2595,3,Q504Q3_383_496
2596,3,Q504Q3_622_657
2597,3,Q504Q3_763_809
2598,3,Q504Q3_1_64
2599,3,Q504T8_413_468
2600,3,Q504T8_155_269
2601,3,Q504T8_319_382
2602,3,Q504U0_1_45
2603,3,Q504Y0_257_315
2604,3,Q504Y0_421_543
2605,3,Q504Y0_1_94
2606,3,Q504Y2_1_133
2607,3,Q504Y3_196_332
2608,3,Q50LG9_294_332
2609,3,Q50LG9_363_401
2610,3,Q50LG9_428_513
2611,3,Q52LA3_1_45
2612,3,Q52LC2_1_35
2613,3,Q52LC2_186_224
2614,3,Q52LD8_162_249
2615,3,Q52LD8_400_501
2616,3,Q52LJ0_312_433
2617,3,Q52LR7_1_65
2618,3,Q52LW3_146_196
2619,3,Q52LW3_1_47
2620,3,Q52LW3_468_608
2621,3,Q52M58_1_125
2622,3,Q52M75_1_96
2623,3,Q52M93_1_157
2624,3,Q52M93_320_356
2625,3,Q52MB2_1_31
2626,3,Q52MB2_99_194
2627,3,Q52WX2_1_37
2628,3,Q52WX2_320_424
2629,3,Q537H7_1_98
2630,3,Q538Z0_1_58
2631,3,Q53EL6_1_144
2632,3,Q53EL9_891_994
2633,3,Q53EP0_1142_1204
2634,3,Q53EQ6_173_275
2635,3,Q53EQ6_1_55
2636,3,Q53EQ6_355_405
2637,3,Q53EV4_1_44
2638,3,Q53EZ4_395_441
2639,3,Q53EZ4_1_36
2640,3,Q53F19_1_92
2641,3,Q53F19_181_233
2642,3,Q53FD0_267_386
2643,3,Q53FE4_228_359
2644,3,Q53FP2_132_167
2645,3,Q53FZ2_1_39
2646,3,Q53GA4_123_152
2647,3,Q53GD3_178_217
2648,3,Q53GI3_1_64
2649,3,Q53GS7_336_388
2650,3,Q53GS7_1_131
2651,3,Q53GS9_1_107
2652,3,Q53GT1_596_634
2653,3,Q53H47_1_30
2654,3,Q53H47_261_349
2655,3,Q53H54_339_390
2656,3,Q53H76_1_37
2657,3,Q53H80_1_139
2658,3,Q53HC0_173_331
2659,3,Q53HC5_1_38
2660,3,Q53HL2_82_217
2661,3,Q53LP3_388_525
2662,3,Q53QV2_1_105
2663,3,Q53QZ3_187_247
2664,3,Q53QZ3_1_85
2665,3,Q53R12_120_184
2666,3,Q53R41_1_46
2667,3,Q53R41_739_773
2668,3,Q53RD9_1_36
2669,3,Q53RE8_1_36
2670,3,Q53RT3_1_102
2671,3,Q53RY4_122_161
2672,3,Q53S08_175_254
2673,3,Q53S99_1_150
2674,3,Q53SF7_1_53
2675,3,Q53SZ7_317_412
2676,3,Q53T94_1_72
2677,3,Q53T94_121_197
2678,3,Q53TN4_227_286
2679,3,Q53TS8_1_113
2680,3,Q562E7_301_353
2681,3,Q562E7_1_32
2682,3,Q562E7_1515_1615
2683,3,Q562E7_134_221
2684,3,Q562F6_1_30
2685,3,Q567U6_190_321
2686,3,Q567U6_420_451
2687,3,Q569G3_1_124
2688,3,Q569K4_64_144
2689,3,Q569K4_1_34
2690,3,Q569K4_380_471
2691,3,Q569K4_191_285
2692,3,Q569K4_317_348
2693,3,Q569K6_116_222
2694,3,Q56A73_1_40
2695,3,Q56P03_83_125
2696,3,Q56P03_1_38
2697,3,Q56VL3_1_154
2698,3,Q587J7_1088_1177
2699,3,Q587J8_121_217
2700,3,Q58A44_1_32
2701,3,Q58DX5_1_143
2702,3,Q58EX2_1526_1675
2703,3,Q58EX2_1_37
2704,3,Q58EX7_1038_1191
2705,3,Q58EX7_640_734
2706,3,Q58F21_376_511
2707,3,Q58F21_140_271
2708,3,Q58FF3_346_399
2709,3,Q58FF6_188_255
2710,3,Q58FF6_294_332
2711,3,Q58FF7_193_242
2712,3,Q58FF7_558_597
2713,3,Q58FF7_1_36
2714,3,Q58FF7_315_349
2715,3,Q58FF8_144_199
2716,3,Q58FG0_57_113
2717,3,Q58FG0_284_334
2718,3,Q58FG1_45_82
2719,3,Q58FG1_180_305
2720,3,Q58FG1_380_418
2721,3,Q58G82_1_49
2722,3,Q58WW2_821_860
2723,3,Q59EK9_200_248
2724,3,Q59EK9_320_446
2725,3,Q59H18_722_835
2726,3,Q59H18_391_446
2727,3,Q5BIV9_1_151
2728,3,Q5BJD5_1_46
2729,3,Q5BJE1_359_391
2730,3,Q5BJE1_581_653
2731,3,Q5BJF6_799_829
2732,3,Q5BJF6_552_606
2733,3,Q5BJF6_1_129
2734,3,Q5BJH2_1_57
2735,3,Q5BJH7_1_89
2736,3,Q5BKU9_1_88
2737,3,Q5BKX5_1_86
2738,3,Q5BKX6_716_768
2739,3,Q5BKX6_1_50
2740,3,Q5BKY1_245_277
2741,3,Q5BKY6_1_102
2742,3,Q5BKZ1_370_399
2743,3,Q5BKZ1_463_582
2744,3,Q5BLP8_1_32
2745,3,Q5BVD1_1_61
2746,3,Q5C9Z4_601_645
2747,3,Q5CZ79_742_823
2748,3,Q5CZ79_1_35
2749,3,Q5CZA5_557_627
2750,3,Q5CZC0_1_67
2751,3,Q5CZC0_160_195
2752,3,Q5CZC0_6123_6189
2753,3,Q5D1E8_1_44
2754,3,Q5D1E8_85_132
2755,3,Q5DID0_1_37
2756,3,Q5DID0_920_992
2757,3,Q5DID0_280_323
2758,3,Q5DID0_1067_1128
2759,3,Q5DID0_1220_1318
2760,3,Q5DJT8_1_121
2761,3,Q5DX21_275_431
2762,3,Q5EBL2_1_42
2763,3,Q5EBL4_252_293
2764,3,Q5EBL4_325_403
2765,3,Q5EBL8_1_35
2766,3,Q5EBM0_1_43
2767,3,Q5EBM4_1_114
2768,3,Q5EG05_87_197
2769,3,Q5F1R6_270_316
2770,3,Q5FWF4_853_912
2771,3,Q5FWF7_1_33
2772,3,Q5FYB0_1_67
2773,3,Q5FYB0_564_599
2774,3,Q5FYB1_1_43
2775,3,Q5FYB1_528_569
2776,3,Q5GAN6_1_113
2777,3,Q5GFL6_1_33
2778,3,Q5GH70_342_373
2779,3,Q5GH72_1_57
2780,3,Q5GH72_439_579
2781,3,Q5GH72_111_172
2782,3,Q5GH73_185_233
2783,3,Q5GH73_1_134
2784,3,Q5GH73_498_641
2785,3,Q5GH76_511_650
2786,3,Q5GH76_1_112
2787,3,Q5GH76_173_250
2788,3,Q5GH77_397_459
2789,3,Q5GH77_1_34
2790,3,Q5GJ75_1_120
2791,3,Q5H8A3_1_153
2792,3,Q5H8A4_593_653
2793,3,Q5H8C1_1187_1232
2794,3,Q5H8C1_1_32
2795,3,Q5H8C1_180_236
2796,3,Q5H8C1_974_1016
2797,3,Q5H913_186_290
2798,3,Q5H943_1_66
2799,3,Q5H9F3_1542_1610
2800,3,Q5H9F3_1657_1711
2801,3,Q5H9I0_333_405
2802,3,Q5H9I0_1_111
2803,3,Q5H9J7_1_111
2804,3,Q5H9J9_156_196
2805,3,Q5H9K5_84_177
2806,3,Q5H9K5_1_55
2807,3,Q5H9L4_1_96
2808,3,Q5H9M0_506_544
2809,3,Q5H9R7_274_304
2810,3,Q5H9U9_1132_1220
2811,3,Q5H9U9_464_603
2812,3,Q5HYA8_141_177
2813,3,Q5HYA8_1_42
2814,3,Q5HYC2_1_141
2815,3,Q5HYC2_209_251
2816,3,Q5HYI7_260_312
2817,3,Q5HYJ1_1_62
2818,3,Q5HYJ3_143_244
2819,3,Q5HYK3_1_56
2820,3,Q5HYK7_468_502
2821,3,Q5HYK7_623_669
2822,3,Q5HYK9_63_152
2823,3,Q5HYK9_206_335
2824,3,Q5HYM0_1_107
2825,3,Q5HYM0_145_188
2826,3,Q5HYN5_1_118
2827,3,Q5HYW3_306_361
2828,3,Q5HYW3_413_569
2829,3,Q5HYW3_42_154
2830,3,Q5I0G3_464_518
2831,3,Q5I0X4_61_101
2832,3,Q5IJ48_1_56
2833,3,Q5JNZ3_628_666
2834,3,Q5JPB2_1_145
2835,3,Q5JPE7_1_41
2836,3,Q5JPE7_1161_1267
2837,3,Q5JPE7_714_748
2838,3,Q5JPF3_1486_1531
2839,3,Q5JPF3_1332_1381
2840,3,Q5JPF3_1_45
2841,3,Q5JPF3_1669_1711
2842,3,Q5JPH6_1_37
2843,3,Q5JPI3_95_141
2844,3,Q5JPI3_286_329
2845,3,Q5JPI9_198_291
2846,3,Q5JQD4_1_70
2847,3,Q5JQF7_1_62
2848,3,Q5JQS6_1_135
2849,3,Q5JR12_1_69
2850,3,Q5JR59_1326_1369
2851,3,Q5JR98_1_96
2852,3,Q5JRA6_1_34
2853,3,Q5JRA6_1409_1453
2854,3,Q5JRK9_1_111
2855,3,Q5JRM2_1_35
2856,3,Q5JRS4_254_329
2857,3,Q5JRV8_124_210
2858,3,Q5JRV8_246_349
2859,3,Q5JRX3_1_34
0,4,Q5JS13_1_43
1,4,Q5JS13_286_438
2,4,Q5JS37_1_43
3,4,Q5JSH3_852_913
4,4,Q5JSH3_554_593
5,4,Q5JSJ4_237_272
6,4,Q5JSL3_269_316
7,4,Q5JSL3_1329_1394
8,4,Q5JSL3_2032_2073
9,4,Q5JSL3_1177_1279
10,4,Q5JSL3_1_45
11,4,Q5JSL3_423_455
12,4,Q5JSL3_137_182
13,4,Q5JSP0_1_159
14,4,Q5JSP0_472_611
15,4,Q5JST6_701_749
16,4,Q5JT25_1_31
17,4,Q5JT25_192_222
18,4,Q5JTD0_1_38
19,4,Q5JTD7_256_316
20,4,Q5JTH9_1_111
21,4,Q5JTJ3_1_41
22,4,Q5JTW2_541_689
23,4,Q5JTW2_311_458
24,4,Q5JTY5_1_122
25,4,Q5JTZ9_1_39
26,4,Q5JU00_1_73
27,4,Q5JU67_1_40
28,4,Q5JU67_376_520
29,4,Q5JU69_1_40
30,4,Q5JUK2_1_49
31,4,Q5JUK3_615_735
32,4,Q5JUK3_1_79
33,4,Q5JUK9_1_113
34,4,Q5JUQ0_1_36
35,4,Q5JUX0_1_48
36,4,Q5JV73_1_59
37,4,Q5JV73_130_182
38,4,Q5JV73_1766_1810
39,4,Q5JVG2_793_852
40,4,Q5JVL4_1_76
41,4,Q5JVL4_533_570
42,4,Q5JW98_1_32
43,4,Q5JW98_267_314
44,4,Q5JWR5_1539_1633
45,4,Q5JWR5_1991_2034
46,4,Q5JWR5_386_506
47,4,Q5JXA9_266_342
48,4,Q5JXA9_1_40
49,4,Q5JXM2_1_108
50,4,Q5JXX7_1_85
51,4,Q5JY77_1366_1395
52,4,Q5JYT7_1048_1200
53,4,Q5JZY3_1_39
54,4,Q5JZY3_902_943
55,4,Q5JZY3_439_474
56,4,Q5JZY3_539_626
57,4,Q5K130_1_101
58,4,Q5K131_1_121
59,4,Q5K4E3_1_46
60,4,Q5K4E3_465_501
61,4,Q5K4E3_562_603
62,4,Q5K4E3_807_855
63,4,Q5K4L6_111_167
64,4,Q5K651_72_167
65,4,Q5KSL6_1195_1271
66,4,Q5KU26_1_39
67,4,Q5M7Z0_1_144
68,4,Q5M8T2_310_416
69,4,Q5M9N0_690_736
70,4,Q5M9N0_1_87
71,4,Q5MAI5_302_379
72,4,Q5MCW4_54_194
73,4,Q5MIZ7_485_537
74,4,Q5MJ07_1_72
75,4,Q5MJ08_1_99
76,4,Q5MJ09_1_141
77,4,Q5MJ68_207_293
78,4,Q5MJ68_1_52
79,4,Q5MJ70_220_313
80,4,Q5MJ70_1_65
81,4,Q5MNV8_1_44
82,4,Q5MNZ9_264_301
83,4,Q5MNZ9_357_446
84,4,Q5NDL2_1_32
85,4,Q5NUL3_322_361
86,4,Q5PRF9_150_294
87,4,Q5PRF9_395_469
88,4,Q5PSV4_181_251
89,4,Q5PSV4_1_49
90,4,Q5PT55_1_148
91,4,Q5QFB9_1_102
92,4,Q5QGT7_157_225
93,4,Q5QGZ9_1_41
94,4,Q5QJ74_1_43
95,4,Q5QP82_332_403
96,4,Q5QP82_1_159
97,4,Q5R372_242_277
98,4,Q5R372_1_134
99,4,Q5R372_432_499
100,4,Q5R387_1_70
101,4,Q5R3F8_235_303
102,4,Q5RGS3_1_70
103,4,Q5RI15_1_118
104,4,Q5RIA9_71_124
105,4,Q5RIA9_1_44
106,4,Q5RKV6_68_101
107,4,Q5S007_1599_1632
108,4,Q5S007_321_353
109,4,Q5S007_1_124
110,4,Q5SNT2_1_31
111,4,Q5SNT2_219_282
112,4,Q5SNV9_734_787
113,4,Q5SNV9_817_875
114,4,Q5SQ64_259_297
115,4,Q5SQ80_1_35
116,4,Q5SQ80_731_823
117,4,Q5SQH8_284_315
118,4,Q5SQH8_1_144
119,4,Q5SQN1_1_56
120,4,Q5SQN1_213_261
121,4,Q5SQN1_344_413
122,4,Q5SQQ9_1_76
123,4,Q5SQQ9_186_334
124,4,Q5SQS7_237_294
125,4,Q5SQS8_1_70
126,4,Q5SQS8_179_335
127,4,Q5SR56_403_506
128,4,Q5SR56_1_44
129,4,Q5SRE5_1697_1749
130,4,Q5SRE5_1615_1651
131,4,Q5SRE5_1495_1548
132,4,Q5SRE5_1245_1286
133,4,Q5SRE5_1363_1397
134,4,Q5SRH9_137_185
135,4,Q5SRI9_1_95
136,4,Q5SRR4_1_37
137,4,Q5SSG8_432_566
138,4,Q5SSG8_1_50
139,4,Q5SSJ5_423_553
140,4,Q5SSJ5_230_259
141,4,Q5SSJ5_1_146
142,4,Q5SSQ6_108_148
143,4,Q5ST30_1_84
144,4,Q5SVJ3_1_147
145,4,Q5SVQ8_1_72
146,4,Q5SVZ6_781_818
147,4,Q5SVZ6_931_960
148,4,Q5SW96_182_308
149,4,Q5SW96_1_39
150,4,Q5SWH9_1_86
151,4,Q5SWL7_102_153
152,4,Q5SWL7_228_263
153,4,Q5SWL8_449_479
154,4,Q5SWL8_108_154
155,4,Q5SWW7_1_151
156,4,Q5SWX8_396_454
157,4,Q5SXH7_388_465
158,4,Q5SXM1_1_107
159,4,Q5SXM2_1_87
160,4,Q5SXM2_115_173
161,4,Q5SXM8_1_63
162,4,Q5SXM8_131_178
163,4,Q5SY16_457_499
164,4,Q5SY16_1_118
165,4,Q5SY16_663_702
166,4,Q5SY85_1_155
167,4,Q5SYB0_1_62
168,4,Q5SYB0_126_180
169,4,Q5SYC1_270_327
170,4,Q5SYE7_1_92
171,4,Q5SZI1_216_272
172,4,Q5SZJ8_122_174
173,4,Q5SZJ8_1_61
174,4,Q5SZK8_1400_1436
175,4,Q5SZK8_925_964
176,4,Q5SZK8_227_260
177,4,Q5SZK8_1_75
178,4,Q5SZK8_3013_3169
179,4,Q5SZL2_404_445
180,4,Q5SZL2_672_715
181,4,Q5T011_349_385
182,4,Q5T011_200_235
183,4,Q5T011_690_795
184,4,Q5T011_866_905
185,4,Q5T011_960_991
186,4,Q5T011_2854_2984
187,4,Q5T011_3196_3251
188,4,Q5T011_1059_1122
189,4,Q5T011_2705_2795
190,4,Q5T011_1146_1290
191,4,Q5T011_1775_1924
192,4,Q5T011_1986_2031
193,4,Q5T011_2095_2163
194,4,Q5T011_2395_2506
195,4,Q5T089_462_497
196,4,Q5T0B9_352_420
197,4,Q5T0D9_1_63
198,4,Q5T0F9_328_386
199,4,Q5T0F9_219_283
200,4,Q5T0F9_440_533
201,4,Q5T0J3_1_134
202,4,Q5T0J7_112_233
203,4,Q5T0J7_1_41
204,4,Q5T0L3_228_261
205,4,Q5T0N1_771_900
206,4,Q5T0N1_377_459
207,4,Q5T0N1_311_340
208,4,Q5T0N5_286_398
209,4,Q5T0N5_475_537
210,4,Q5T0T0_1_77
211,4,Q5T0T0_241_291
212,4,Q5T0W9_66_108
213,4,Q5T124_292_336
214,4,Q5T124_473_520
215,4,Q5T124_154_203
216,4,Q5T124_1_74
217,4,Q5T197_1_37
218,4,Q5T197_201_240
219,4,Q5T197_619_706
220,4,Q5T1B0_822_924
221,4,Q5T1B0_963_1012
222,4,Q5T1C6_1_43
223,4,Q5T1H1_2333_2386
224,4,Q5T1H1_1_85
225,4,Q5T1H1_854_912
226,4,Q5T1H1_1052_1137
227,4,Q5T1H1_1988_2117
228,4,Q5T1H1_2685_2719
229,4,Q5T1J5_1_117
230,4,Q5T1J6_1_154
231,4,Q5T1M5_1_74
232,4,Q5T1M5_861_893
233,4,Q5T1Q4_1_54
234,4,Q5T1Q4_359_408
235,4,Q5T1S8_58_102
236,4,Q5T1V6_1_97
237,4,Q5T1V6_138_175
238,4,Q5T200_709_756
239,4,Q5T200_1_158
240,4,Q5T230_140_270
241,4,Q5T230_1_64
242,4,Q5T292_1_105
243,4,Q5T2D3_267_398
244,4,Q5T2D3_199_235
245,4,Q5T2E6_264_369
246,4,Q5T2N8_1_135
247,4,Q5T2Q4_330_361
248,4,Q5T2Q4_1_137
249,4,Q5T2R2_1_99
250,4,Q5T2S8_138_175
251,4,Q5T2S8_305_452
252,4,Q5T2T1_295_353
253,4,Q5T2W1_101_137
254,4,Q5T2W1_333_381
255,4,Q5T2W1_469_519
256,4,Q5T319_1_152
257,4,Q5T3F8_725_832
258,4,Q5T3F8_1_133
259,4,Q5T3I0_106_149
260,4,Q5T3U5_182_223
261,4,Q5T3U5_807_869
262,4,Q5T3U5_910_968
263,4,Q5T3Y7_1_98
264,4,Q5T440_1_49
265,4,Q5T442_299_439
266,4,Q5T442_117_209
267,4,Q5T447_148_177
268,4,Q5T447_61_97
269,4,Q5T481_1196_1227
270,4,Q5T481_441_521
271,4,Q5T4B2_561_595
272,4,Q5T4F4_1_42
273,4,Q5T4F4_231_345
274,4,Q5T4F7_1_51
275,4,Q5T4H9_1_136
276,4,Q5T4I8_1_152
277,4,Q5T4S7_4794_4837
278,4,Q5T4S7_883_913
279,4,Q5T4S7_1_40
280,4,Q5T4S7_3830_3870
281,4,Q5T4S7_3763_3799
282,4,Q5T4S7_3327_3390
283,4,Q5T4S7_2586_2632
284,4,Q5T4S7_2429_2483
285,4,Q5T4S7_4032_4125
286,4,Q5T4S7_2253_2292
287,4,Q5T4S7_1724_1797
288,4,Q5T4S7_1604_1662
289,4,Q5T4S7_547_646
290,4,Q5T4S7_425_472
291,4,Q5T4S7_157_237
292,4,Q5T4T6_1_32
293,4,Q5T4W7_1_117
294,4,Q5T5A4_96_169
295,4,Q5T5A8_1_94
296,4,Q5T5B0_1_92
297,4,Q5T5C0_545_599
298,4,Q5T5C0_673_796
299,4,Q5T5C0_1_41
300,4,Q5T5C0_879_914
301,4,Q5T5F5_1_129
302,4,Q5T5J6_707_757
303,4,Q5T5J6_533_576
304,4,Q5T5M9_247_372
305,4,Q5T5S1_462_534
306,4,Q5T5S1_253_296
307,4,Q5T5U3_1_103
308,4,Q5T5U3_1051_1147
309,4,Q5T5X7_477_539
310,4,Q5T5X7_342_397
311,4,Q5T5X7_650_702
312,4,Q5T5Y3_1_30
313,4,Q5T5Y3_1347_1475
314,4,Q5T601_1_140
315,4,Q5T601_845_910
316,4,Q5T653_1_62
317,4,Q5T655_122_160
318,4,Q5T655_693_729
319,4,Q5T655_828_872
320,4,Q5T681_189_223
321,4,Q5T681_1_117
322,4,Q5T686_82_147
323,4,Q5T6F0_1_56
324,4,Q5T6F2_1_41
325,4,Q5T6R2_1_138
326,4,Q5T6S3_1_40
327,4,Q5T6X5_845_926
328,4,Q5T700_1_39
329,4,Q5T742_1_122
330,4,Q5T751_1_118
331,4,Q5T752_1_114
332,4,Q5T753_1_118
333,4,Q5T754_1_118
334,4,Q5T7M4_1_112
335,4,Q5T7M9_110_141
336,4,Q5T7M9_1_32
337,4,Q5T7N3_605_758
338,4,Q5T7P2_1_110
339,4,Q5T7P3_1_118
340,4,Q5T7P6_105_136
341,4,Q5T7P6_1_50
342,4,Q5T7R7_46_199
343,4,Q5T7V8_1_138
344,4,Q5T7V8_296_369
345,4,Q5T7W0_833_876
346,4,Q5T7W7_1_57
347,4,Q5T7W7_114_151
348,4,Q5T7W7_477_516
349,4,Q5T848_1_79
350,4,Q5T848_218_268
351,4,Q5T848_353_399
352,4,Q5T870_1_116
353,4,Q5T871_1_98
354,4,Q5T890_1_36
355,4,Q5T890_75_111
356,4,Q5T8D3_1_42
357,4,Q5T8I9_285_320
358,4,Q5T8P6_602_719
359,4,Q5T8P6_844_891
360,4,Q5T8P6_953_1007
361,4,Q5T9A4_570_648
362,4,Q5T9A4_1_58
363,4,Q5T9C9_1_44
364,4,Q5T9G4_1_61
365,4,Q5T9L3_492_541
366,4,Q5T9S5_1_120
367,4,Q5T9S5_386_517
368,4,Q5T9Z0_229_273
369,4,Q5TA31_1_132
370,4,Q5TA76_1_89
371,4,Q5TA77_1_95
372,4,Q5TA78_1_99
373,4,Q5TA79_1_106
374,4,Q5TA81_1_110
375,4,Q5TA82_1_110
376,4,Q5TA89_119_166
377,4,Q5TAB7_1_77
378,4,Q5TAG4_1_71
379,4,Q5TAH2_478_599
380,4,Q5TAH2_1082_1124
381,4,Q5TAP6_1_94
382,4,Q5TAP6_734_766
383,4,Q5TAQ9_1_139
384,4,Q5TAQ9_532_597
385,4,Q5TAT6_1_49
386,4,Q5TAX3_569_616
387,4,Q5TB30_779_811
388,4,Q5TB30_699_728
389,4,Q5TB30_103_188
390,4,Q5TB80_1110_1171
391,4,Q5TB80_758_787
392,4,Q5TBA9_1701_1798
393,4,Q5TBA9_1512_1601
394,4,Q5TBA9_1921_2040
395,4,Q5TBA9_703_738
396,4,Q5TBA9_913_967
397,4,Q5TBA9_1367_1405
398,4,Q5TBA9_1_64
399,4,Q5TBA9_131_161
400,4,Q5TBB1_231_312
401,4,Q5TBC7_1_50
402,4,Q5TBE3_1_101
403,4,Q5TBK1_191_243
404,4,Q5TBK1_1_31
405,4,Q5TC04_1_95
406,4,Q5TC12_1_71
407,4,Q5TC79_449_503
408,4,Q5TC84_315_451
409,4,Q5TC84_1_92
410,4,Q5TCM9_1_118
411,4,Q5TCQ9_493_581
412,4,Q5TCQ9_930_1023
413,4,Q5TCQ9_804_860
414,4,Q5TCQ9_649_722
415,4,Q5TCQ9_195_301
416,4,Q5TCQ9_370_401
417,4,Q5TCS8_1039_1090
418,4,Q5TCS8_1191_1258
419,4,Q5TCS8_894_933
420,4,Q5TCS8_182_211
421,4,Q5TCX8_1_46
422,4,Q5TCZ1_127_174
423,4,Q5TCZ1_216_273
424,4,Q5TCZ1_321_453
425,4,Q5TD94_375_414
426,4,Q5TDH0_73_142
427,4,Q5TDH0_370_399
428,4,Q5TDP6_1_69
429,4,Q5TEA3_1_30
430,4,Q5TEA3_1034_1068
431,4,Q5TEA6_644_688
432,4,Q5TEA6_1_101
433,4,Q5TEJ8_539_643
434,4,Q5TEJ8_391_423
435,4,Q5TEU4_1_47
436,4,Q5TEZ4_1_76
437,4,Q5TEZ5_299_329
438,4,Q5TF21_892_947
439,4,Q5TF21_736_813
440,4,Q5TF21_494_524
441,4,Q5TF39_138_177
442,4,Q5TF39_428_518
443,4,Q5TF58_1_51
444,4,Q5TF58_90_191
445,4,Q5TF58_312_412
446,4,Q5TF58_480_517
447,4,Q5TFE4_338_378
448,4,Q5TFG8_161_222
449,4,Q5TG30_488_585
450,4,Q5TG30_116_189
451,4,Q5TG30_1_72
452,4,Q5TG53_1_156
453,4,Q5TGI0_1_64
454,4,Q5TGI0_333_409
455,4,Q5TGI4_66_173
456,4,Q5TGL8_140_231
457,4,Q5TGP6_525_573
458,4,Q5TGP6_201_236
459,4,Q5TGP6_368_399
460,4,Q5TGS1_54_186
461,4,Q5TGU0_1_95
462,4,Q5TGY1_520_634
463,4,Q5TGY1_174_248
464,4,Q5TGY1_1_36
465,4,Q5TH69_1630_1764
466,4,Q5TH69_1299_1451
467,4,Q5TH69_173_206
468,4,Q5TH69_1147_1184
469,4,Q5TH69_264_318
470,4,Q5TH69_705_738
471,4,Q5TH69_376_407
472,4,Q5THJ4_111_149
473,4,Q5THJ4_894_955
474,4,Q5THJ4_1686_1789
475,4,Q5THJ4_1_32
476,4,Q5THJ4_1230_1275
477,4,Q5THJ4_2413_2466
478,4,Q5THJ4_1021_1088
479,4,Q5THJ4_1123_1172
480,4,Q5THJ4_565_615
481,4,Q5THJ4_1834_1875
482,4,Q5THJ4_2064_2151
483,4,Q5THJ4_395_503
484,4,Q5THJ4_4319_4388
485,4,Q5THJ4_1316_1380
486,4,Q5THJ4_3951_3985
487,4,Q5THJ4_3595_3625
488,4,Q5THJ4_3787_3828
489,4,Q5THJ4_4069_4226
490,4,Q5THJ4_2592_2644
491,4,Q5THJ4_2671_2708
492,4,Q5THJ4_3657_3688
493,4,Q5THR3_559_628
494,4,Q5THR3_351_504
495,4,Q5THR3_1380_1424
496,4,Q5THR3_234_289
497,4,Q5THR3_130_165
498,4,Q5THR3_689_734
499,4,Q5THR3_798_843
500,4,Q5THR3_913_1057
501,4,Q5THR3_1_58
502,4,Q5THR3_1234_1317
503,4,Q5TIA1_1_33
504,4,Q5TIA1_1229_1274
505,4,Q5TIE3_913_1052
506,4,Q5TIE3_1086_1140
507,4,Q5TIE3_169_213
508,4,Q5TIE3_76_122
509,4,Q5TKA1_282_338
510,4,Q5TKA1_1_103
511,4,Q5TYW2_1_35
512,4,Q5TYW2_733_823
513,4,Q5TYX0_105_150
514,4,Q5TZF3_1_36
515,4,Q5TZK3_1_123
516,4,Q5U4P2_1_160
517,4,Q5U5R9_1_134
518,4,Q5U649_157_188
519,4,Q5U651_494_531
520,4,Q5U651_259_377
521,4,Q5UAW9_295_335
522,4,Q5UCC4_229_262
523,4,Q5UCC4_1_51
524,4,Q5UE93_302_415
525,4,Q5UE93_707_754
526,4,Q5UE93_562_652
527,4,Q5UIP0_365_429
528,4,Q5UIP0_2361_2472
529,4,Q5VIR6_364_420
530,4,Q5VIR6_786_832
531,4,Q5VIR6_517_547
532,4,Q5VIR6_1_38
533,4,Q5VSD8_1_79
534,4,Q5VSG8_1_98
535,4,Q5VSL9_1_71
536,4,Q5VSL9_335_428
537,4,Q5VSR9_1_72
538,4,Q5VST9_6440_6474
539,4,Q5VST9_196_258
540,4,Q5VST9_5214_5263
541,4,Q5VST9_4981_5133
542,4,Q5VST9_5460_5611
543,4,Q5VST9_1702_1741
544,4,Q5VST9_5656_5689
545,4,Q5VST9_7642_7682
546,4,Q5VSY0_1_108
547,4,Q5VSY0_149_248
548,4,Q5VT06_1796_1851
549,4,Q5VT06_2781_2921
550,4,Q5VT06_1899_2047
551,4,Q5VT25_838_878
552,4,Q5VT25_654_694
553,4,Q5VT25_411_512
554,4,Q5VT25_926_1017
555,4,Q5VT28_1_67
556,4,Q5VT33_1_79
557,4,Q5VT52_145_180
558,4,Q5VT66_1_38
559,4,Q5VT98_104_152
560,4,Q5VTA0_107_156
561,4,Q5VTA0_228_280
562,4,Q5VTH2_119_177
563,4,Q5VTH9_329_389
564,4,Q5VTH9_428_471
565,4,Q5VTL7_1_31
566,4,Q5VTL8_1_51
567,4,Q5VTM2_381_457
568,4,Q5VTM2_1_31
569,4,Q5VTQ0_1_132
570,4,Q5VTR2_1_46
571,4,Q5VTR2_104_166
572,4,Q5VTR2_294_330
573,4,Q5VTT5_241_281
574,4,Q5VTT5_461_514
575,4,Q5VU57_445_503
576,4,Q5VU65_1_43
577,4,Q5VU65_1776_1888
578,4,Q5VU92_1_78
579,4,Q5VU97_1_41
580,4,Q5VUA4_977_1063
581,4,Q5VUD6_113_143
582,4,Q5VUE5_1_71
583,4,Q5VUG0_1_49
584,4,Q5VUG0_474_531
585,4,Q5VUJ5_313_390
586,4,Q5VUJ6_1_85
587,4,Q5VUJ9_1_137
588,4,Q5VUM1_1_108
589,4,Q5VUR7_1_37
590,4,Q5VUR7_728_823
591,4,Q5VV11_1_94
592,4,Q5VV16_1_104
593,4,Q5VV42_1_63
594,4,Q5VV42_511_579
595,4,Q5VV43_979_1072
596,4,Q5VV43_1_34
597,4,Q5VV52_1_112
598,4,Q5VV63_1256_1379
599,4,Q5VV63_1_70
600,4,Q5VV67_1612_1664
601,4,Q5VVH5_1_51
602,4,Q5VVJ2_461_561
603,4,Q5VVJ2_1_124
604,4,Q5VVM6_91_248
605,4,Q5VVQ6_118_149
606,4,Q5VVQ6_1_53
607,4,Q5VVS0_1_124
608,4,Q5VVW2_1_90
609,4,Q5VW00_1_67
610,4,Q5VW22_313_390
611,4,Q5VW36_727_757
612,4,Q5VW38_1_46
613,4,Q5VW38_135_200
614,4,Q5VW38_554_600
615,4,Q5VW38_423_486
616,4,Q5VWG9_738_863
617,4,Q5VWI1_376_450
618,4,Q5VWJ9_1_89
619,4,Q5VWM3_110_150
620,4,Q5VWM3_450_479
621,4,Q5VWM4_105_150
622,4,Q5VWM6_102_151
623,4,Q5VWP2_355_391
624,4,Q5VWQ0_703_802
625,4,Q5VWQ8_1_157
626,4,Q5VWW1_1_68
627,4,Q5VX52_1_34
628,4,Q5VX52_135_290
629,4,Q5VX71_1_51
630,4,Q5VX71_340_490
631,4,Q5VXD3_1_40
632,4,Q5VXH4_104_152
633,4,Q5VXH5_104_148
634,4,Q5VXM1_372_449
635,4,Q5VXT5_236_272
636,4,Q5VXU1_179_208
637,4,Q5VXU1_92_138
638,4,Q5VXU3_1_80
639,4,Q5VXU9_757_867
640,4,Q5VY43_1_73
641,4,Q5VY80_202_246
642,4,Q5VYJ5_1311_1356
643,4,Q5VYJ5_1021_1061
644,4,Q5VYK3_180_222
645,4,Q5VYK3_1024_1112
646,4,Q5VYS4_242_303
647,4,Q5VYS8_508_538
648,4,Q5VYS8_1361_1495
649,4,Q5VYY2_1_32
650,4,Q5VZ19_1_37
651,4,Q5VZ19_100_164
652,4,Q5VZ19_330_366
653,4,Q5VZ66_430_500
654,4,Q5VZ66_245_291
655,4,Q5VZ89_647_755
656,4,Q5VZ89_1538_1684
657,4,Q5VZB9_1_89
658,4,Q5VZB9_362_504
659,4,Q5VZE5_1_31
660,4,Q5VZF2_98_180
661,4,Q5VZF2_258_373
662,4,Q5VZI3_228_280
663,4,Q5VZI3_1_94
664,4,Q5VZK9_666_762
665,4,Q5VZL5_608_689
666,4,Q5VZL5_1419_1459
667,4,Q5VZM2_1_41
668,4,Q5VZM2_69_110
669,4,Q5VZP5_1_96
670,4,Q5VZR2_300_428
671,4,Q5VZR4_1_150
672,4,Q5VZV1_1_52
673,4,Q5W041_601_719
674,4,Q5W0B7_139_231
675,4,Q5W0N0_1_82
676,4,Q5W0Q7_1_50
677,4,Q5W0Q7_82_228
678,4,Q5W0V3_502_572
679,4,Q5W0V3_171_264
680,4,Q5W0Z9_296_365
681,4,Q5W150_1_140
682,4,Q5W186_1_45
683,4,Q5W186_114_159
684,4,Q5W5X9_1_37
685,4,Q5W5X9_407_447
686,4,Q5XG85_1_94
687,4,Q5XKE5_1_140
688,4,Q5XKE5_452_535
689,4,Q5XKL5_1_30
690,4,Q5XKL5_135_186
691,4,Q5XKR4_167_325
692,4,Q5XKR4_1_102
693,4,Q5XKR9_1_115
694,4,Q5XPI4_448_478
695,4,Q5XPI4_1_69
696,4,Q5XPI4_624_721
697,4,Q5XUX0_381_445
698,4,Q5XUX0_1_63
699,4,Q5XUX1_1_81
700,4,Q5XX13_340_386
701,4,Q5XX13_157_276
702,4,Q5XX13_76_118
703,4,Q5XX13_1_31
704,4,Q5XXA6_946_986
705,4,Q5XXA6_458_510
706,4,Q5XXA6_1_126
707,4,Q5YKI7_1_109
708,4,Q5ZPR3_1_30
709,4,Q5ZPR3_496_534
710,4,Q60I27_570_661
711,4,Q63HK3_1_52
712,4,Q63HK3_933_967
713,4,Q63HK5_1008_1044
714,4,Q63HM2_94_123
715,4,Q63HM2_326_360
716,4,Q63HM2_770_912
717,4,Q63HN8_3459_3538
718,4,Q63HN8_3013_3049
719,4,Q63HN8_2260_2300
720,4,Q63HN8_2096_2130
721,4,Q63HN8_1239_1274
722,4,Q63HN8_589_623
723,4,Q63HQ0_143_302
724,4,Q63HQ0_1_56
725,4,Q63HQ2_1_43
726,4,Q63HQ2_232_355
727,4,Q63HR2_1_36
728,4,Q63HR2_78_133
729,4,Q63HR2_1245_1276
730,4,Q63ZY6_240_315
731,4,Q641Q3_1_51
732,4,Q643R3_479_524
733,4,Q64ET8_237_278
734,4,Q658K8_103_133
735,4,Q658N2_1_152
736,4,Q658P3_1_32
737,4,Q658Y4_771_838
738,4,Q658Y4_305_384
739,4,Q658Y4_658_721
740,4,Q659A1_1_93
741,4,Q659A1_927_982
742,4,Q659C4_835_914
743,4,Q66GS9_139_204
744,4,Q66GS9_1031_1140
745,4,Q66GS9_414_503
746,4,Q66K14_24_62
747,4,Q66K14_392_460
748,4,Q66K14_1063_1201
749,4,Q66K14_934_1015
750,4,Q66K41_113_222
751,4,Q66K41_323_422
752,4,Q66K41_252_289
753,4,Q66K41_1_60
754,4,Q66K64_266_402
755,4,Q66K64_1_37
756,4,Q66K66_277_360
757,4,Q66K66_1_31
758,4,Q66K79_1_44
759,4,Q66K79_582_652
760,4,Q674X7_34_82
761,4,Q674X7_679_775
762,4,Q676U5_228_310
763,4,Q676U5_48_85
764,4,Q684P5_1_146
765,4,Q685J3_4423_4493
766,4,Q68CJ6_1_43
767,4,Q68CJ9_329_461
768,4,Q68CK6_1_36
769,4,Q68CL5_223_300
770,4,Q68CP4_214_272
771,4,Q68CP4_1_81
772,4,Q68CP9_101_142
773,4,Q68CP9_455_523
774,4,Q68CP9_1693_1762
775,4,Q68CP9_243_278
776,4,Q68CQ1_1264_1323
777,4,Q68CQ7_23_65
778,4,Q68CR1_1_87
779,4,Q68CR1_465_509
780,4,Q68CR1_1072_1132
781,4,Q68CR7_1_149
782,4,Q68CZ1_439_494
783,4,Q68CZ1_1_47
784,4,Q68CZ1_84_211
785,4,Q68CZ1_564_610
786,4,Q68CZ1_742_794
787,4,Q68CZ2_1279_1311
788,4,Q68CZ6_1_97
789,4,Q68CZ6_220_257
790,4,Q68D06_157_191
791,4,Q68D85_242_289
792,4,Q68D85_382_454
793,4,Q68D86_141_256
794,4,Q68D86_1_66
795,4,Q68DC2_1_73
796,4,Q68DD2_1_42
797,4,Q68DD2_563_632
798,4,Q68DH5_601_695
799,4,Q68DH5_69_98
800,4,Q68DK2_1720_1808
801,4,Q68DK2_1862_1922
802,4,Q68DK2_2104_2165
803,4,Q68DU8_275_428
804,4,Q68DU8_121_173
805,4,Q68DV7_1_47
806,4,Q68DV7_237_276
807,4,Q68DX3_854_956
808,4,Q68DX3_1164_1309
809,4,Q68DX3_1025_1086
810,4,Q68DX3_638_783
811,4,Q68DX3_175_327
812,4,Q68DY1_52_206
813,4,Q68E01_1_40
814,4,Q68E01_495_570
815,4,Q68E01_971_1043
816,4,Q68EA5_521_555
817,4,Q68EN5_1_144
818,4,Q68G74_1_74
819,4,Q68G74_201_230
820,4,Q68G74_280_356
821,4,Q68G75_42_152
822,4,Q68J44_1_37
823,4,Q69YG0_1_35
824,4,Q69YI7_87_215
825,4,Q69YL0_1_99
826,4,Q69YN2_261_331
827,4,Q69YN4_1399_1438
828,4,Q69YN4_573_622
829,4,Q69YU5_41_71
830,4,Q69YW2_1_141
831,4,Q6A162_396_431
832,4,Q6A162_1_92
833,4,Q6A163_400_459
834,4,Q6A163_1_99
835,4,Q6A1A2_330_396
836,4,Q6A1A2_1_46
837,4,Q6A555_81_127
838,4,Q6AI08_602_668
839,4,Q6AI08_282_411
840,4,Q6AI08_1_34
841,4,Q6AI12_339_368
842,4,Q6AI14_1_66
843,4,Q6AW86_501_544
844,4,Q6AWC2_248_304
845,4,Q6AWC2_1111_1192
846,4,Q6AWC8_1_147
847,4,Q6AZW8_1_51
848,4,Q6AZY7_93_130
849,4,Q6AZY7_1_54
850,4,Q6B0B8_128_172
851,4,Q6B0B8_383_431
852,4,Q6BAA4_284_426
853,4,Q6BDI9_113_144
854,4,Q6BDS2_262_312
855,4,Q6BDS2_737_817
856,4,Q6BDS2_1227_1261
857,4,Q6BDS2_1358_1406
858,4,Q6BDS2_404_465
859,4,Q6DCA0_1_102
860,4,Q6DD87_1_60
861,4,Q6DHV5_969_1089
862,4,Q6DHV5_414_479
863,4,Q6DHY5_1_51
864,4,Q6DJT9_1_35
865,4,Q6DJT9_126_179
866,4,Q6DKI2_147_224
867,4,Q6DKI7_1_39
868,4,Q6DKJ4_57_88
869,4,Q6DKK2_1_91
870,4,Q6DN03_1_40
871,4,Q6DN03_81_193
872,4,Q6DN12_716_764
873,4,Q6DN12_310_365
874,4,Q6DN14_378_474
875,4,Q6DN14_840_887
876,4,Q6DN72_304_434
877,4,Q6DN90_1_111
878,4,Q6DN90_878_963
879,4,Q6DRA6_92_164
880,4,Q6DRA6_1_31
881,4,Q6DT37_387_528
882,4,Q6DT37_571_624
883,4,Q6DT37_1397_1551
884,4,Q6DWJ6_305_353
885,4,Q6EBC2_1_32
886,4,Q6EKJ0_177_331
887,4,Q6EKJ0_489_539
888,4,Q6EKJ0_1_109
889,4,Q6EKJ0_683_719
890,4,Q6EMB2_399_463
891,4,Q6EMB2_1_34
892,4,Q6EMB2_530_668
893,4,Q6EMK4_547_673
894,4,Q6EMK4_349_475
895,4,Q6F5E7_1_133
896,4,Q6F5E8_369_432
897,4,Q6FHJ7_301_346
898,4,Q6FHJ7_137_179
899,4,Q6FI81_177_312
900,4,Q6FIF0_45_142
901,4,Q6GMV1_157_187
902,4,Q6GMV2_388_418
903,4,Q6GPH4_166_301
904,4,Q6GPH6_70_163
905,4,Q6GPH6_269_303
906,4,Q6GQQ9_42_126
907,4,Q6GQQ9_434_593
908,4,Q6GTS8_1_40
909,4,Q6GTX8_125_163
910,4,Q6GTX8_192_287
911,4,Q6GV28_164_225
912,4,Q6GYQ0_1462_1513
913,4,Q6GYQ0_1608_1699
914,4,Q6GYQ0_447_518
915,4,Q6GYQ0_308_398
916,4,Q6H3X3_201_334
917,4,Q6HA08_1_62
918,4,Q6HA08_283_431
919,4,Q6IA17_311_410
920,4,Q6IA86_503_540
921,4,Q6IAA8_1_47
922,4,Q6IBW4_87_148
923,4,Q6IC98_1_74
924,4,Q6IC98_384_455
925,4,Q6IC98_134_209
926,4,Q6IC98_264_312
927,4,Q6ICB4_152_259
928,4,Q6ICC9_69_100
929,4,Q6ICG6_1_67
930,4,Q6ICG6_257_373
931,4,Q6ICH7_1_119
932,4,Q6ICI0_170_200
933,4,Q6ICL7_1_47
934,4,Q6IE36_116_148
935,4,Q6IE36_1161_1267
936,4,Q6IE36_936_972
937,4,Q6IE36_473_502
938,4,Q6IE36_665_727
939,4,Q6IE81_364_415
940,4,Q6IE81_1_50
941,4,Q6IEE7_1_55
942,4,Q6IEE7_199_276
943,4,Q6IEE8_356_410
944,4,Q6IEG0_262_339
945,4,Q6IFH4_264_312
946,4,Q6IMN6_1_121
947,4,Q6IN84_311_353
948,4,Q6IN84_1_44
949,4,Q6IN97_1_86
950,4,Q6IN97_181_320
951,4,Q6IPM2_342_389
952,4,Q6IPM2_565_695
953,4,Q6IPM2_468_516
954,4,Q6IPM2_1_140
955,4,Q6IPR3_201_259
956,4,Q6IPT2_1_105
957,4,Q6IPU0_1_54
958,4,Q6IPW1_1_91
959,4,Q6IPX1_1_52
960,4,Q6IQ19_46_194
961,4,Q6IQ20_1_53
962,4,Q6IQ21_105_162
963,4,Q6IQ21_520_630
964,4,Q6IQ21_1_30
965,4,Q6IQ22_1_39
966,4,Q6IQ22_212_244
967,4,Q6IQ23_88_161
968,4,Q6IQ26_824_863
969,4,Q6IQ26_672_796
970,4,Q6IQ26_1061_1112
971,4,Q6IQ26_1_73
972,4,Q6IQ26_158_195
973,4,Q6IQ26_422_507
974,4,Q6IQ32_1_73
975,4,Q6IQ32_122_157
976,4,Q6IQ32_186_218
977,4,Q6IQ32_931_1045
978,4,Q6IS24_1_72
979,4,Q6ISB3_1_36
980,4,Q6ISB3_434_537
981,4,Q6IWH7_1_119
982,4,Q6IWH7_891_933
983,4,Q6J272_58_214
984,4,Q6J4K2_1_59
985,4,Q6J4K2_254_305
986,4,Q6J9G0_1_96
987,4,Q6JQN1_1_46
988,4,Q6JQN1_595_655
989,4,Q6JVE6_1_117
990,4,Q6JVE9_1_36
991,4,Q6K0P9_91_217
992,4,Q6K0P9_398_492
993,4,Q6KB66_1_78
994,4,Q6KB66_389_452
995,4,Q6KC79_2638_2709
996,4,Q6KC79_2468_2529
997,4,Q6KC79_1_42
998,4,Q6KCM7_1_67
999,4,Q6KCM7_143_191
1000,4,Q6KF10_1_97
1001,4,Q6KF10_234_352
1002,4,Q6L8G4_1_156
1003,4,Q6L8G9_1_129
1004,4,Q6L8Q7_85_123
1005,4,Q6L8Q7_1_41
1006,4,Q6L9W6_734_773
1007,4,Q6L9W6_1_118
1008,4,Q6MZM0_1065_1159
1009,4,Q6MZN7_1_132
1010,4,Q6MZQ0_1_38
1011,4,Q6MZQ0_219_368
1012,4,Q6MZT1_226_257
1013,4,Q6MZT1_1_42
1014,4,Q6MZT1_151_188
1015,4,Q6MZW2_1_77
1016,4,Q6N021_1932_2002
1017,4,Q6N022_496_531
1018,4,Q6N022_2523_2563
1019,4,Q6N043_511_625
1020,4,Q6N069_832_864
1021,4,Q6N069_578_642
1022,4,Q6NS38_1_54
1023,4,Q6NSI1_220_321
1024,4,Q6NSI1_1_43
1025,4,Q6NSI4_1_50
1026,4,Q6NSI4_559_681
1027,4,Q6NSI4_767_812
1028,4,Q6NSI8_54_148
1029,4,Q6NSJ0_1_60
1030,4,Q6NSJ2_1_95
1031,4,Q6NSJ5_164_229
1032,4,Q6NSJ5_55_91
1033,4,Q6NSW7_159_305
1034,4,Q6NSW7_1_91
1035,4,Q6NSX1_197_233
1036,4,Q6NSX1_1_35
1037,4,Q6NSZ9_1_46
1038,4,Q6NT04_346_375
1039,4,Q6NT04_182_211
1040,4,Q6NT04_49_140
1041,4,Q6NT04_510_549
1042,4,Q6NT04_410_483
1043,4,Q6NT16_1_34
1044,4,Q6NT32_546_575
1045,4,Q6NT46_1_116
1046,4,Q6NT52_128_163
1047,4,Q6NT76_55_156
1048,4,Q6NT76_232_270
1049,4,Q6NT76_350_420
1050,4,Q6NT89_178_227
1051,4,Q6NT89_1_90
1052,4,Q6NTF9_236_364
1053,4,Q6NTF9_1_30
1054,4,Q6NUI2_630_678
1055,4,Q6NUI2_108_144
1056,4,Q6NUI2_1_50
1057,4,Q6NUI6_1_33
1058,4,Q6NUI6_358_402
1059,4,Q6NUI6_720_762
1060,4,Q6NUJ1_359_396
1061,4,Q6NUK4_1_86
1062,4,Q6NUK4_145_255
1063,4,Q6NUM6_196_348
1064,4,Q6NUN0_1_35
1065,4,Q6NUN7_706_778
1066,4,Q6NUN9_585_644
1067,4,Q6NUP7_1_44
1068,4,Q6NUQ1_1_70
1069,4,Q6NUQ4_1_110
1070,4,Q6NUQ4_592_689
1071,4,Q6NUR6_1_42
1072,4,Q6NUS6_556_607
1073,4,Q6NUT2_1_103
1074,4,Q6NUT3_240_270
1075,4,Q6NVV0_1_33
1076,4,Q6NVV3_360_410
1077,4,Q6NVV3_1_60
1078,4,Q6NVV9_1_158
1079,4,Q6NVY1_1_32
1080,4,Q6NW29_115_188
1081,4,Q6NW34_230_359
1082,4,Q6NW34_422_567
1083,4,Q6NW40_320_351
1084,4,Q6NW40_1_45
1085,4,Q6NW40_407_437
1086,4,Q6NX45_1_153
1087,4,Q6NXE6_1_32
1088,4,Q6NXG1_412_446
1089,4,Q6NXG1_528_681
1090,4,Q6NXN4_1_86
1091,4,Q6NXP0_425_572
1092,4,Q6NXP0_278_320
1093,4,Q6NXP0_145_183
1094,4,Q6NXP0_1_106
1095,4,Q6NXP2_183_309
1096,4,Q6NXR0_1_38
1097,4,Q6NXR4_1_91
1098,4,Q6NXS1_169_205
1099,4,Q6NXS1_1_121
1100,4,Q6NXT1_1_107
1101,4,Q6NXT2_1_30
1102,4,Q6NXT4_331_461
1103,4,Q6NXT6_1_81
1104,4,Q6NXT6_463_567
1105,4,Q6NYC1_335_403
1106,4,Q6NZ36_1_146
1107,4,Q6NZ63_1_44
1108,4,Q6NZ67_82_158
1109,4,Q6NZI2_1_45
1110,4,Q6NZI2_154_234
1111,4,Q6NZI2_285_390
1112,4,Q6NZY4_132_178
1113,4,Q6NZY4_1_48
1114,4,Q6NZY4_330_359
1115,4,Q6NZY7_1_148
1116,4,Q6P047_261_294
1117,4,Q6P050_110_247
1118,4,Q6P087_1_63
1119,4,Q6P0A1_1_47
1120,4,Q6P0Q8_652_692
1121,4,Q6P0Q8_445_512
1122,4,Q6P158_427_512
1123,4,Q6P158_277_355
1124,4,Q6P161_1_64
1125,4,Q6P179_1_56
1126,4,Q6P1J6_1397_1458
1127,4,Q6P1J6_214_251
1128,4,Q6P1J6_1_107
1129,4,Q6P1J6_282_314
1130,4,Q6P1K2_1_32
1131,4,Q6P1K8_1_41
1132,4,Q6P1M3_935_1020
1133,4,Q6P1M3_630_709
1134,4,Q6P1N0_809_846
1135,4,Q6P1N0_307_350
1136,4,Q6P1N0_403_490
1137,4,Q6P1N0_1_139
1138,4,Q6P1N0_189_260
1139,4,Q6P1Q0_1_62
1140,4,Q6P1Q9_105_173
1141,4,Q6P1R3_425_475
1142,4,Q6P1R4_332_380
1143,4,Q6P1R4_444_473
1144,4,Q6P1S2_214_294
1145,4,Q6P1S2_1_31
1146,4,Q6P2C0_231_278
1147,4,Q6P2C0_1_56
1148,4,Q6P2C0_579_686
1149,4,Q6P2C8_80_154
1150,4,Q6P2D8_268_362
1151,4,Q6P2D8_1_128
1152,4,Q6P2E9_1230_1271
1153,4,Q6P2E9_1_81
1154,4,Q6P2E9_1058_1095
1155,4,Q6P2H3_543_574
1156,4,Q6P2I7_1_87
1157,4,Q6P2M8_295_343
1158,4,Q6P2P2_546_583
1159,4,Q6P2P2_469_516
1160,4,Q6P2Q9_1_40
1161,4,Q6P2Q9_2005_2087
1162,4,Q6P2S7_508_606
1163,4,Q6P2S7_181_212
1164,4,Q6P2S7_265_339
1165,4,Q6P3S1_145_174
1166,4,Q6P3S6_683_717
1167,4,Q6P3S6_1_47
1168,4,Q6P3V2_321_355
1169,4,Q6P3W6_1_79
1170,4,Q6P3X8_1_113
1171,4,Q6P435_1_159
1172,4,Q6P444_320_385
1173,4,Q6P444_167_273
1174,4,Q6P444_1_134
1175,4,Q6P461_425_480
1176,4,Q6P461_1_50
1177,4,Q6P474_1_89
1178,4,Q6P474_389_426
1179,4,Q6P499_319_406
1180,4,Q6P4A7_1_31
1181,4,Q6P4A8_1_38
1182,4,Q6P4D5_1_74
1183,4,Q6P4D5_119_195
1184,4,Q6P4F1_1_83
1185,4,Q6P4F2_1_65
1186,4,Q6P4H8_1_38
1187,4,Q6P4Q7_641_698
1188,4,Q6P4Q7_722_775
1189,4,Q6P4Q7_1_53
1190,4,Q6P4R8_472_507
1191,4,Q6P4R8_1_31
1192,4,Q6P531_424_493
1193,4,Q6P531_1_115
1194,4,Q6P575_1_80
1195,4,Q6P575_173_220
1196,4,Q6P582_82_158
1197,4,Q6P582_1_30
1198,4,Q6P597_153_206
1199,4,Q6P597_398_504
1200,4,Q6P5Q4_80_198
1201,4,Q6P5S2_298_330
1202,4,Q6P5S7_1_137
1203,4,Q6P5W5_1_32
1204,4,Q6P5W5_229_271
1205,4,Q6P5W5_417_499
1206,4,Q6P5X5_1_41
1207,4,Q6P5Z2_415_555
1208,4,Q6P5Z2_70_174
1209,4,Q6P5Z2_249_331
1210,4,Q6P6C2_1_69
1211,4,Q6P6C2_294_394
1212,4,Q6P988_1_73
1213,4,Q6P995_1_36
1214,4,Q6P996_636_788
1215,4,Q6P996_392_426
1216,4,Q6P996_1_90
1217,4,Q6P9A2_1_99
1218,4,Q6P9B6_425_456
1219,4,Q6P9B9_1_33
1220,4,Q6P9B9_704_787
1221,4,Q6P9B9_90_122
1222,4,Q6P9B9_245_297
1223,4,Q6P9F5_229_258
1224,4,Q6P9F7_166_233
1225,4,Q6P9F7_512_543
1226,4,Q6P9F7_59_95
1227,4,Q6P9G4_105_183
1228,4,Q6P9G4_1_66
1229,4,Q6P9H5_1_39
1230,4,Q6PB30_1_78
1231,4,Q6PCB0_1_33
1232,4,Q6PCB0_296_445
1233,4,Q6PCB5_693_846
1234,4,Q6PCB6_1_90
1235,4,Q6PCB8_293_327
1236,4,Q6PCB8_1_56
1237,4,Q6PCD5_403_436
1238,4,Q6PCT2_1_39
1239,4,Q6PD74_178_250
1240,4,Q6PDA7_1_123
1241,4,Q6PEV8_245_388
1242,4,Q6PEW0_1_35
1243,4,Q6PEW0_278_395
1244,4,Q6PEW1_1_42
1245,4,Q6PEX7_66_206
1246,4,Q6PEY1_119_159
1247,4,Q6PEZ8_1_47
1248,4,Q6PEZ8_477_512
1249,4,Q6PF04_528_617
1250,4,Q6PF05_1_66
1251,4,Q6PF06_1_68
1252,4,Q6PFW1_797_837
1253,4,Q6PFW1_1_54
1254,4,Q6PFW1_484_623
1255,4,Q6PG37_550_636
1256,4,Q6PGN9_1_62
1257,4,Q6PGQ7_1_56
1258,4,Q6PH81_45_119
1259,4,Q6PHW0_1_65
1260,4,Q6PI26_440_577
1261,4,Q6PI26_89_153
1262,4,Q6PI48_1_45
1263,4,Q6PI73_419_481
1264,4,Q6PI78_1_65
1265,4,Q6PI97_1_88
1266,4,Q6PI98_1_94
1267,4,Q6PID6_1_38
1268,4,Q6PID6_205_262
1269,4,Q6PID8_1_87
1270,4,Q6PIF2_165_218
1271,4,Q6PIF2_1_54
1272,4,Q6PIF6_585_636
1273,4,Q6PIF6_1577_1647
1274,4,Q6PIF6_1026_1090
1275,4,Q6PIF6_860_975
1276,4,Q6PII3_121_158
1277,4,Q6PII5_198_290
1278,4,Q6PIJ6_1_31
1279,4,Q6PIJ6_1107_1150
1280,4,Q6PIL6_1_78
1281,4,Q6PIS1_1_46
1282,4,Q6PIS1_124_159
1283,4,Q6PIS1_516_610
1284,4,Q6PIU1_1_44
1285,4,Q6PIU1_446_500
1286,4,Q6PIY5_402_440
1287,4,Q6PIY7_1_148
1288,4,Q6PIZ9_46_186
1289,4,Q6PJ21_317_355
1290,4,Q6PJ21_1_94
1291,4,Q6PJ61_529_603
1292,4,Q6PJ69_278_322
1293,4,Q6PJE2_1_68
1294,4,Q6PJG2_886_1045
1295,4,Q6PJG6_732_821
1296,4,Q6PJG9_369_418
1297,4,Q6PJG9_492_635
1298,4,Q6PJI9_750_844
1299,4,Q6PJI9_323_402
1300,4,Q6PJP8_1_122
1301,4,Q6PK04_1_54
1302,4,Q6PK18_1_60
1303,4,Q6PKC3_922_985
1304,4,Q6PKC3_795_825
1305,4,Q6PKC3_1_75
1306,4,Q6PKC3_258_301
1307,4,Q6PKG0_1017_1096
1308,4,Q6PKX4_245_331
1309,4,Q6PL18_719_790
1310,4,Q6PL24_1_148
1311,4,Q6PL45_194_260
1312,4,Q6PL45_1_75
1313,4,Q6PML9_1_132
1314,4,Q6PP77_412_449
1315,4,Q6PRD1_1_64
1316,4,Q6PRD1_317_365
1317,4,Q6PRD1_169_227
1318,4,Q6PUV4_77_134
1319,4,Q6PUV4_1_35
1320,4,Q6Q0C0_1_123
1321,4,Q6Q4G3_1_91
1322,4,Q6Q6R5_182_217
1323,4,Q6Q6R5_65_119
1324,4,Q6Q759_876_1025
1325,4,Q6Q759_636_770
1326,4,Q6Q759_1599_1641
1327,4,Q6Q759_1708_1765
1328,4,Q6Q759_1310_1400
1329,4,Q6Q759_2194_2223
1330,4,Q6Q759_368_527
1331,4,Q6Q759_146_217
1332,4,Q6Q759_76_107
1333,4,Q6Q788_316_366
1334,4,Q6Q788_1_105
1335,4,Q6Q795_1_121
1336,4,Q6Q8B3_1_43
1337,4,Q6QEF8_404_438
1338,4,Q6QHK4_130_219
1339,4,Q6QN14_1_75
1340,4,Q6QNK2_194_289
1341,4,Q6QNK2_822_874
1342,4,Q6QNK2_1_148
1343,4,Q6QNY0_1_98
1344,4,Q6QNY1_1_31
1345,4,Q6R2W3_1_55
1346,4,Q6R2W3_124_231
1347,4,Q6R327_497_532
1348,4,Q6R327_1_34
1349,4,Q6R6M4_1_75
1350,4,Q6R6M4_380_530
1351,4,Q6RFH5_321_385
1352,4,Q6RI45_1254_1369
1353,4,Q6RI45_611_735
1354,4,Q6RI45_101_157
1355,4,Q6RSH7_1_42
1356,4,Q6RUI8_1_117
1357,4,Q6RVD6_1_105
1358,4,Q6RW13_116_159
1359,4,Q6S545_404_545
1360,4,Q6S5H5_367_508
1361,4,Q6S5H5_1_129
1362,4,Q6S8J3_1_132
1363,4,Q6S8J7_1_56
1364,4,Q6S9Z5_188_219
1365,4,Q6S9Z5_262_364
1366,4,Q6S9Z5_1_84
1367,4,Q6SJ93_598_632
1368,4,Q6SJ93_262_394
1369,4,Q6SJ93_1_89
1370,4,Q6STE5_1_107
1371,4,Q6SZW1_1_63
1372,4,Q6T310_204_242
1373,4,Q6T4R5_1_115
1374,4,Q6TDP4_1_71
1375,4,Q6TDU7_261_339
1376,4,Q6TFL3_759_864
1377,4,Q6TFL3_1_44
1378,4,Q6TFL3_908_1049
1379,4,Q6TFL4_1_44
1380,4,Q6U736_309_354
1381,4,Q6U7Q0_322_402
1382,4,Q6U7Q0_1_51
1383,4,Q6U841_1026_1118
1384,4,Q6U841_1_105
1385,4,Q6U841_218_327
1386,4,Q6U841_435_483
1387,4,Q6UB28_1_49
1388,4,Q6UB35_281_321
1389,4,Q6UB35_1_78
1390,4,Q6UB98_2029_2062
1391,4,Q6UB98_1945_1975
1392,4,Q6UB99_2629_2663
1393,4,Q6UE05_227_265
1394,4,Q6UN15_1_155
1395,4,Q6UN15_533_594
1396,4,Q6UQ28_148_207
1397,4,Q6UVK1_2169_2322
1398,4,Q6UVK1_1_37
1399,4,Q6UVK1_317_430
1400,4,Q6UVM3_1_47
1401,4,Q6UVM3_558_675
1402,4,Q6UVM3_957_1042
1403,4,Q6UVM3_1102_1135
1404,4,Q6UVY6_578_613
1405,4,Q6UW01_1_83
1406,4,Q6UW10_1_78
1407,4,Q6UW32_1_31
1408,4,Q6UW49_286_350
1409,4,Q6UW60_679_755
1410,4,Q6UW60_1_35
1411,4,Q6UW88_1_68
1412,4,Q6UWB1_1_48
1413,4,Q6UWB1_526_636
1414,4,Q6UWB4_311_352
1415,4,Q6UWB4_1_63
1416,4,Q6UWD8_75_224
1417,4,Q6UWE0_207_253
1418,4,Q6UWE0_550_678
1419,4,Q6UWF3_53_145
1420,4,Q6UWF5_1_114
1421,4,Q6UWF7_1_66
1422,4,Q6UWF9_1_36
1423,4,Q6UWH6_149_196
1424,4,Q6UWJ1_1_51
1425,4,Q6UWJ1_158_263
1426,4,Q6UWK7_29_81
1427,4,Q6UWL2_710_747
1428,4,Q6UWL2_378_411
1429,4,Q6UWL2_1_42
1430,4,Q6UWM5_206_242
1431,4,Q6UWM7_1_31
1432,4,Q6UWN0_217_246
1433,4,Q6UWN5_218_251
1434,4,Q6UWP7_1_39
1435,4,Q6UWT2_45_76
1436,4,Q6UWT4_1_87
1437,4,Q6UWU2_623_654
1438,4,Q6UWU4_72_161
1439,4,Q6UWV2_191_235
1440,4,Q6UWV6_417_458
1441,4,Q6UWV7_94_190
1442,4,Q6UWW8_1_30
1443,4,Q6UWW9_1_146
1444,4,Q6UWX4_1_44
1445,4,Q6UWX4_644_724
1446,4,Q6UWY0_1_35
1447,4,Q6UWY2_1_32
1448,4,Q6UWZ7_308_409
1449,4,Q6UX01_459_489
1450,4,Q6UX04_171_320
1451,4,Q6UX06_1_85
1452,4,Q6UX07_313_377
1453,4,Q6UX15_263_382
1454,4,Q6UX15_1_41
1455,4,Q6UX15_188_227
1456,4,Q6UX27_163_236
1457,4,Q6UX34_1_85
1458,4,Q6UX41_459_500
1459,4,Q6UX46_1_92
1460,4,Q6UX52_1_34
1461,4,Q6UX52_212_265
1462,4,Q6UX71_487_529
1463,4,Q6UX71_374_458
1464,4,Q6UX71_1_112
1465,4,Q6UX72_1_82
1466,4,Q6UX73_286_402
1467,4,Q6UX82_199_237
1468,4,Q6UXB0_1_145
1469,4,Q6UXB1_91_125
1470,4,Q6UXB2_1_119
1471,4,Q6UXB4_1_35
1472,4,Q6UXC1_421_463
1473,4,Q6UXC1_1130_1216
1474,4,Q6UXC1_1_40
1475,4,Q6UXD1_38_115
1476,4,Q6UXD5_827_910
1477,4,Q6UXD7_446_560
1478,4,Q6UXF7_1_46
1479,4,Q6UXG2_1_53
1480,4,Q6UXG2_935_1013
1481,4,Q6UXG3_288_332
1482,4,Q6UXG3_132_247
1483,4,Q6UXG8_498_535
1484,4,Q6UXG8_1_33
1485,4,Q6UXH0_1_35
1486,4,Q6UXH8_1_52
1487,4,Q6UXH9_1_117
1488,4,Q6UXH9_362_401
1489,4,Q6UXI7_1_43
1490,4,Q6UXI7_144_286
1491,4,Q6UXI9_1_42
1492,4,Q6UXK2_282_335
1493,4,Q6UXK5_610_716
1494,4,Q6UXK5_1_31
1495,4,Q6UXL0_265_311
1496,4,Q6UXM1_1_50
1497,4,Q6UXN2_137_200
1498,4,Q6UXN8_1_32
1499,4,Q6UXP3_1_125
1500,4,Q6UXQ4_1_117
1501,4,Q6UXQ8_1_127
1502,4,Q6UXR4_1_47
1503,4,Q6UXR8_1_122
1504,4,Q6UXS0_1_30
1505,4,Q6UXS9_218_270
1506,4,Q6UXS9_1_99
1507,4,Q6UXT8_1_75
1508,4,Q6UXT9_426_468
1509,4,Q6UXT9_1_67
1510,4,Q6UXU0_1_137
1511,4,Q6UXU4_263_331
1512,4,Q6UXU4_39_100
1513,4,Q6UXU6_82_159
1514,4,Q6UXU6_1_41
1515,4,Q6UXV0_94_134
1516,4,Q6UXV0_1_31
1517,4,Q6UXV0_316_394
1518,4,Q6UXV3_1_157
1519,4,Q6UXV4_1_48
1520,4,Q6UXV4_183_268
1521,4,Q6UXX5_1_35
1522,4,Q6UXX9_1_39
1523,4,Q6UXY1_383_529
1524,4,Q6UXY1_224_333
1525,4,Q6UXY8_560_593
1526,4,Q6UXY8_963_1006
1527,4,Q6UXZ3_128_194
1528,4,Q6UXZ4_919_953
1529,4,Q6UXZ4_1_53
1530,4,Q6UY01_1_74
1531,4,Q6UY09_465_596
1532,4,Q6UY09_1_67
1533,4,Q6UY11_1_31
1534,4,Q6UY11_253_383
1535,4,Q6UY14_596_671
1536,4,Q6UY14_859_902
1537,4,Q6UY18_504_593
1538,4,Q6UY18_1_33
1539,4,Q6UYE1_29_110
1540,4,Q6V0I7_1_55
1541,4,Q6V1P9_327_364
1542,4,Q6V1P9_212_251
1543,4,Q6V1P9_1_111
1544,4,Q6V1P9_1409_1451
1545,4,Q6V1P9_436_477
1546,4,Q6V1P9_2492_2530
1547,4,Q6V1X1_1_54
1548,4,Q6VB84_1_104
1549,4,Q6VN20_1_31
1550,4,Q6VN20_349_505
1551,4,Q6VVB1_83_119
1552,4,Q6VY07_749_906
1553,4,Q6VY07_1_110
1554,4,Q6W0C5_1_159
1555,4,Q6W2J9_1586_1652
1556,4,Q6W349_1_94
1557,4,Q6W3E5_499_623
1558,4,Q6W4X9_724_798
1559,4,Q6W4X9_1_48
1560,4,Q6W5P4_335_371
1561,4,Q6W5P4_1_40
1562,4,Q6WBX8_272_426
1563,4,Q6WCQ1_970_1025
1564,4,Q6WN34_110_257
1565,4,Q6WN34_311_343
1566,4,Q6WN34_1_31
1567,4,Q6WQI6_1_88
1568,4,Q6WRI0_2560_2594
1569,4,Q6WRI0_279_404
1570,4,Q6WRI0_1_38
1571,4,Q6WRX3_1_30
1572,4,Q6X4T0_71_127
1573,4,Q6X4U4_1_69
1574,4,Q6X4U4_172_206
1575,4,Q6X784_1_33
1576,4,Q6XCG6_1_107
1577,4,Q6XD76_1_65
1578,4,Q6XD76_139_172
1579,4,Q6XE24_1_57
1580,4,Q6XLA1_1_102
1581,4,Q6XPS3_1_66
1582,4,Q6XR72_133_246
1583,4,Q6XR72_397_485
1584,4,Q6XUX3_509_556
1585,4,Q6XUX3_54_97
1586,4,Q6XUX3_278_318
1587,4,Q6XXX2_1_140
1588,4,Q6XYB7_1_83
1589,4,Q6XYB7_166_198
1590,4,Q6XZF7_1219_1278
1591,4,Q6XZF7_977_1010
1592,4,Q6XZF7_198_251
1593,4,Q6Y1H2_1_37
1594,4,Q6Y288_1_52
1595,4,Q6Y2X3_616_702
1596,4,Q6Y7W6_1_45
1597,4,Q6Y7W6_601_733
1598,4,Q6Y7W6_1199_1299
1599,4,Q6YBV0_1_61
1600,4,Q6YHK3_1399_1445
1601,4,Q6YHK3_632_692
1602,4,Q6YHK3_1_33
1603,4,Q6YHU6_1915_1953
1604,4,Q6YHU6_971_1052
1605,4,Q6YHU6_568_601
1606,4,Q6YHU6_1805_1843
1607,4,Q6YI46_1_128
1608,4,Q6YI46_347_380
1609,4,Q6YN16_276_313
1610,4,Q6YP21_1_39
1611,4,Q6ZMB0_1_68
1612,4,Q6ZMB5_363_413
1613,4,Q6ZMB5_1_55
1614,4,Q6ZMC9_1_44
1615,4,Q6ZMC9_288_328
1616,4,Q6ZMD2_477_512
1617,4,Q6ZMD2_1_39
1618,4,Q6ZMG9_331_384
1619,4,Q6ZMH5_308_387
1620,4,Q6ZMI0_75_116
1621,4,Q6ZMI0_596_664
1622,4,Q6ZMJ2_301_392
1623,4,Q6ZMJ2_1_61
1624,4,Q6ZMJ4_191_242
1625,4,Q6ZMK1_1_83
1626,4,Q6ZMM2_319_364
1627,4,Q6ZMM2_1_37
1628,4,Q6ZMN7_308_407
1629,4,Q6ZMN7_103_234
1630,4,Q6ZMN8_1_120
1631,4,Q6ZMP0_523_621
1632,4,Q6ZMQ8_1_124
1633,4,Q6ZMR5_53_89
1634,4,Q6ZMS4_488_543
1635,4,Q6ZMS7_195_281
1636,4,Q6ZMS7_1_37
1637,4,Q6ZMT1_161_295
1638,4,Q6ZMT1_1_108
1639,4,Q6ZMT4_1_32
1640,4,Q6ZMT9_386_448
1641,4,Q6ZMU1_319_363
1642,4,Q6ZMV5_104_139
1643,4,Q6ZMV8_54_187
1644,4,Q6ZMV9_425_569
1645,4,Q6ZMV9_680_814
1646,4,Q6ZMW3_592_673
1647,4,Q6ZMW3_1267_1354
1648,4,Q6ZMY3_728_875
1649,4,Q6ZMY6_413_472
1650,4,Q6ZMY6_1_93
1651,4,Q6ZMY9_333_375
1652,4,Q6ZMZ0_1_119
1653,4,Q6ZMZ0_257_290
1654,4,Q6ZMZ3_745_813
1655,4,Q6ZMZ3_877_975
1656,4,Q6ZN04_1_60
1657,4,Q6ZN08_50_189
1658,4,Q6ZN16_616_649
1659,4,Q6ZN16_903_1019
1660,4,Q6ZN16_193_230
1661,4,Q6ZN16_1120_1248
1662,4,Q6ZN16_1_73
1663,4,Q6ZN17_166_250
1664,4,Q6ZN18_350_391
1665,4,Q6ZN19_776_808
1666,4,Q6ZN28_500_547
1667,4,Q6ZN30_885_1043
1668,4,Q6ZN30_1_115
1669,4,Q6ZN32_1_36
1670,4,Q6ZN44_324_444
1671,4,Q6ZN44_1_45
1672,4,Q6ZN54_1_148
1673,4,Q6ZN55_858_896
1674,4,Q6ZN55_645_744
1675,4,Q6ZN57_1_103
1676,4,Q6ZN66_599_633
1677,4,Q6ZN68_331_376
1678,4,Q6ZN84_611_652
1679,4,Q6ZN92_1_141
1680,4,Q6ZNA1_907_936
1681,4,Q6ZNB6_858_911
1682,4,Q6ZNB6_1_135
1683,4,Q6ZNC4_239_385
1684,4,Q6ZNE5_1_59
1685,4,Q6ZNE5_214_250
1686,4,Q6ZNE5_401_492
1687,4,Q6ZNG2_250_339
1688,4,Q6ZNG9_454_492
1689,4,Q6ZNG9_1_105
1690,4,Q6ZNH5_1_113
1691,4,Q6ZNI0_1_56
1692,4,Q6ZNI0_233_268
1693,4,Q6ZNJ1_1626_1662
1694,4,Q6ZNJ1_2711_2754
1695,4,Q6ZNJ1_1287_1443
1696,4,Q6ZNJ1_343_376
1697,4,Q6ZNJ1_722_788
1698,4,Q6ZNJ1_1860_1917
1699,4,Q6ZNJ1_902_945
1700,4,Q6ZNJ1_1998_2040
1701,4,Q6ZNL6_1299_1364
1702,4,Q6ZNM6_1_134
1703,4,Q6ZNR0_1_141
1704,4,Q6ZNX1_74_139
1705,4,Q6ZP01_896_1000
1706,4,Q6ZP01_690_836
1707,4,Q6ZP29_128_172
1708,4,Q6ZP65_324_421
1709,4,Q6ZP65_1_101
1710,4,Q6ZP65_536_573
1711,4,Q6ZP68_1_121
1712,4,Q6ZP82_1_33
1713,4,Q6ZPA2_1_131
1714,4,Q6ZPB5_1_146
1715,4,Q6ZPD9_1_42
1716,4,Q6ZQN5_1_95
1717,4,Q6ZQN5_193_318
1718,4,Q6ZQN7_691_724
1719,4,Q6ZQN7_1_86
1720,4,Q6ZQQ6_1968_2009
1721,4,Q6ZQQ6_1_61
1722,4,Q6ZQR2_1_110
1723,4,Q6ZQT0_1_140
1724,4,Q6ZQY2_1_57
1725,4,Q6ZQY3_1_32
1726,4,Q6ZQY7_1_126
1727,4,Q6ZR08_1_96
1728,4,Q6ZR08_725_791
1729,4,Q6ZR08_160_196
1730,4,Q6ZR08_1723_1772
1731,4,Q6ZR08_2290_2321
1732,4,Q6ZR52_1_61
1733,4,Q6ZRC1_135_276
1734,4,Q6ZRF7_1_136
1735,4,Q6ZRF8_544_634
1736,4,Q6ZRF8_349_415
1737,4,Q6ZRH7_1092_1159
1738,4,Q6ZRH7_1_39
1739,4,Q6ZRI0_2548_2655
1740,4,Q6ZRI0_794_937
1741,4,Q6ZRI0_1_117
1742,4,Q6ZRI6_924_1047
1743,4,Q6ZRI8_469_547
1744,4,Q6ZRP0_1_60
1745,4,Q6ZRP7_568_698
1746,4,Q6ZRP7_1_59
1747,4,Q6ZRQ5_1_37
1748,4,Q6ZRQ5_229_262
1749,4,Q6ZRR7_1152_1202
1750,4,Q6ZRR7_1360_1453
1751,4,Q6ZRR7_629_665
1752,4,Q6ZRR7_296_340
1753,4,Q6ZRS2_1921_1956
1754,4,Q6ZRS2_794_828
1755,4,Q6ZRS2_1_106
1756,4,Q6ZRS4_939_1044
1757,4,Q6ZRS4_1_149
1758,4,Q6ZRT6_1_59
1759,4,Q6ZRU5_1_148
1760,4,Q6ZRV2_67_111
1761,4,Q6ZRY4_113_209
1762,4,Q6ZS11_130_258
1763,4,Q6ZS11_1_51
1764,4,Q6ZS11_521_566
1765,4,Q6ZS17_1_74
1766,4,Q6ZS17_833_894
1767,4,Q6ZS30_1824_1895
1768,4,Q6ZS30_880_927
1769,4,Q6ZS30_2650_2694
1770,4,Q6ZS30_709_773
1771,4,Q6ZS30_1_72
1772,4,Q6ZS49_1_121
1773,4,Q6ZS52_1_159
1774,4,Q6ZS62_1_124
1775,4,Q6ZS72_1_128
1776,4,Q6ZS81_2817_2877
1777,4,Q6ZS81_2510_2541
1778,4,Q6ZS81_2292_2379
1779,4,Q6ZS81_773_832
1780,4,Q6ZS81_927_1003
1781,4,Q6ZS81_1824_1966
1782,4,Q6ZS81_3097_3139
1783,4,Q6ZS81_1_49
1784,4,Q6ZS82_179_212
1785,4,Q6ZSA7_1_35
1786,4,Q6ZSA8_1_131
1787,4,Q6ZSB3_1_139
1788,4,Q6ZSC3_171_221
1789,4,Q6ZSG2_437_479
1790,4,Q6ZSI9_391_426
1791,4,Q6ZSJ8_73_110
1792,4,Q6ZSJ9_1_89
1793,4,Q6ZSK4_1_140
1794,4,Q6ZSM3_472_516
1795,4,Q6ZSM3_226_274
1796,4,Q6ZSM3_1_37
1797,4,Q6ZSS3_1_153
1798,4,Q6ZSS3_339_439
1799,4,Q6ZSS7_159_277
1800,4,Q6ZSS7_1_65
1801,4,Q6ZSS7_390_438
1802,4,Q6ZST2_41_131
1803,4,Q6ZST4_97_164
1804,4,Q6ZSY5_199_240
1805,4,Q6ZSY5_1_116
1806,4,Q6ZSZ6_1000_1041
1807,4,Q6ZT07_932_1027
1808,4,Q6ZT07_1063_1212
1809,4,Q6ZT07_1_66
1810,4,Q6ZT07_397_470
1811,4,Q6ZT12_1_91
1812,4,Q6ZT12_292_379
1813,4,Q6ZT52_1_61
1814,4,Q6ZT52_227_329
1815,4,Q6ZT62_1_45
1816,4,Q6ZT62_482_581
1817,4,Q6ZT77_1_103
1818,4,Q6ZT89_129_222
1819,4,Q6ZT98_827_887
1820,4,Q6ZT98_1_41
1821,4,Q6ZTA4_248_308
1822,4,Q6ZTI0_1_123
1823,4,Q6ZTI6_1_101
1824,4,Q6ZTI6_171_216
1825,4,Q6ZTN6_198_243
1826,4,Q6ZTN6_375_518
1827,4,Q6ZTQ3_1_47
1828,4,Q6ZTQ3_100_215
1829,4,Q6ZTR5_365_401
1830,4,Q6ZTR5_1432_1530
1831,4,Q6ZTR5_1563_1598
1832,4,Q6ZTR5_1661_1691
1833,4,Q6ZTR5_2921_2962
1834,4,Q6ZTR5_3129_3187
1835,4,Q6ZTR5_1_46
1836,4,Q6ZTR5_2477_2543
1837,4,Q6ZTR5_2247_2283
1838,4,Q6ZTR5_2019_2071
1839,4,Q6ZTR5_2125_2161
1840,4,Q6ZTR7_226_304
1841,4,Q6ZTU2_412_488
1842,4,Q6ZTW0_1_40
1843,4,Q6ZTY9_1_151
1844,4,Q6ZTZ1_125_214
1845,4,Q6ZTZ1_1_44
1846,4,Q6ZU15_1_36
1847,4,Q6ZU45_282_400
1848,4,Q6ZU64_1_148
1849,4,Q6ZU64_1405_1441
1850,4,Q6ZU67_496_534
1851,4,Q6ZU69_1_30
1852,4,Q6ZU80_322_370
1853,4,Q6ZU80_830_870
1854,4,Q6ZU80_970_1094
1855,4,Q6ZU80_89_168
1856,4,Q6ZU80_1_42
1857,4,Q6ZUA9_913_948
1858,4,Q6ZUA9_663_724
1859,4,Q6ZUA9_512_559
1860,4,Q6ZUA9_348_377
1861,4,Q6ZUA9_1_90
1862,4,Q6ZUG5_134_172
1863,4,Q6ZUG5_69_105
1864,4,Q6ZUI0_1_61
1865,4,Q6ZUJ4_209_267
1866,4,Q6ZUJ4_33_166
1867,4,Q6ZUJ8_660_805
1868,4,Q6ZUJ8_139_184
1869,4,Q6ZUK4_85_128
1870,4,Q6ZUK4_320_368
1871,4,Q6ZUM4_438_505
1872,4,Q6ZUM4_530_560
1873,4,Q6ZUM4_612_664
1874,4,Q6ZUS5_249_278
1875,4,Q6ZUS6_199_234
1876,4,Q6ZUT4_1_128
1877,4,Q6ZUT6_1_55
1878,4,Q6ZUT9_656_735
1879,4,Q6ZUT9_1043_1094
1880,4,Q6ZUT9_407_493
1881,4,Q6ZUT9_1_30
1882,4,Q6ZUT9_812_845
1883,4,Q6ZUT9_138_181
1884,4,Q6ZUX3_981_1019
1885,4,Q6ZUX3_703_765
1886,4,Q6ZV29_686_732
1887,4,Q6ZV29_1_148
1888,4,Q6ZV29_296_455
1889,4,Q6ZV29_1211_1317
1890,4,Q6ZV50_103_180
1891,4,Q6ZV50_447_586
1892,4,Q6ZV60_1_143
1893,4,Q6ZV65_1_96
1894,4,Q6ZV65_161_299
1895,4,Q6ZV73_1284_1321
1896,4,Q6ZV80_1_131
1897,4,Q6ZV89_392_423
1898,4,Q6ZV89_153_289
1899,4,Q6ZVD8_1_68
1900,4,Q6ZVF9_735_776
1901,4,Q6ZVH6_1_145
1902,4,Q6ZVH7_921_1005
1903,4,Q6ZVL6_1084_1118
1904,4,Q6ZVL8_1_140
1905,4,Q6ZVM7_158_217
1906,4,Q6ZVN7_1_128
1907,4,Q6ZVN8_1_81
1908,4,Q6ZVQ6_1_151
1909,4,Q6ZVT0_241_281
1910,4,Q6ZVT0_569_673
1911,4,Q6ZVT0_1_157
1912,4,Q6ZVW7_287_336
1913,4,Q6ZVX7_1_51
1914,4,Q6ZVX9_1_44
1915,4,Q6ZVZ8_1_125
1916,4,Q6ZW05_817_846
1917,4,Q6ZW49_537_595
1918,4,Q6ZW49_822_861
1919,4,Q6ZW61_134_269
1920,4,Q6ZW76_581_615
1921,4,Q6ZW76_1_42
1922,4,Q6ZWB6_316_473
1923,4,Q6ZWB6_1_43
1924,4,Q6ZWB6_144_215
1925,4,Q6ZWE6_731_761
1926,4,Q6ZWE6_456_494
1927,4,Q6ZWE6_301_368
1928,4,Q6ZWH5_1_86
1929,4,Q6ZWJ1_434_553
1930,4,Q6ZWJ8_1078_1163
1931,4,Q6ZWJ8_1529_1568
1932,4,Q6ZWK4_49_172
1933,4,Q6ZWT7_466_520
1934,4,Q6ZXV5_817_915
1935,4,Q6ZYL4_1_71
1936,4,Q709C8_2213_2277
1937,4,Q709C8_2456_2491
1938,4,Q709C8_2062_2108
1939,4,Q709C8_1551_1600
1940,4,Q709C8_112_192
1941,4,Q709C8_447_520
1942,4,Q709C8_648_684
1943,4,Q709C8_1883_1943
1944,4,Q709C8_1037_1086
1945,4,Q709C8_830_913
1946,4,Q709C8_1367_1428
1947,4,Q70CQ1_93_158
1948,4,Q70CQ1_280_358
1949,4,Q70CQ1_196_253
1950,4,Q70CQ1_656_688
1951,4,Q70CQ2_80_154
1952,4,Q70CQ2_1250_1283
1953,4,Q70CQ2_1538_1584
1954,4,Q70CQ2_1441_1489
1955,4,Q70CQ2_2469_2517
1956,4,Q70CQ3_354_433
1957,4,Q70CQ3_1_49
1958,4,Q70CQ3_183_219
1959,4,Q70CQ4_674_703
1960,4,Q70CQ4_245_280
1961,4,Q70CQ4_1_121
1962,4,Q70CQ4_398_461
1963,4,Q70EK8_1_31
1964,4,Q70EK9_306_361
1965,4,Q70EK9_517_548
1966,4,Q70EL1_1_32
1967,4,Q70EL2_147_193
1968,4,Q70EL2_1_44
1969,4,Q70EL2_752_786
1970,4,Q70EL3_149_178
1971,4,Q70EL3_1_38
1972,4,Q70EL4_614_653
1973,4,Q70EL4_355_402
1974,4,Q70EL4_199_239
1975,4,Q70EL4_1_98
1976,4,Q70J99_1_52
1977,4,Q70J99_209_239
1978,4,Q70J99_137_173
1979,4,Q70JA7_578_620
1980,4,Q70SY1_382_520
1981,4,Q70UQ0_1_67
1982,4,Q70YC5_1_154
1983,4,Q70YC5_300_407
1984,4,Q70Z35_1461_1495
1985,4,Q70Z35_755_806
1986,4,Q70Z35_1046_1158
1987,4,Q70Z35_944_991
1988,4,Q70Z44_276_412
1989,4,Q70Z53_222_315
1990,4,Q70Z53_1_44
1991,4,Q711Q0_1307_1435
1992,4,Q712K3_195_238
1993,4,Q717R9_1_132
1994,4,Q719I0_155_299
1995,4,Q719I0_1_31
1996,4,Q71DI3_1_30
1997,4,Q71F56_1962_2100
1998,4,Q71F56_1768_1810
1999,4,Q71F56_1198_1273
2000,4,Q71RC2_1_117
2001,4,Q71RG4_243_321
2002,4,Q71RS6_1_56
2003,4,Q71RS6_221_298
2004,4,Q75L30_1_129
2005,4,Q75MW2_94_155
2006,4,Q75N03_1_101
2007,4,Q75N90_2641_2711
2008,4,Q75N90_2774_2809
2009,4,Q75NE6_1_70
2010,4,Q75QN2_475_510
2011,4,Q75T13_772_808
2012,4,Q75V66_1_72
2013,4,Q75VX8_156_215
2014,4,Q75WM6_191_255
2015,4,Q75WM6_1_159
2016,4,Q765I0_1_119
2017,4,Q76B58_1_101
2018,4,Q76B58_208_239
2019,4,Q76FK4_103_134
2020,4,Q76G19_1_133
2021,4,Q76I76_1_77
2022,4,Q76KP1_1_110
2023,4,Q76LX8_782_905
2024,4,Q76LX8_1116_1199
2025,4,Q76LX8_1_84
2026,4,Q76M96_1_145
2027,4,Q76M96_909_950
2028,4,Q76MJ5_1_42
2029,4,Q76N89_177_212
2030,4,Q76N89_1_82
2031,4,Q76N89_1047_1118
2032,4,Q76N89_1180_1233
2033,4,Q76NI1_1_41
2034,4,Q76NI1_1363_1468
2035,4,Q76NI1_1210_1247
2036,4,Q76NI1_1496_1528
2037,4,Q76NI1_955_1102
2038,4,Q7KYR7_497_527
2039,4,Q7KZ85_484_527
2040,4,Q7KZI7_1_51
2041,4,Q7KZN9_1_60
2042,4,Q7L099_1_63
2043,4,Q7L0J3_1_145
2044,4,Q7L0Q8_1_49
2045,4,Q7L0X0_724_811
2046,4,Q7L0X0_1_30
2047,4,Q7L0Y3_1_96
2048,4,Q7L190_1_86
2049,4,Q7L190_129_217
2050,4,Q7L1I2_1_79
2051,4,Q7L1S5_1_158
2052,4,Q7L1T6_123_170
2053,4,Q7L1V2_1_104
2054,4,Q7L1W4_214_282
2055,4,Q7L1W4_53_139
2056,4,Q7L2E3_360_398
2057,4,Q7L2E3_138_237
2058,4,Q7L2E3_1_53
2059,4,Q7L2J0_491_538
2060,4,Q7L2K0_323_359
2061,4,Q7L2Z9_1_74
2062,4,Q7L3B6_271_337
2063,4,Q7L3B6_1_53
2064,4,Q7L3S4_1_63
2065,4,Q7L3T8_1_57
2066,4,Q7L3V2_1_103
2067,4,Q7L4P6_40_178
2068,4,Q7L4P6_245_294
2069,4,Q7L513_1_67
2070,4,Q7L513_263_359
2071,4,Q7L576_1_39
2072,4,Q7L591_1_63
2073,4,Q7L591_180_211
2074,4,Q7L592_1_41
2075,4,Q7L5A8_79_120
2076,4,Q7L5D6_292_327
2077,4,Q7L5N1_1_33
2078,4,Q7L5N7_498_544
2079,4,Q7L5N7_1_45
2080,4,Q7L622_285_350
2081,4,Q7L7V1_1_40
2082,4,Q7L7V1_712_743
2083,4,Q7L7V1_304_334
2084,4,Q7L7X3_887_1001
2085,4,Q7L7X3_309_456
2086,4,Q7L8A9_304_365
2087,4,Q7L8A9_1_60
2088,4,Q7L8J4_278_393
2089,4,Q7L8J4_1_57
2090,4,Q7L8L6_605_697
2091,4,Q7L8L6_1_119
2092,4,Q7L8S5_59_98
2093,4,Q7L985_501_606
2094,4,Q7L9B9_537_569
2095,4,Q7L9B9_96_140
2096,4,Q7L9B9_1_42
2097,4,Q7L9B9_389_433
2098,4,Q7L9B9_191_246
2099,4,Q7LBC6_1_53
2100,4,Q7LBE3_570_662
2101,4,Q7LBE3_734_791
2102,4,Q7LBR1_148_199
2103,4,Q7LC44_354_396
2104,4,Q7LDG7_122_154
2105,4,Q7LFX5_1_150
2106,4,Q7LG56_1_31
2107,4,Q7LG56_310_351
2108,4,Q7LGC8_1_133
2109,4,Q7RTM1_448_539
2110,4,Q7RTM1_1_55
2111,4,Q7RTN6_401_431
2112,4,Q7RTN6_1_65
2113,4,Q7RTN6_306_345
2114,4,Q7RTP6_488_526
2115,4,Q7RTP6_620_772
2116,4,Q7RTR2_1_76
2117,4,Q7RTR2_363_397
2118,4,Q7RTS1_144_189
2119,4,Q7RTS1_1_67
2120,4,Q7RTS3_1_153
2121,4,Q7RTS3_222_328
2122,4,Q7RTS5_1_77
2123,4,Q7RTS5_472_517
2124,4,Q7RTS6_200_232
2125,4,Q7RTS6_424_489
2126,4,Q7RTS7_449_529
2127,4,Q7RTS7_1_135
2128,4,Q7RTS9_228_281
2129,4,Q7RTT3_77_188
2130,4,Q7RTT4_76_187
2131,4,Q7RTT5_78_188
2132,4,Q7RTT6_79_188
2133,4,Q7RTT9_258_340
2134,4,Q7RTT9_1_65
2135,4,Q7RTU0_111_167
2136,4,Q7RTU0_1_47
2137,4,Q7RTU1_136_214
2138,4,Q7RTU1_1_77
2139,4,Q7RTU3_1_76
2140,4,Q7RTU3_156_272
2141,4,Q7RTU4_1_59
2142,4,Q7RTU4_131_235
2143,4,Q7RTU5_1_149
2144,4,Q7RTU5_219_278
2145,4,Q7RTU7_140_201
2146,4,Q7RTU7_1_72
2147,4,Q7RTU9_1232_1265
2148,4,Q7RTU9_1095_1138
2149,4,Q7RTU9_1736_1775
2150,4,Q7RTV3_246_350
2151,4,Q7RTW8_1_38
2152,4,Q7RTW8_314_349
2153,4,Q7RTW8_1104_1153
2154,4,Q7RTX7_1_90
2155,4,Q7RTX7_414_472
2156,4,Q7RTX7_316_376
2157,4,Q7RTX9_209_281
2158,4,Q7RTY0_393_426
2159,4,Q7RTY1_188_282
2160,4,Q7RTY5_282_328
2161,4,Q7RTY7_524_576
2162,4,Q7RTY7_1_58
2163,4,Q7RTY8_529_614
2164,4,Q7RTY8_1_78
2165,4,Q7RTY9_1_51
2166,4,Q7RTZ1_1_50
2167,4,Q7RTZ2_1_77
2168,4,Q7RTZ2_379_530
2169,4,Q7Z2D5_1_75
2170,4,Q7Z2E3_114_188
2171,4,Q7Z2F6_59_126
2172,4,Q7Z2G1_1_80
2173,4,Q7Z2H8_1_51
2174,4,Q7Z2K6_1_74
2175,4,Q7Z2R9_1_100
2176,4,Q7Z2T5_201_234
2177,4,Q7Z2T5_1_124
2178,4,Q7Z2T5_568_635
2179,4,Q7Z2T5_692_733
2180,4,Q7Z2W4_691_730
2181,4,Q7Z2W7_1_48
2182,4,Q7Z2W7_1019_1058
2183,4,Q7Z2W7_519_562
2184,4,Q7Z2W9_1_49
2185,4,Q7Z2X4_1_96
2186,4,Q7Z2X7_1_111
2187,4,Q7Z2Y5_50_94
2188,4,Q7Z2Y8_907_972
2189,4,Q7Z2Y8_1600_1644
2190,4,Q7Z2Y8_803_863
2191,4,Q7Z2Z2_894_961
2192,4,Q7Z2Z2_183_224
2193,4,Q7Z2Z2_440_553
2194,4,Q7Z2Z2_775_864
2195,4,Q7Z2Z2_701_738
2196,4,Q7Z333_1807_1845
2197,4,Q7Z333_72_111
2198,4,Q7Z353_504_589
2199,4,Q7Z353_654_690
2200,4,Q7Z388_1_47
2201,4,Q7Z3B1_1_48
2202,4,Q7Z3B1_314_354
2203,4,Q7Z3B3_329_429
2204,4,Q7Z3B4_1_122
2205,4,Q7Z3C6_1_39
2206,4,Q7Z3D4_1_61
2207,4,Q7Z3D6_1_42
2208,4,Q7Z3E1_404_452
2209,4,Q7Z3E2_425_458
2210,4,Q7Z3E2_690_762
2211,4,Q7Z3E5_268_304
2212,4,Q7Z3F1_539_654
2213,4,Q7Z3F1_1_45
2214,4,Q7Z3F1_825_870
2215,4,Q7Z3F1_715_751
2216,4,Q7Z3G6_1_32
2217,4,Q7Z3H0_1_101
2218,4,Q7Z3H0_334_434
2219,4,Q7Z3H4_1_77
2220,4,Q7Z3H4_389_446
2221,4,Q7Z3I7_340_387
2222,4,Q7Z3I7_1_138
2223,4,Q7Z3I7_487_529
2224,4,Q7Z3K3_1346_1410
2225,4,Q7Z3S7_1_74
2226,4,Q7Z3S7_961_1013
2227,4,Q7Z3S7_1101_1137
2228,4,Q7Z3T1_164_199
2229,4,Q7Z3T1_265_314
2230,4,Q7Z3U7_1169_1245
2231,4,Q7Z3U7_1570_1717
2232,4,Q7Z3U7_615_665
2233,4,Q7Z3U7_506_546
2234,4,Q7Z3U7_396_455
2235,4,Q7Z3V4_399_454
2236,4,Q7Z3V4_990_1068
2237,4,Q7Z3Y7_393_464
2238,4,Q7Z3Y7_1_90
2239,4,Q7Z3Y8_1_87
2240,4,Q7Z3Y8_391_459
2241,4,Q7Z3Y9_1_87
2242,4,Q7Z3Y9_390_468
2243,4,Q7Z3Z0_385_450
2244,4,Q7Z3Z0_1_82
2245,4,Q7Z3Z2_148_195
2246,4,Q7Z3Z3_1_109
2247,4,Q7Z3Z4_1_88
2248,4,Q7Z401_702_744
2249,4,Q7Z401_1496_1635
2250,4,Q7Z402_1_131
2251,4,Q7Z404_1_131
2252,4,Q7Z406_637_675
2253,4,Q7Z406_1_56
2254,4,Q7Z407_1_74
2255,4,Q7Z407_3457_3497
2256,4,Q7Z407_3600_3707
2257,4,Q7Z407_2793_2851
2258,4,Q7Z407_334_493
2259,4,Q7Z408_2071_2140
2260,4,Q7Z408_177_208
2261,4,Q7Z408_1_34
2262,4,Q7Z408_3379_3487
2263,4,Q7Z408_3237_3275
2264,4,Q7Z408_298_352
2265,4,Q7Z410_728_830
2266,4,Q7Z410_430_508
2267,4,Q7Z412_209_305
2268,4,Q7Z412_1_31
2269,4,Q7Z418_165_271
2270,4,Q7Z422_1_152
2271,4,Q7Z429_1_153
2272,4,Q7Z442_90_120
2273,4,Q7Z442_2404_2459
2274,4,Q7Z442_1_38
2275,4,Q7Z443_1679_1732
2276,4,Q7Z444_1_39
2277,4,Q7Z449_1_97
2278,4,Q7Z460_225_303
2279,4,Q7Z478_788_824
2280,4,Q7Z478_487_549
2281,4,Q7Z478_309_374
2282,4,Q7Z494_1285_1330
2283,4,Q7Z494_1_94
2284,4,Q7Z494_193_305
2285,4,Q7Z494_386_496
2286,4,Q7Z494_1051_1097
2287,4,Q7Z4B0_1_112
2288,4,Q7Z4F1_1_41
2289,4,Q7Z4F1_165_204
2290,4,Q7Z4H4_1_148
2291,4,Q7Z4K8_60_130
2292,4,Q7Z4K8_616_686
2293,4,Q7Z4L5_588_620
2294,4,Q7Z4L9_254_309
2295,4,Q7Z4M0_1_33
2296,4,Q7Z4M0_146_216
2297,4,Q7Z4N2_385_457
2298,4,Q7Z4N2_555_609
2299,4,Q7Z4N2_1_49
2300,4,Q7Z4N2_758_821
2301,4,Q7Z4N2_1116_1150
2302,4,Q7Z4N8_1_32
2303,4,Q7Z4P5_1_125
2304,4,Q7Z4P5_283_349
2305,4,Q7Z4Q2_1_42
2306,4,Q7Z4Q2_310_417
2307,4,Q7Z4R8_139_191
2308,4,Q7Z4S6_500_649
2309,4,Q7Z4S6_821_925
2310,4,Q7Z4S6_236_266
2311,4,Q7Z4S9_1_58
2312,4,Q7Z4T8_1_92
2313,4,Q7Z4T9_437_487
2314,4,Q7Z4T9_1_42
2315,4,Q7Z4T9_107_215
2316,4,Q7Z4T9_735_767
2317,4,Q7Z4U5_1_140
2318,4,Q7Z4V5_359_471
2319,4,Q7Z4V5_552_671
2320,4,Q7Z4W3_1_81
2321,4,Q7Z553_1_36
2322,4,Q7Z553_915_956
2323,4,Q7Z569_372_403
2324,4,Q7Z569_71_133
2325,4,Q7Z569_543_592
2326,4,Q7Z570_1_39
2327,4,Q7Z572_347_469
2328,4,Q7Z591_470_562
2329,4,Q7Z5A4_1_77
2330,4,Q7Z5D8_1_109
2331,4,Q7Z5H3_1_41
2332,4,Q7Z5H4_1_46
2333,4,Q7Z5H5_140_178
2334,4,Q7Z5J1_211_315
2335,4,Q7Z5J8_1331_1434
2336,4,Q7Z5K2_1063_1101
2337,4,Q7Z5L3_1_155
2338,4,Q7Z5L4_1_101
2339,4,Q7Z5L7_1_70
2340,4,Q7Z5L7_581_613
2341,4,Q7Z5M5_421_505
2342,4,Q7Z5M5_1_57
2343,4,Q7Z5M8_1_63
2344,4,Q7Z5N4_1608_1663
2345,4,Q7Z5N4_1_119
2346,4,Q7Z5N4_571_612
2347,4,Q7Z5N4_1047_1085
2348,4,Q7Z5P9_4804_4847
2349,4,Q7Z5P9_1143_1214
2350,4,Q7Z5Q5_855_900
2351,4,Q7Z5R6_1_39
2352,4,Q7Z5R6_85_145
2353,4,Q7Z5S9_146_177
2354,4,Q7Z5U6_269_319
2355,4,Q7Z5W3_1_30
2356,4,Q7Z5Y6_254_302
2357,4,Q7Z5Y6_1_110
2358,4,Q7Z5Y7_1_118
2359,4,Q7Z5Y7_362_419
2360,4,Q7Z601_433_462
2361,4,Q7Z614_1_64
2362,4,Q7Z624_1_47
2363,4,Q7Z628_1_159
2364,4,Q7Z628_502_596
2365,4,Q7Z692_149_300
2366,4,Q7Z695_453_490
2367,4,Q7Z695_1_96
2368,4,Q7Z695_226_307
2369,4,Q7Z6A9_176_289
2370,4,Q7Z6B0_1_134
2371,4,Q7Z6B7_704_749
2372,4,Q7Z6B7_466_506
2373,4,Q7Z6E9_226_255
2374,4,Q7Z6E9_75_116
2375,4,Q7Z6G3_1_65
2376,4,Q7Z6G3_194_275
2377,4,Q7Z6G8_937_1050
2378,4,Q7Z6G8_1187_1248
2379,4,Q7Z6G8_1_52
2380,4,Q7Z6J0_73_139
2381,4,Q7Z6J2_1_99
2382,4,Q7Z6J4_1_104
2383,4,Q7Z6J6_340_494
2384,4,Q7Z6J8_292_321
2385,4,Q7Z6J8_164_209
2386,4,Q7Z6J9_182_308
2387,4,Q7Z6K3_325_365
2388,4,Q7Z6K3_254_287
2389,4,Q7Z6K5_176_226
2390,4,Q7Z6M1_304_348
2391,4,Q7Z6M2_142_176
2392,4,Q7Z6M2_1_70
2393,4,Q7Z6M3_246_343
2394,4,Q7Z6M3_1_32
2395,4,Q7Z6M4_1_87
2396,4,Q7Z6M4_332_381
2397,4,Q7Z6P3_1_157
2398,4,Q7Z6R9_413_452
2399,4,Q7Z6Z6_262_297
2400,4,Q7Z6Z6_391_429
2401,4,Q7Z6Z7_1682_1748
2402,4,Q7Z6Z7_1292_1409
2403,4,Q7Z6Z7_1951_2068
2404,4,Q7Z6Z7_965_1044
2405,4,Q7Z6Z7_2183_2218
2406,4,Q7Z6Z7_3100_3185
2407,4,Q7Z6Z7_695_768
2408,4,Q7Z6Z7_472_503
2409,4,Q7Z6Z7_3881_3961
2410,4,Q7Z713_125_158
2411,4,Q7Z736_556_630
2412,4,Q7Z736_1_104
2413,4,Q7Z736_740_793
2414,4,Q7Z745_1_30
2415,4,Q7Z745_1175_1204
2416,4,Q7Z745_476_505
2417,4,Q7Z794_1_160
2418,4,Q7Z794_471_578
2419,4,Q7Z7A1_1_95
2420,4,Q7Z7A1_343_496
2421,4,Q7Z7A3_312_348
2422,4,Q7Z7A4_463_578
2423,4,Q7Z7B0_596_637
2424,4,Q7Z7B0_1_142
2425,4,Q7Z7B1_408_442
2426,4,Q7Z7B7_62_95
2427,4,Q7Z7B8_53_93
2428,4,Q7Z7C7_1_49
2429,4,Q7Z7C7_118_154
2430,4,Q7Z7C7_193_330
2431,4,Q7Z7C8_232_310
2432,4,Q7Z7E8_1_44
2433,4,Q7Z7E8_71_105
2434,4,Q7Z7E8_171_221
2435,4,Q7Z7F0_1_102
2436,4,Q7Z7F0_189_230
2437,4,Q7Z7G2_1_41
2438,4,Q7Z7G8_2423_2461
2439,4,Q7Z7G8_3138_3186
2440,4,Q7Z7G8_3923_3998
2441,4,Q7Z7G8_3363_3448
2442,4,Q7Z7G8_3544_3573
2443,4,Q7Z7G8_2262_2305
2444,4,Q7Z7G8_2063_2132
2445,4,Q7Z7G8_540_692
2446,4,Q7Z7G8_279_398
2447,4,Q7Z7G8_959_1062
2448,4,Q7Z7G8_88_145
2449,4,Q7Z7G8_1236_1327
2450,4,Q7Z7G8_1638_1682
2451,4,Q7Z7G8_1403_1560
2452,4,Q7Z7H3_357_387
2453,4,Q7Z7J5_1_87
2454,4,Q7Z7J5_127_183
2455,4,Q7Z7J7_209_247
2456,4,Q7Z7J9_1_78
2457,4,Q7Z7K2_561_595
2458,4,Q7Z7K2_316_440
2459,4,Q7Z7K6_1_99
2460,4,Q7Z7L1_151_192
2461,4,Q7Z7M0_2690_2845
2462,4,Q7Z7M0_2522_2571
2463,4,Q7Z7M0_1712_1789
2464,4,Q7Z7M0_1267_1417
2465,4,Q7Z7M0_1109_1177
2466,4,Q7Z7M0_1_38
2467,4,Q7Z7M1_919_963
2468,4,Q7Z7M1_1_108
2469,4,Q7Z7M1_835_864
2470,4,Q7Z7M8_1_53
2471,4,Q86SE5_237_291
2472,4,Q86SE5_99_193
2473,4,Q86SE8_129_214
2474,4,Q86SE9_102_141
2475,4,Q86SE9_215_256
2476,4,Q86SF2_1_113
2477,4,Q86SG2_1_111
2478,4,Q86SG3_1_43
2479,4,Q86SG3_108_208
2480,4,Q86SG6_263_315
2481,4,Q86SG6_355_385
2482,4,Q86SG7_1_38
2483,4,Q86SH4_1_94
2484,4,Q86SI9_1_138
2485,4,Q86SJ2_1_43
2486,4,Q86SJ2_416_522
2487,4,Q86SJ6_1_56
2488,4,Q86SK9_1_43
2489,4,Q86SM8_283_312
2490,4,Q86SP6_1_37
2491,4,Q86SP6_215_309
2492,4,Q86SQ0_477_583
2493,4,Q86SQ3_79_177
2494,4,Q86SQ4_347_492
2495,4,Q86SQ4_1_42
2496,4,Q86SQ4_1128_1221
2497,4,Q86SQ6_208_249
2498,4,Q86SQ7_171_226
2499,4,Q86SQ7_1_122
2500,4,Q86SQ7_267_302
2501,4,Q86SQ7_669_713
2502,4,Q86SR1_1_70
2503,4,Q86SX6_1_37
2504,4,Q86SY8_1_53
2505,4,Q86T03_1_82
2506,4,Q86T20_60_102
2507,4,Q86T24_593_672
2508,4,Q86T65_1_50
2509,4,Q86T65_995_1068
2510,4,Q86T65_499_601
2511,4,Q86T75_1_83
2512,4,Q86T90_1_89
2513,4,Q86T96_1_61
2514,4,Q86T96_511_566
2515,4,Q86TB3_2128_2170
2516,4,Q86TC9_353_443
2517,4,Q86TC9_1028_1078
2518,4,Q86TC9_1264_1320
2519,4,Q86TD4_444_473
2520,4,Q86TD4_1_39
2521,4,Q86TE4_215_346
2522,4,Q86TG1_242_271
2523,4,Q86TG7_593_708
2524,4,Q86TG7_466_540
2525,4,Q86TG7_244_349
2526,4,Q86TG7_42_87
2527,4,Q86TH1_1_54
2528,4,Q86TI0_1_98
2529,4,Q86TI0_147_294
2530,4,Q86TI4_346_376
2531,4,Q86TL0_432_474
2532,4,Q86TL0_168_204
2533,4,Q86TL0_1_75
2534,4,Q86TL2_1_36
2535,4,Q86TL2_219_294
2536,4,Q86TM3_1_57
2537,4,Q86TM3_113_160
2538,4,Q86TM6_525_617
2539,4,Q86TM6_334_490
2540,4,Q86TP1_365_453
2541,4,Q86TS7_1_51
2542,4,Q86TU6_1_105
2543,4,Q86TU7_501_594
2544,4,Q86TV6_612_693
2545,4,Q86TW2_1_33
2546,4,Q86U02_1_117
2547,4,Q86U06_344_439
2548,4,Q86U17_357_392
2549,4,Q86U17_1_45
2550,4,Q86U28_1_48
2551,4,Q86U38_1_59
2552,4,Q86U38_218_247
2553,4,Q86U42_1_149
2554,4,Q86U42_254_306
2555,4,Q86U44_146_225
2556,4,Q86U44_327_370
2557,4,Q86U44_1_83
2558,4,Q86U70_1_66
2559,4,Q86U70_283_411
2560,4,Q86U86_284_387
2561,4,Q86U86_484_521
2562,4,Q86U86_1313_1391
2563,4,Q86U86_1094_1133
2564,4,Q86U86_1_51
2565,4,Q86U86_623_660
2566,4,Q86U86_147_185
2567,4,Q86U90_1_55
2568,4,Q86UA1_605_669
2569,4,Q86UA1_1_78
2570,4,Q86UA6_1_71
2571,4,Q86UB2_419_503
2572,4,Q86UB9_193_237
2573,4,Q86UC2_466_560
2574,4,Q86UD0_93_222
2575,4,Q86UD3_220_253
2576,4,Q86UD3_1_66
2577,4,Q86UD5_1_87
2578,4,Q86UD7_213_250
2579,4,Q86UD7_1_47
2580,4,Q86UE6_1_34
2581,4,Q86UE8_345_400
2582,4,Q86UF2_273_316
2583,4,Q86UF2_1_49
2584,4,Q86UG4_1_99
2585,4,Q86UG4_285_318
2586,4,Q86UK0_848_909
2587,4,Q86UK0_1283_1346
2588,4,Q86UK0_2107_2243
2589,4,Q86UK0_2552_2595
2590,4,Q86UK5_317_359
2591,4,Q86UK7_833_904
2592,4,Q86UL8_189_311
2593,4,Q86UL8_509_611
2594,4,Q86UL8_674_781
2595,4,Q86UL8_857_934
2596,4,Q86UL8_1003_1150
2597,4,Q86UL8_379_419
2598,4,Q86UN2_303_441
2599,4,Q86UN3_311_420
2600,4,Q86UN6_1_35
2601,4,Q86UP0_452_502
2602,4,Q86UP0_1_53
2603,4,Q86UP2_713_742
2604,4,Q86UP2_536_588
2605,4,Q86UP2_907_937
2606,4,Q86UP2_1293_1357
2607,4,Q86UP3_2137_2190
2608,4,Q86UP3_1405_1495
2609,4,Q86UP3_3429_3567
2610,4,Q86UP6_1_46
2611,4,Q86UP6_527_607
2612,4,Q86UP6_351_396
2613,4,Q86UP8_488_539
2614,4,Q86UP8_404_435
2615,4,Q86UP8_176_331
2616,4,Q86UP8_1_110
2617,4,Q86UQ4_4152_4206
2618,4,Q86UQ4_3346_3416
2619,4,Q86UQ4_3785_3846
2620,4,Q86UQ4_4278_4382
2621,4,Q86UQ4_4672_4704
2622,4,Q86UQ4_5027_5058
2623,4,Q86UQ5_1_136
2624,4,Q86UR1_195_326
2625,4,Q86UR5_688_744
2626,4,Q86UR5_1661_1692
2627,4,Q86UR5_1_111
2628,4,Q86US8_1153_1217
2629,4,Q86US8_823_883
2630,4,Q86UT5_423_571
2631,4,Q86UT5_1_120
2632,4,Q86UT6_320_356
2633,4,Q86UT6_1_148
2634,4,Q86UT6_508_623
2635,4,Q86UU1_1_41
2636,4,Q86UU1_1064_1152
2637,4,Q86UU1_900_1028
2638,4,Q86UU9_1_113
2639,4,Q86UV5_1002_1035
2640,4,Q86UV5_603_649
2641,4,Q86UV5_859_948
2642,4,Q86UW2_62_128
2643,4,Q86UW6_1558_1622
2644,4,Q86UW7_591_633
2645,4,Q86UW7_955_1011
2646,4,Q86UW7_1_76
2647,4,Q86UW7_319_362
2648,4,Q86UW8_1_51
2649,4,Q86UW8_367_402
2650,4,Q86UX2_624_680
2651,4,Q86UX2_111_141
2652,4,Q86UX2_1_48
2653,4,Q86UX2_848_884
2654,4,Q86UX2_540_577
2655,4,Q86UX6_1_86
2656,4,Q86UX6_394_486
2657,4,Q86UX7_304_362
2658,4,Q86UX7_473_508
2659,4,Q86UY5_298_434
2660,4,Q86UY5_77_124
2661,4,Q86UY8_1_54
2662,4,Q86UZ6_469_589
2663,4,Q86V15_1321_1439
2664,4,Q86V20_586_644
2665,4,Q86V24_1_91
2666,4,Q86V25_297_355
2667,4,Q86V25_1_50
2668,4,Q86V40_1_36
2669,4,Q86V40_361_505
2670,4,Q86V42_1_44
2671,4,Q86V48_219_281
2672,4,Q86V59_121_154
2673,4,Q86V71_637_674
2674,4,Q86V81_182_257
2675,4,Q86V81_1_103
2676,4,Q86V85_264_303
2677,4,Q86V86_1_38
2678,4,Q86V86_296_326
2679,4,Q86V87_170_248
2680,4,Q86V87_481_540
2681,4,Q86V97_1_36
2682,4,Q86V97_298_338
2683,4,Q86V97_625_674
2684,4,Q86VB7_1023_1156
2685,4,Q86VB7_683_721
2686,4,Q86VB7_1_53
2687,4,Q86VD1_942_984
2688,4,Q86VD9_1_30
2689,4,Q86VE0_94_244
2690,4,Q86VE0_311_399
2691,4,Q86VE9_321_423
2692,4,Q86VF2_388_465
2693,4,Q86VF2_1_33
2694,4,Q86VF2_1128_1167
2695,4,Q86VF2_115_209
2696,4,Q86VH2_877_932
2697,4,Q86VH2_443_484
2698,4,Q86VH2_362_403
2699,4,Q86VH5_458_581
2700,4,Q86VH5_359_421
2701,4,Q86VI1_712_746
2702,4,Q86VI3_880_955
2703,4,Q86VI3_1492_1631
2704,4,Q86VI3_1328_1371
2705,4,Q86VI4_281_317
2706,4,Q86VK4_359_478
2707,4,Q86VL8_504_572
2708,4,Q86VL8_176_215
2709,4,Q86VN1_131_239
2710,4,Q86VP1_590_735
2711,4,Q86VP1_460_524
2712,4,Q86VP6_308_348
2713,4,Q86VQ0_1_98
2714,4,Q86VR7_799_867
2715,4,Q86VR8_1_118
2716,4,Q86VS8_152_182
2717,4,Q86VS8_421_472
2718,4,Q86VS8_688_718
2719,4,Q86VU5_1_44
2720,4,Q86VV4_419_465
2721,4,Q86VV8_272_373
2722,4,Q86VV8_1495_1612
2723,4,Q86VV8_106_175
2724,4,Q86VV8_1986_2018
2725,4,Q86VW0_203_244
2726,4,Q86VW1_320_350
2727,4,Q86VW1_544_577
2728,4,Q86VW2_1_150
2729,4,Q86VW2_482_580
2730,4,Q86VY4_383_417
2731,4,Q86VY9_1_121
2732,4,Q86VZ1_308_359
2733,4,Q86VZ4_1_93
2734,4,Q86VZ4_339_453
2735,4,Q86VZ5_382_413
2736,4,Q86VZ5_65_128
2737,4,Q86VZ6_67_167
2738,4,Q86W11_1_55
2739,4,Q86W24_84_163
2740,4,Q86W25_1_63
2741,4,Q86W25_100_219
2742,4,Q86W26_117_157
2743,4,Q86W28_118_192
2744,4,Q86W28_1_42
2745,4,Q86W28_661_690
2746,4,Q86W28_1006_1048
2747,4,Q86W33_285_373
2748,4,Q86W33_1_31
2749,4,Q86W50_393_518
2750,4,Q86W74_137_228
2751,4,Q86W92_898_1011
2752,4,Q86W92_1_93
2753,4,Q86WA6_1_35
2754,4,Q86WA8_1_70
2755,4,Q86WA8_123_156
2756,4,Q86WA8_579_637
2757,4,Q86WA8_221_274
2758,4,Q86WA9_1_31
2759,4,Q86WA9_577_606
2760,4,Q86WB0_1_72
2761,4,Q86WC4_1_78
2762,4,Q86WD7_1_44
2763,4,Q86WD7_357_387
2764,4,Q86WG3_340_371
2765,4,Q86WG3_1_153
2766,4,Q86WG5_1197_1323
2767,4,Q86WG5_679_719
2768,4,Q86WG5_757_817
2769,4,Q86WG5_82_119
2770,4,Q86WG5_1009_1119
2771,4,Q86WH2_1_48
2772,4,Q86WI1_2990_3026
2773,4,Q86WI1_4178_4243
2774,4,Q86WI1_3962_4002
2775,4,Q86WI1_1_33
2776,4,Q86WI1_1514_1553
2777,4,Q86WI3_808_850
2778,4,Q86WJ1_866_897
2779,4,Q86WJ1_1_35
2780,4,Q86WK6_1_32
2781,4,Q86WK6_385_493
2782,4,Q86WK7_1_35
2783,4,Q86WK7_399_504
2784,4,Q86WN1_517_557
2785,4,Q86WN1_432_476
2786,4,Q86WN1_595_690
2787,4,Q86WP2_420_473
2788,4,Q86WR6_149_236
2789,4,Q86WR6_1_47
2790,4,Q86WS3_120_158
2791,4,Q86WS5_1_69
2792,4,Q86WT6_1_37
2793,4,Q86WU2_205_237
2794,4,Q86WV1_45_108
2795,4,Q86WV1_217_297
2796,4,Q86WV6_335_379
2797,4,Q86WX3_1_53
2798,4,Q86WZ0_897_1026
2799,4,Q86X02_148_188
2800,4,Q86X10_992_1040
2801,4,Q86X10_696_756
2802,4,Q86X19_1_38
2803,4,Q86X27_1_43
2804,4,Q86X29_1_81
2805,4,Q86X45_378_466
2806,4,Q86X45_195_252
2807,4,Q86X52_1_86
2808,4,Q86X52_490_532
2809,4,Q86X55_1_42
2810,4,Q86X55_488_608
2811,4,Q86X76_1_45
2812,4,Q86X95_71_207
2813,4,Q86XA9_1505_1554
2814,4,Q86XA9_1404_1443
2815,4,Q86XA9_1996_2040
2816,4,Q86XA9_1168_1220
2817,4,Q86XA9_260_289
2818,4,Q86XD5_1_108
2819,4,Q86XE3_498_530
2820,4,Q86XE3_1_141
2821,4,Q86XE3_279_326
2822,4,Q86XE5_1_34
2823,4,Q86XF7_1_54
2824,4,Q86XH1_447_497
2825,4,Q86XH1_314_394
2826,4,Q86XI2_728_758
2827,4,Q86XI6_236_285
2828,4,Q86XI6_1_98
2829,4,Q86XJ0_256_344
2830,4,Q86XJ1_1_34
2831,4,Q86XK2_1_157
2832,4,Q86XK2_896_927
2833,4,Q86XK3_1_146
2834,4,Q86XK7_268_387
2835,4,Q86XL3_870_938
2836,4,Q86XL3_246_303
2837,4,Q86XL3_108_210
2838,4,Q86XL3_1_66
2839,4,Q86XM0_747_798
2840,4,Q86XM0_1_32
2841,4,Q86XP1_955_989
2842,4,Q86XP1_1100_1150
2843,4,Q86XP1_1_68
2844,4,Q86XQ3_1_40
2845,4,Q86XR2_1_43
2846,4,Q86XR2_588_697
2847,4,Q86XR5_1_153
2848,4,Q86XR7_1_77
2849,4,Q86XR8_243_355
2850,4,Q86XR8_433_500
2851,4,Q86XR8_1_60
2852,4,Q86XS5_1_74
2853,4,Q86XS8_1_35
2854,4,Q86XS8_311_419
2855,4,Q86XT2_182_251
2856,4,Q86XU0_535_584
2857,4,Q86XW9_125_162
2858,4,Q86XW9_289_330
2859,4,Q86XX4_1814_1882
2860,4,Q86XX4_1312_1401
2861,4,Q86XX4_328_379
2862,4,Q86XX4_1_43
2863,4,Q86XZ4_80_234
2864,4,Q86Y13_1_118
2865,4,Q86Y13_207_274
2866,4,Q86Y13_327_399
2867,4,Q86Y13_429_461
2868,4,Q86Y22_1_34
2869,4,Q86Y25_515_554
2870,4,Q86Y27_1_43
2871,4,Q86Y28_1_39
2872,4,Q86Y29_1_109
2873,4,Q86Y30_1_109
2874,4,Q86Y34_1_60
2875,4,Q86Y37_1_125
2876,4,Q86Y46_442_540
2877,4,Q86Y46_1_130
2878,4,Q86Y82_144_174
2879,4,Q86Y91_385_508
2880,4,Q86YA3_1560_1600
2881,4,Q86YA3_1324_1471
2882,4,Q86YB8_1_42
2883,4,Q86YB8_84_154
2884,4,Q86YC3_1_37
2885,4,Q86YC3_639_692
2886,4,Q86YD5_201_345
2887,4,Q86YF9_332_362
2888,4,Q86YF9_1_60
2889,4,Q86YF9_439_530
2890,4,Q86YG4_380_428
2891,4,Q86YH2_509_543
2892,4,Q86YH6_1_62
2893,4,Q86YJ5_262_346
2894,4,Q86YJ5_1_110
2895,4,Q86YJ7_291_340
2896,4,Q86YL7_1_127
2897,4,Q86YM7_117_180
2898,4,Q86YN6_972_1023
2899,4,Q86YP4_1_135
2900,4,Q86YP4_476_633
2901,4,Q86YQ2_1_86
2902,4,Q86YR6_1_131
2903,4,Q86YR6_367_498
2904,4,Q86YR7_524_622
2905,4,Q86YR7_769_807
2906,4,Q86YS7_625_693
2907,4,Q86YS7_243_351
2908,4,Q86YS7_435_470
2909,4,Q86YS7_792_879
2910,4,Q86YS7_970_1000
2911,4,Q86YT5_167_199
2912,4,Q86YT6_715_755
2913,4,Q86YT6_393_429
2914,4,Q86YT6_911_953
2915,4,Q86YT6_788_821
2916,4,Q86YT6_307_341
2917,4,Q86YT9_290_394
2918,4,Q86YV0_978_1011
2919,4,Q86YV5_1154_1244
2920,4,Q86YV6_1_84
2921,4,Q86YV9_728_775
2922,4,Q86YV9_371_482
2923,4,Q86YW0_316_345
2924,4,Q86YW9_749_788
2925,4,Q86YW9_1_111
2926,4,Q86YW9_302_352
2927,4,Q86YW9_539_573
2928,4,Q86YW9_622_707
2929,4,Q86YW9_1149_1242
2930,4,Q86YW9_1357_1470
2931,4,Q86Z14_973_1044
2932,4,Q86Z14_1_67
2933,4,Q86Z20_1_113
2934,4,Q86Z23_1_62
2935,4,Q8HWS3_206_240
2936,4,Q8HWS3_1_114
2937,4,Q8IU54_1_30
2938,4,Q8IU68_138_179
2939,4,Q8IU68_645_726
2940,4,Q8IU68_1_30
2941,4,Q8IU80_1_61
2942,4,Q8IU81_58_202
2943,4,Q8IU81_350_505
2944,4,Q8IU85_305_385
2945,4,Q8IU89_342_383
2946,4,Q8IU99_256_346
2947,4,Q8IUA0_1_32
2948,4,Q8IUA7_780_834
2949,4,Q8IUA7_1590_1624
2950,4,Q8IUA7_374_478
2951,4,Q8IUA7_1170_1248
2952,4,Q8IUB2_1_41
2953,4,Q8IUB5_1_93
2954,4,Q8IUB9_1_90
2955,4,Q8IUC2_1_63
2956,4,Q8IUC3_1_87
2957,4,Q8IUC4_592_686
2958,4,Q8IUC4_1_31
2959,4,Q8IUC6_590_712
2960,4,Q8IUC8_1_53
2961,4,Q8IUD2_982_1011
2962,4,Q8IUD2_780_810
2963,4,Q8IUD2_1_146
2964,4,Q8IUD2_238_272
2965,4,Q8IUD2_684_745
2966,4,Q8IUD2_387_436
2967,4,Q8IUE0_1_49
2968,4,Q8IUE0_116_185
2969,4,Q8IUE1_1_49
2970,4,Q8IUE1_118_212
2971,4,Q8IUF1_1_44
2972,4,Q8IUF1_70_125
2973,4,Q8IUF8_1_34
2974,4,Q8IUG5_1200_1240
2975,4,Q8IUG5_871_906
2976,4,Q8IUH2_1_117
2977,4,Q8IUH3_325_384
2978,4,Q8IUH3_190_251
2979,4,Q8IUH4_1_49
2980,4,Q8IUH5_1_56
2981,4,Q8IUH8_1_31
2982,4,Q8IUH8_121_151
2983,4,Q8IUH8_525_684
2984,4,Q8IUK5_1_87
2985,4,Q8IUK5_353_500
2986,4,Q8IUK8_1_92
2987,4,Q8IUL8_1_67
2988,4,Q8IUL8_1119_1156
2989,4,Q8IUN9_121_163
2990,4,Q8IUN9_1_38
2991,4,Q8IUQ0_291_354
2992,4,Q8IUQ4_1_31
2993,4,Q8IUR5_233_308
2994,4,Q8IUW3_209_359
2995,4,Q8IUW5_1_55
2996,4,Q8IUX1_1_51
2997,4,Q8IUX7_1031_1158
2998,4,Q8IUX8_1_46
2999,4,Q8IUX8_259_410
0,5,Q8IUY3_1_70
1,5,Q8IUY3_178_311
2,5,Q8IUZ0_353_413
3,5,Q8IUZ0_553_615
4,5,Q8IUZ0_1_82
5,5,Q8IV01_1_158
6,5,Q8IV03_141_231
7,5,Q8IV03_1_85
8,5,Q8IV04_1_45
9,5,Q8IV04_380_446
10,5,Q8IV13_308_435
11,5,Q8IV13_94_159
12,5,Q8IV16_1_56
13,5,Q8IV16_145_184
14,5,Q8IV20_1_74
15,5,Q8IV31_72_216
16,5,Q8IV32_354_467
17,5,Q8IV33_918_968
18,5,Q8IV33_1090_1128
19,5,Q8IV33_293_422
20,5,Q8IV33_1162_1201
21,5,Q8IV35_322_374
22,5,Q8IV36_291_324
23,5,Q8IV36_632_682
24,5,Q8IV38_379_441
25,5,Q8IV42_268_348
26,5,Q8IV45_487_518
27,5,Q8IV45_1_75
28,5,Q8IV48_1_65
29,5,Q8IV50_1_57
30,5,Q8IV50_118_215
31,5,Q8IV53_136_177
32,5,Q8IV56_1_129
33,5,Q8IV61_535_690
34,5,Q8IV61_369_500
35,5,Q8IV61_121_154
36,5,Q8IV63_1_143
37,5,Q8IV76_1_36
38,5,Q8IV77_531_575
39,5,Q8IVA1_94_136
40,5,Q8IVB4_1_128
41,5,Q8IVB4_487_645
42,5,Q8IVB5_1_85
43,5,Q8IVD9_99_173
44,5,Q8IVE0_174_287
45,5,Q8IVE3_859_889
46,5,Q8IVE3_1447_1493
47,5,Q8IVF2_1_126
48,5,Q8IVF4_489_604
49,5,Q8IVF4_638_667
50,5,Q8IVF5_965_1097
51,5,Q8IVF5_741_819
52,5,Q8IVF5_1358_1397
53,5,Q8IVF6_924_992
54,5,Q8IVF6_1_44
55,5,Q8IVF6_256_328
56,5,Q8IVF7_952_1028
57,5,Q8IVF7_1_34
58,5,Q8IVF7_147_214
59,5,Q8IVG5_70_172
60,5,Q8IVH2_371_456
61,5,Q8IVH2_544_680
62,5,Q8IVH4_1_78
63,5,Q8IVH8_635_665
64,5,Q8IVI9_401_445
65,5,Q8IVJ1_1_98
66,5,Q8IVK1_1_47
67,5,Q8IVL0_1_81
68,5,Q8IVL0_1844_1931
69,5,Q8IVL0_2306_2385
70,5,Q8IVL1_1760_1910
71,5,Q8IVL1_2410_2488
72,5,Q8IVL1_1_92
73,5,Q8IVL1_1946_2034
74,5,Q8IVL5_394_443
75,5,Q8IVL5_1_41
76,5,Q8IVL6_1_36
77,5,Q8IVL6_419_452
78,5,Q8IVL6_696_736
79,5,Q8IVL8_1_41
80,5,Q8IVM0_127_168
81,5,Q8IVM0_223_306
82,5,Q8IVM8_524_553
83,5,Q8IVN3_1_82
84,5,Q8IVP5_1_49
85,5,Q8IVS2_1_56
86,5,Q8IVS8_1_32
87,5,Q8IVT5_877_923
88,5,Q8IVT5_1_36
89,5,Q8IVU1_1_45
90,5,Q8IVU3_311_355
91,5,Q8IVU9_122_162
92,5,Q8IVV2_1374_1406
93,5,Q8IVV2_931_966
94,5,Q8IVV7_1_119
95,5,Q8IVV8_83_208
96,5,Q8IVW8_1_101
97,5,Q8IVY1_60_113
98,5,Q8IW00_210_320
99,5,Q8IW03_1_106
100,5,Q8IW40_66_101
101,5,Q8IW40_200_242
102,5,Q8IW41_339_397
103,5,Q8IW41_174_218
104,5,Q8IW45_1_51
105,5,Q8IW52_1_34
106,5,Q8IW52_254_349
107,5,Q8IW70_1_50
108,5,Q8IW75_1_38
109,5,Q8IWA4_499_614
110,5,Q8IWA6_95_139
111,5,Q8IWA6_1_45
112,5,Q8IWB1_1_139
113,5,Q8IWB1_242_285
114,5,Q8IWB6_162_238
115,5,Q8IWB9_912_1004
116,5,Q8IWB9_512_547
117,5,Q8IWC1_725_876
118,5,Q8IWC1_636_688
119,5,Q8IWC1_1_60
120,5,Q8IWD4_214_279
121,5,Q8IWD4_1_141
122,5,Q8IWD5_99_238
123,5,Q8IWD5_549_586
124,5,Q8IWE2_396_439
125,5,Q8IWE4_1_79
126,5,Q8IWE5_749_779
127,5,Q8IWF2_625_684
128,5,Q8IWF6_1_57
129,5,Q8IWF9_261_413
130,5,Q8IWG1_122_242
131,5,Q8IWG1_431_468
132,5,Q8IWG1_521_626
133,5,Q8IWG1_1_39
134,5,Q8IWI9_1_68
135,5,Q8IWJ2_1464_1570
136,5,Q8IWJ2_1_75
137,5,Q8IWJ2_272_344
138,5,Q8IWJ2_692_785
139,5,Q8IWJ2_872_969
140,5,Q8IWJ2_1132_1170
141,5,Q8IWJ2_1322_1356
142,5,Q8IWK6_946_993
143,5,Q8IWK6_557_620
144,5,Q8IWK6_1_68
145,5,Q8IWL1_1_82
146,5,Q8IWL2_1_83
147,5,Q8IWL3_1_44
148,5,Q8IWL8_1_128
149,5,Q8IWN6_1_122
150,5,Q8IWN7_1_37
151,5,Q8IWN7_102_158
152,5,Q8IWQ3_629_736
153,5,Q8IWR0_816_860
154,5,Q8IWR0_681_712
155,5,Q8IWR1_318_403
156,5,Q8IWS0_130_215
157,5,Q8IWT3_1651_1705
158,5,Q8IWT3_2414_2517
159,5,Q8IWT3_1415_1476
160,5,Q8IWT3_2166_2294
161,5,Q8IWT6_61_95
162,5,Q8IWT6_170_240
163,5,Q8IWU2_1_133
164,5,Q8IWU4_1_62
165,5,Q8IWU5_1_44
166,5,Q8IWU5_821_870
167,5,Q8IWU5_651_709
168,5,Q8IWU6_840_871
169,5,Q8IWU6_666_730
170,5,Q8IWU6_1_42
171,5,Q8IWU9_1_68
172,5,Q8IWV2_984_1026
173,5,Q8IWV7_1241_1276
174,5,Q8IWV7_985_1085
175,5,Q8IWV8_999_1095
176,5,Q8IWV8_1248_1289
177,5,Q8IWW6_384_470
178,5,Q8IWW6_574_623
179,5,Q8IWW6_289_349
180,5,Q8IWW8_1_38
181,5,Q8IWX5_23_78
182,5,Q8IWX8_62_107
183,5,Q8IWY4_1_39
184,5,Q8IWY8_321_423
185,5,Q8IWY9_766_851
186,5,Q8IWY9_506_561
187,5,Q8IWY9_1194_1227
188,5,Q8IWZ5_1_146
189,5,Q8IWZ5_210_244
190,5,Q8IWZ5_479_610
191,5,Q8IX01_666_787
192,5,Q8IX01_535_589
193,5,Q8IX03_241_353
194,5,Q8IX04_149_183
195,5,Q8IX05_200_232
196,5,Q8IX07_1_144
197,5,Q8IX07_186_296
198,5,Q8IX12_991_1032
199,5,Q8IX12_205_362
200,5,Q8IX12_1_149
201,5,Q8IX12_803_919
202,5,Q8IX15_418_462
203,5,Q8IX15_1_48
204,5,Q8IX15_502_550
205,5,Q8IX18_1_59
206,5,Q8IX18_708_779
207,5,Q8IX19_1_75
208,5,Q8IX29_166_292
209,5,Q8IX30_1_34
210,5,Q8IX94_1_48
211,5,Q8IX94_273_317
212,5,Q8IX95_90_122
213,5,Q8IXA5_1_67
214,5,Q8IXF0_1_44
215,5,Q8IXF0_212_268
216,5,Q8IXF0_112_144
217,5,Q8IXF9_250_295
218,5,Q8IXH6_1_159
219,5,Q8IXH7_1_44
220,5,Q8IXH8_1_63
221,5,Q8IXI1_573_618
222,5,Q8IXI2_585_618
223,5,Q8IXJ6_1_49
224,5,Q8IXJ6_355_389
225,5,Q8IXK0_669_788
226,5,Q8IXK2_1_49
227,5,Q8IXL6_186_223
228,5,Q8IXL6_27_159
229,5,Q8IXM2_81_172
230,5,Q8IXN7_302_391
231,5,Q8IXQ6_618_651
232,5,Q8IXQ6_1_71
233,5,Q8IXQ6_819_854
234,5,Q8IXQ6_483_523
235,5,Q8IXQ8_117_264
236,5,Q8IXQ9_1_46
237,5,Q8IXR5_374_421
238,5,Q8IXS2_445_484
239,5,Q8IXT2_1_34
240,5,Q8IXT5_83_157
241,5,Q8IXT5_233_291
242,5,Q8IXT5_364_405
243,5,Q8IXU6_333_374
244,5,Q8IXW0_1_61
245,5,Q8IXW5_1_30
246,5,Q8IXW5_575_612
247,5,Q8IXX5_1_131
248,5,Q8IXZ2_794_948
249,5,Q8IY17_1267_1375
250,5,Q8IY17_740_785
251,5,Q8IY18_788_875
252,5,Q8IY18_1_53
253,5,Q8IY18_261_305
254,5,Q8IY21_946_978
255,5,Q8IY21_466_590
256,5,Q8IY22_344_445
257,5,Q8IY22_1_63
258,5,Q8IY26_1_94
259,5,Q8IY33_99_193
260,5,Q8IY33_869_904
261,5,Q8IY34_266_308
262,5,Q8IY37_492_593
263,5,Q8IY50_1_64
264,5,Q8IY50_385_421
265,5,Q8IY51_379_472
266,5,Q8IY57_138_180
267,5,Q8IY57_53_99
268,5,Q8IY67_1_36
269,5,Q8IY81_323_368
270,5,Q8IY82_1_76
271,5,Q8IY82_369_418
272,5,Q8IY84_1_46
273,5,Q8IY84_395_436
274,5,Q8IY85_881_973
275,5,Q8IY92_1600_1750
276,5,Q8IY95_1_40
277,5,Q8IYA2_478_529
278,5,Q8IYA2_602_631
279,5,Q8IYA2_918_961
280,5,Q8IYA2_1120_1237
281,5,Q8IYA6_600_671
282,5,Q8IYA7_1_68
283,5,Q8IYA8_1_112
284,5,Q8IYB1_428_491
285,5,Q8IYB7_1_49
286,5,Q8IYB7_120_231
287,5,Q8IYB8_1_67
288,5,Q8IYB8_680_786
289,5,Q8IYD8_417_446
290,5,Q8IYD8_1_75
291,5,Q8IYE0_890_955
292,5,Q8IYE0_721_754
293,5,Q8IYE0_1_49
294,5,Q8IYE1_275_310
295,5,Q8IYE1_456_540
296,5,Q8IYE1_603_656
297,5,Q8IYE1_37_73
298,5,Q8IYE1_176_208
299,5,Q8IYF3_1_37
300,5,Q8IYG6_1_59
301,5,Q8IYH5_713_789
302,5,Q8IYH5_572_651
303,5,Q8IYI0_1_98
304,5,Q8IYI0_162_205
305,5,Q8IYI6_92_172
306,5,Q8IYI6_287_342
307,5,Q8IYI8_476_595
308,5,Q8IYJ2_471_551
309,5,Q8IYJ2_1_94
310,5,Q8IYJ2_335_408
311,5,Q8IYJ3_1_36
312,5,Q8IYK2_1_116
313,5,Q8IYK4_1_42
314,5,Q8IYK4_585_626
315,5,Q8IYK8_287_340
316,5,Q8IYK8_1_113
317,5,Q8IYL2_45_164
318,5,Q8IYL2_524_647
319,5,Q8IYL9_294_337
320,5,Q8IYM0_534_671
321,5,Q8IYM0_796_893
322,5,Q8IYM0_53_192
323,5,Q8IYM1_1_34
324,5,Q8IYM1_318_358
325,5,Q8IYM2_341_392
326,5,Q8IYM2_538_578
327,5,Q8IYM9_373_402
328,5,Q8IYN0_502_542
329,5,Q8IYN2_1_65
330,5,Q8IYN6_51_164
331,5,Q8IYP9_196_259
332,5,Q8IYP9_1_36
333,5,Q8IYQ7_1_57
334,5,Q8IYR0_487_622
335,5,Q8IYR2_455_484
336,5,Q8IYR2_366_413
337,5,Q8IYR2_187_224
338,5,Q8IYR6_237_380
339,5,Q8IYR6_1_81
340,5,Q8IYS0_588_662
341,5,Q8IYS0_496_555
342,5,Q8IYS0_195_328
343,5,Q8IYS0_1_68
344,5,Q8IYS2_155_187
345,5,Q8IYS2_1_67
346,5,Q8IYS5_221_282
347,5,Q8IYS8_1_33
348,5,Q8IYT2_522_593
349,5,Q8IYT3_1_37
350,5,Q8IYT3_668_715
351,5,Q8IYT3_165_195
352,5,Q8IYT4_85_236
353,5,Q8IYU2_328_453
354,5,Q8IYU4_1_30
355,5,Q8IYU8_202_231
356,5,Q8IYU8_1_86
357,5,Q8IYV9_255_350
358,5,Q8IYW2_1537_1589
359,5,Q8IYW2_606_652
360,5,Q8IYW2_2359_2416
361,5,Q8IYW2_796_826
362,5,Q8IYW2_1072_1111
363,5,Q8IYW2_2231_2335
364,5,Q8IYW2_1248_1298
365,5,Q8IYW2_1969_2026
366,5,Q8IYW2_1827_1913
367,5,Q8IYW2_1338_1427
368,5,Q8IYW5_464_571
369,5,Q8IYX4_220_259
370,5,Q8IYX4_324_353
371,5,Q8IYX8_396_460
372,5,Q8IYX8_1_52
373,5,Q8IYX8_229_322
374,5,Q8IYY4_402_446
375,5,Q8IZ02_433_464
376,5,Q8IZ02_1_54
377,5,Q8IZ08_1_99
378,5,Q8IZ08_242_275
379,5,Q8IZ08_397_494
380,5,Q8IZ13_305_342
381,5,Q8IZ13_52_92
382,5,Q8IZ16_25_147
383,5,Q8IZ20_447_524
384,5,Q8IZ40_1_64
385,5,Q8IZ40_390_523
386,5,Q8IZ40_180_259
387,5,Q8IZ41_64_134
388,5,Q8IZ52_1_111
389,5,Q8IZ57_157_195
390,5,Q8IZ57_1_58
391,5,Q8IZ69_1_73
392,5,Q8IZ69_589_625
393,5,Q8IZ73_426_499
394,5,Q8IZ73_1_117
395,5,Q8IZA0_1_66
396,5,Q8IZA0_954_1049
397,5,Q8IZA3_1_47
398,5,Q8IZC4_182_232
399,5,Q8IZC6_1_59
400,5,Q8IZD2_1_122
401,5,Q8IZD2_180_331
402,5,Q8IZD6_499_547
403,5,Q8IZD9_185_220
404,5,Q8IZF0_330_372
405,5,Q8IZF0_1584_1738
406,5,Q8IZF0_1_35
407,5,Q8IZF2_981_1016
408,5,Q8IZF2_1199_1346
409,5,Q8IZF3_1_60
410,5,Q8IZF3_94_134
411,5,Q8IZF5_948_1079
412,5,Q8IZF6_2994_3080
413,5,Q8IZF7_648_708
414,5,Q8IZF7_150_192
415,5,Q8IZF7_1_115
416,5,Q8IZH2_362_428
417,5,Q8IZI9_1_35
418,5,Q8IZJ0_1_40
419,5,Q8IZJ1_1_46
420,5,Q8IZJ3_638_754
421,5,Q8IZJ3_1_36
422,5,Q8IZJ3_1341_1382
423,5,Q8IZJ3_1506_1557
424,5,Q8IZJ3_891_926
425,5,Q8IZJ3_502_541
426,5,Q8IZJ6_1_51
427,5,Q8IZK6_1_35
428,5,Q8IZK6_525_566
429,5,Q8IZL2_1_32
430,5,Q8IZL8_1_86
431,5,Q8IZL8_464_519
432,5,Q8IZL9_301_346
433,5,Q8IZM0_1_81
434,5,Q8IZM9_1_46
435,5,Q8IZN3_329_488
436,5,Q8IZN3_1_34
437,5,Q8IZP1_1_53
438,5,Q8IZP2_35_79
439,5,Q8IZP6_1_95
440,5,Q8IZP7_1_122
441,5,Q8IZP9_889_1017
442,5,Q8IZQ1_3249_3391
443,5,Q8IZQ1_2156_2195
444,5,Q8IZQ1_1717_1750
445,5,Q8IZQ1_1899_1953
446,5,Q8IZQ1_948_1028
447,5,Q8IZQ1_1600_1637
448,5,Q8IZQ1_776_848
449,5,Q8IZQ1_2394_2532
450,5,Q8IZQ1_1782_1821
451,5,Q8IZQ1_2253_2314
452,5,Q8IZQ1_2659_2698
453,5,Q8IZQ1_2973_3004
454,5,Q8IZQ8_402_514
455,5,Q8IZR5_1_45
456,5,Q8IZR5_195_234
457,5,Q8IZS6_1_80
458,5,Q8IZS7_1_123
459,5,Q8IZS8_917_972
460,5,Q8IZS8_1_38
461,5,Q8IZT6_3411_3477
462,5,Q8IZT6_1162_1212
463,5,Q8IZT6_1075_1116
464,5,Q8IZT6_1_43
465,5,Q8IZT8_24_86
466,5,Q8IZT9_1_60
467,5,Q8IZU0_1_58
468,5,Q8IZU1_205_332
469,5,Q8IZU1_1_114
470,5,Q8IZU2_1_31
471,5,Q8IZU2_1012_1043
472,5,Q8IZU2_316_367
473,5,Q8IZU3_1_69
474,5,Q8IZU8_1_64
475,5,Q8IZU8_760_854
476,5,Q8IZU8_937_980
477,5,Q8IZU9_1_48
478,5,Q8IZV2_1_37
479,5,Q8IZX4_988_1021
480,5,Q8IZY2_767_803
481,5,Q8IZY2_1031_1087
482,5,Q8IZY2_1141_1219
483,5,Q8IZY2_1409_1449
484,5,Q8IZY2_2097_2146
485,5,Q8IZY2_337_386
486,5,Q8IZY2_438_468
487,5,Q8IZY5_1_108
488,5,Q8J025_464_514
489,5,Q8J025_1_56
490,5,Q8MH63_1_41
491,5,Q8N0S2_1_39
492,5,Q8N0S2_283_351
493,5,Q8N0S6_1_54
494,5,Q8N0U4_1_69
495,5,Q8N0U6_1_118
496,5,Q8N0U7_387_475
497,5,Q8N0U7_258_308
498,5,Q8N0V1_1_137
499,5,Q8N0V3_1_84
500,5,Q8N0V3_205_343
501,5,Q8N0V4_1_41
502,5,Q8N0V5_1_54
503,5,Q8N0W5_1_122
504,5,Q8N0X2_1_139
505,5,Q8N0X2_258_334
506,5,Q8N0X4_1_37
507,5,Q8N0X7_594_666
508,5,Q8N0X7_93_220
509,5,Q8N0Y2_93_182
510,5,Q8N0Y2_291_327
511,5,Q8N0Z3_1_44
512,5,Q8N0Z9_434_540
513,5,Q8N0Z9_1_37
514,5,Q8N100_102_152
515,5,Q8N103_1_88
516,5,Q8N109_220_375
517,5,Q8N111_1_120
518,5,Q8N112_1_89
519,5,Q8N119_122_173
520,5,Q8N119_1_83
521,5,Q8N122_684_809
522,5,Q8N122_1_33
523,5,Q8N122_840_963
524,5,Q8N126_358_398
525,5,Q8N128_1_96
526,5,Q8N128_176_213
527,5,Q8N129_202_248
528,5,Q8N130_244_310
529,5,Q8N130_1_63
530,5,Q8N130_563_599
531,5,Q8N131_1_158
532,5,Q8N135_1_30
533,5,Q8N139_422_474
534,5,Q8N139_1581_1617
535,5,Q8N139_776_874
536,5,Q8N140_1_34
537,5,Q8N140_118_220
538,5,Q8N140_281_333
539,5,Q8N144_232_294
540,5,Q8N145_1_37
541,5,Q8N149_416_452
542,5,Q8N157_535_594
543,5,Q8N157_922_1061
544,5,Q8N157_1104_1196
545,5,Q8N158_485_579
546,5,Q8N158_1_31
547,5,Q8N158_353_388
548,5,Q8N159_1_113
549,5,Q8N163_565_705
550,5,Q8N163_768_806
551,5,Q8N163_445_512
552,5,Q8N163_1_59
553,5,Q8N163_110_228
554,5,Q8N165_190_220
555,5,Q8N187_377_418
556,5,Q8N196_1_87
557,5,Q8N1A0_151_295
558,5,Q8N1B4_1_83
559,5,Q8N1C3_1_65
560,5,Q8N1C3_367_435
561,5,Q8N1E2_92_122
562,5,Q8N1E6_389_418
563,5,Q8N1F7_778_819
564,5,Q8N1F7_1_102
565,5,Q8N1F7_139_178
566,5,Q8N1F8_654_789
567,5,Q8N1F8_972_1014
568,5,Q8N1F8_586_618
569,5,Q8N1G0_598_719
570,5,Q8N1G0_866_971
571,5,Q8N1G1_1_88
572,5,Q8N1G1_877_921
573,5,Q8N1G2_1_132
574,5,Q8N1G4_253_316
575,5,Q8N1G4_507_553
576,5,Q8N1K5_532_641
577,5,Q8N1N0_541_589
578,5,Q8N1N0_329_362
579,5,Q8N1N0_1_116
580,5,Q8N1N2_1_108
581,5,Q8N1N2_141_210
582,5,Q8N1N4_1_109
583,5,Q8N1N4_419_520
584,5,Q8N1Q8_1_43
585,5,Q8N1S5_99_197
586,5,Q8N1V8_1_128
587,5,Q8N1W1_691_822
588,5,Q8N1W2_598_664
589,5,Q8N201_884_953
590,5,Q8N201_257_324
591,5,Q8N201_991_1031
592,5,Q8N201_1301_1361
593,5,Q8N201_1995_2051
594,5,Q8N201_1_116
595,5,Q8N205_1_96
596,5,Q8N228_1_89
597,5,Q8N228_206_338
598,5,Q8N239_287_333
599,5,Q8N268_1_126
600,5,Q8N271_805_834
601,5,Q8N271_1_39
602,5,Q8N292_39_157
603,5,Q8N2A8_215_252
604,5,Q8N2C3_150_294
605,5,Q8N2C3_1_58
606,5,Q8N2C7_1238_1267
607,5,Q8N2C7_1694_1843
608,5,Q8N2C7_2643_2675
609,5,Q8N2C7_1502_1560
610,5,Q8N2C7_1362_1458
611,5,Q8N2C7_2742_2792
612,5,Q8N2C7_2418_2481
613,5,Q8N2C7_120_186
614,5,Q8N2C7_226_330
615,5,Q8N2C7_682_793
616,5,Q8N2C7_867_898
617,5,Q8N2E2_158_193
618,5,Q8N2E2_1_30
619,5,Q8N2E2_983_1018
620,5,Q8N2F6_1_93
621,5,Q8N2G4_111_141
622,5,Q8N2G6_1_115
623,5,Q8N2G8_1_36
624,5,Q8N2G8_84_130
625,5,Q8N2H3_1_31
626,5,Q8N2H9_1_83
627,5,Q8N2I2_464_560
628,5,Q8N2I9_1_30
629,5,Q8N2I9_340_435
630,5,Q8N2K0_1_65
631,5,Q8N2K1_183_236
632,5,Q8N2M8_634_674
633,5,Q8N2M8_146_210
634,5,Q8N2N9_911_954
635,5,Q8N2N9_1060_1090
636,5,Q8N2Q7_743_863
637,5,Q8N2Q7_655_716
638,5,Q8N2Q7_166_212
639,5,Q8N2Q7_1_49
640,5,Q8N2R8_1_61
641,5,Q8N2S1_1122_1186
642,5,Q8N2S1_458_564
643,5,Q8N2W9_408_510
644,5,Q8N2W9_63_130
645,5,Q8N2X6_1_119
646,5,Q8N302_655_714
647,5,Q8N302_254_408
648,5,Q8N302_84_196
649,5,Q8N309_342_450
650,5,Q8N309_500_559
651,5,Q8N323_21_67
652,5,Q8N326_1_155
653,5,Q8N328_1_123
654,5,Q8N350_1_42
655,5,Q8N357_338_371
656,5,Q8N365_1_112
657,5,Q8N370_386_418
658,5,Q8N370_235_319
659,5,Q8N371_146_177
660,5,Q8N377_1_158
661,5,Q8N386_186_305
662,5,Q8N392_549_580
663,5,Q8N392_165_246
664,5,Q8N392_1_116
665,5,Q8N394_325_390
666,5,Q8N398_949_1061
667,5,Q8N398_159_210
668,5,Q8N398_1092_1167
669,5,Q8N3A8_89_151
670,5,Q8N3A8_743_784
671,5,Q8N3C0_140_238
672,5,Q8N3C0_1_53
673,5,Q8N3C0_2041_2083
674,5,Q8N3C0_286_439
675,5,Q8N3C7_349_492
676,5,Q8N3C7_550_626
677,5,Q8N3C7_1_34
678,5,Q8N3E9_482_518
679,5,Q8N3E9_1_57
680,5,Q8N3F8_102_169
681,5,Q8N3F8_809_863
682,5,Q8N3F9_1_49
683,5,Q8N3G9_1_31
684,5,Q8N3G9_364_435
685,5,Q8N3I7_273_341
686,5,Q8N3J2_24_142
687,5,Q8N3J3_574_647
688,5,Q8N3J5_1_72
689,5,Q8N3J6_318_435
690,5,Q8N3K9_3670_3704
691,5,Q8N3L3_1_147
692,5,Q8N3P4_1_134
693,5,Q8N3R9_416_464
694,5,Q8N3R9_1_126
695,5,Q8N3S3_749_785
696,5,Q8N3S3_1_108
697,5,Q8N3T6_1_56
698,5,Q8N3T6_217_274
699,5,Q8N3T6_794_924
700,5,Q8N3T6_951_1108
701,5,Q8N3U1_1_123
702,5,Q8N3U4_1_86
703,5,Q8N3V7_1_144
704,5,Q8N3X6_567_602
705,5,Q8N3Y1_1_114
706,5,Q8N3Y1_546_598
707,5,Q8N3Y3_1_90
708,5,Q8N3Z0_192_252
709,5,Q8N414_1_93
710,5,Q8N427_121_162
711,5,Q8N427_221_287
712,5,Q8N428_1_69
713,5,Q8N431_1_41
714,5,Q8N434_1_33
715,5,Q8N434_305_341
716,5,Q8N436_1_138
717,5,Q8N441_364_504
718,5,Q8N441_114_149
719,5,Q8N442_1_65
720,5,Q8N443_111_145
721,5,Q8N448_313_343
722,5,Q8N448_416_466
723,5,Q8N448_555_585
724,5,Q8N448_144_232
725,5,Q8N448_1_30
726,5,Q8N456_223_261
727,5,Q8N461_1_96
728,5,Q8N465_1_47
729,5,Q8N468_164_304
730,5,Q8N474_1_55
731,5,Q8N475_1_73
732,5,Q8N485_1_35
733,5,Q8N488_182_228
734,5,Q8N488_59_139
735,5,Q8N490_1_80
736,5,Q8N4A0_1_58
737,5,Q8N4B1_133_220
738,5,Q8N4C6_732_765
739,5,Q8N4C6_553_614
740,5,Q8N4C6_1603_1711
741,5,Q8N4C7_1_47
742,5,Q8N4C8_308_394
743,5,Q8N4E4_1_60
744,5,Q8N4E7_1_60
745,5,Q8N4F7_1_38
746,5,Q8N4J0_1_56
747,5,Q8N4K4_1_120
748,5,Q8N4L1_320_468
749,5,Q8N4L2_124_159
750,5,Q8N4L2_1_60
751,5,Q8N4L8_208_307
752,5,Q8N4L8_114_155
753,5,Q8N4N8_78_150
754,5,Q8N4N8_539_639
755,5,Q8N4P6_1_56
756,5,Q8N4P6_83_126
757,5,Q8N4P6_328_455
758,5,Q8N4Q1_107_142
759,5,Q8N4S9_378_439
760,5,Q8N4T0_1_32
761,5,Q8N4U5_1_70
762,5,Q8N4V1_88_131
763,5,Q8N4V2_1_71
764,5,Q8N4V2_512_548
765,5,Q8N4W6_204_271
766,5,Q8N4X5_268_358
767,5,Q8N4X5_749_818
768,5,Q8N4X5_39_173
769,5,Q8N4Y2_1_37
770,5,Q8N4Y2_353_399
771,5,Q8N4Y2_87_140
772,5,Q8N531_1_114
773,5,Q8N535_1_108
774,5,Q8N543_370_435
775,5,Q8N554_566_614
776,5,Q8N556_646_730
777,5,Q8N556_458_561
778,5,Q8N556_245_352
779,5,Q8N556_36_152
780,5,Q8N565_1_67
781,5,Q8N567_241_271
782,5,Q8N567_1_95
783,5,Q8N568_1_77
784,5,Q8N568_152_203
785,5,Q8N568_683_766
786,5,Q8N568_267_392
787,5,Q8N573_142_217
788,5,Q8N573_1_98
789,5,Q8N584_1_32
790,5,Q8N594_1_83
791,5,Q8N594_155_245
792,5,Q8N5A5_266_333
793,5,Q8N5A5_74_133
794,5,Q8N5A5_379_449
795,5,Q8N5B7_340_392
796,5,Q8N5C6_772_823
797,5,Q8N5C7_161_201
798,5,Q8N5C7_1_36
799,5,Q8N5C8_609_687
800,5,Q8N5D0_642_677
801,5,Q8N5D0_482_516
802,5,Q8N5D0_300_355
803,5,Q8N5D6_1_62
804,5,Q8N5G2_109_151
805,5,Q8N5G2_618_664
806,5,Q8N5G2_1_44
807,5,Q8N5H3_1_84
808,5,Q8N5H3_135_189
809,5,Q8N5I2_289_433
810,5,Q8N5I3_240_272
811,5,Q8N5I9_1_48
812,5,Q8N5I9_114_185
813,5,Q8N5J2_366_469
814,5,Q8N5J2_1_114
815,5,Q8N5J4_1_108
816,5,Q8N5J4_202_248
817,5,Q8N5M1_1_45
818,5,Q8N5N4_1_141
819,5,Q8N5N7_1_48
820,5,Q8N5Q1_1_33
821,5,Q8N5R6_183_237
822,5,Q8N5R6_580_639
823,5,Q8N5R6_897_958
824,5,Q8N5R6_770_863
825,5,Q8N5S1_1_92
826,5,Q8N5S9_1_117
827,5,Q8N5S9_429_505
828,5,Q8N5U0_222_333
829,5,Q8N5U1_201_240
830,5,Q8N5U1_1_68
831,5,Q8N5U6_387_506
832,5,Q8N5W8_34_94
833,5,Q8N5W9_161_214
834,5,Q8N5W9_1_124
835,5,Q8N5X7_1_46
836,5,Q8N5Y2_286_430
837,5,Q8N5Y2_100_171
838,5,Q8N5Z5_187_321
839,5,Q8N5Z5_1_30
840,5,Q8N608_1_35
841,5,Q8N609_333_369
842,5,Q8N612_1_41
843,5,Q8N612_825_917
844,5,Q8N616_1_119
845,5,Q8N653_321_387
846,5,Q8N653_1_58
847,5,Q8N680_401_514
848,5,Q8N684_1_81
849,5,Q8N684_177_332
850,5,Q8N684_410_471
851,5,Q8N687_67_156
852,5,Q8N693_1_138
853,5,Q8N695_559_610
854,5,Q8N695_476_511
855,5,Q8N697_267_302
856,5,Q8N699_93_235
857,5,Q8N6C5_1_52
858,5,Q8N6C5_1236_1336
859,5,Q8N6C7_1_128
860,5,Q8N6D2_89_180
861,5,Q8N6F1_187_224
862,5,Q8N6F8_199_245
863,5,Q8N6G1_1_96
864,5,Q8N6G5_91_121
865,5,Q8N6G5_1_58
866,5,Q8N6G6_1_54
867,5,Q8N6H7_133_241
868,5,Q8N6H7_292_429
869,5,Q8N6H7_458_521
870,5,Q8N6I1_1_158
871,5,Q8N6K0_87_151
872,5,Q8N6K0_1_32
873,5,Q8N6K7_242_285
874,5,Q8N6K7_60_149
875,5,Q8N6L0_1_36
876,5,Q8N6L0_105_160
877,5,Q8N6L7_82_170
878,5,Q8N6M0_70_103
879,5,Q8N6M6_47_144
880,5,Q8N6M6_349_380
881,5,Q8N6M8_1_65
882,5,Q8N6N2_1_56
883,5,Q8N6Q3_392_437
884,5,Q8N6Q8_224_358
885,5,Q8N6Q8_63_93
886,5,Q8N6R0_425_465
887,5,Q8N6S4_1_116
888,5,Q8N6T0_439_577
889,5,Q8N6T0_68_111
890,5,Q8N6T7_296_355
891,5,Q8N6U8_216_267
892,5,Q8N6V9_67_188
893,5,Q8N6V9_1_30
894,5,Q8N6W0_1_44
895,5,Q8N6Y0_219_293
896,5,Q8N6Y0_537_588
897,5,Q8N6Y0_385_474
898,5,Q8N6Y1_854_951
899,5,Q8N6Y2_1_58
900,5,Q8N6Y2_212_243
901,5,Q8N6Y2_394_441
902,5,Q8N715_322_367
903,5,Q8N715_572_623
904,5,Q8N743_347_410
905,5,Q8N766_335_373
906,5,Q8N766_1_32
907,5,Q8N769_1_122
908,5,Q8N7B1_122_153
909,5,Q8N7B1_237_307
910,5,Q8N7B6_1_70
911,5,Q8N7B9_396_438
912,5,Q8N7B9_1_48
913,5,Q8N7B9_165_308
914,5,Q8N7C4_170_229
915,5,Q8N7E2_1_43
916,5,Q8N7F7_131_174
917,5,Q8N7G0_1_116
918,5,Q8N7G0_263_328
919,5,Q8N7H1_1_131
920,5,Q8N7H5_373_531
921,5,Q8N7H5_1_36
922,5,Q8N7H5_115_167
923,5,Q8N7K0_1_155
924,5,Q8N7L0_103_139
925,5,Q8N7M0_1_61
926,5,Q8N7M2_610_679
927,5,Q8N7P1_1_59
928,5,Q8N7P1_503_536
929,5,Q8N7R0_101_232
930,5,Q8N7R0_1_34
931,5,Q8N7R7_327_359
932,5,Q8N7R7_1_123
933,5,Q8N7S2_139_189
934,5,Q8N7S2_1_54
935,5,Q8N7U6_623_722
936,5,Q8N7U9_1_141
937,5,Q8N7W2_388_519
938,5,Q8N7X0_1_86
939,5,Q8N7X0_1408_1552
940,5,Q8N7X0_293_426
941,5,Q8N7X0_868_909
942,5,Q8N7X8_167_197
943,5,Q8N7Z2_439_509
944,5,Q8N7Z2_1_113
945,5,Q8N7Z5_1771_1873
946,5,Q8N806_200_289
947,5,Q8N807_506_584
948,5,Q8N807_1_35
949,5,Q8N808_1_32
950,5,Q8N812_1_135
951,5,Q8N814_1_137
952,5,Q8N815_300_330
953,5,Q8N819_1_47
954,5,Q8N841_1_63
955,5,Q8N865_1_150
956,5,Q8N878_1_52
957,5,Q8N883_556_585
958,5,Q8N888_1_145
959,5,Q8N8A6_448_479
960,5,Q8N8A8_116_192
961,5,Q8N8B7_75_175
962,5,Q8N8D1_1_157
963,5,Q8N8D7_88_144
964,5,Q8N8D9_1_126
965,5,Q8N8E1_1_139
966,5,Q8N8E2_488_541
967,5,Q8N8E2_224_366
968,5,Q8N8E2_1_157
969,5,Q8N8E3_921_955
970,5,Q8N8E3_555_611
971,5,Q8N8F6_1_153
972,5,Q8N8F7_1_58
973,5,Q8N8G2_1_75
974,5,Q8N8I0_1_72
975,5,Q8N8I0_157_201
976,5,Q8N8J7_1_100
977,5,Q8N8L2_1_105
978,5,Q8N8L6_1_72
979,5,Q8N8M0_1_54
980,5,Q8N8N0_78_166
981,5,Q8N8P6_1_123
982,5,Q8N8Q8_1_55
983,5,Q8N8Q9_302_360
984,5,Q8N8R3_272_303
985,5,Q8N8R5_1_99
986,5,Q8N8R5_199_253
987,5,Q8N8R7_129_193
988,5,Q8N8U3_322_475
989,5,Q8N8U9_271_308
990,5,Q8N8U9_1_54
991,5,Q8N8U9_636_685
992,5,Q8N8V2_594_638
993,5,Q8N8V8_1_129
994,5,Q8N8Y5_1_86
995,5,Q8N8Z6_1_42
996,5,Q8N907_1_93
997,5,Q8N912_1_160
998,5,Q8N954_1_48
999,5,Q8N954_211_240
1000,5,Q8N957_1_139
1001,5,Q8N957_388_435
1002,5,Q8N960_604_655
1003,5,Q8N960_886_946
1004,5,Q8N960_132_166
1005,5,Q8N960_332_452
1006,5,Q8N961_296_425
1007,5,Q8N961_674_714
1008,5,Q8N961_1_93
1009,5,Q8N967_1_33
1010,5,Q8N967_249_308
1011,5,Q8N972_35_149
1012,5,Q8N976_1_141
1013,5,Q8N983_152_215
1014,5,Q8N987_160_224
1015,5,Q8N988_1_152
1016,5,Q8N998_342_374
1017,5,Q8N998_1_59
1018,5,Q8N9B4_1_43
1019,5,Q8N9B4_327_389
1020,5,Q8N9B8_1_41
1021,5,Q8N9C0_154_196
1022,5,Q8N9C0_1_56
1023,5,Q8N9F0_1_80
1024,5,Q8N9H8_572_628
1025,5,Q8N9H8_746_795
1026,5,Q8N9H9_1_131
1027,5,Q8N9I0_1_52
1028,5,Q8N9I0_83_138
1029,5,Q8N9I9_98_150
1030,5,Q8N9L1_279_334
1031,5,Q8N9L1_1_143
1032,5,Q8N9L7_1_120
1033,5,Q8N9M1_1_38
1034,5,Q8N9M5_156_263
1035,5,Q8N9N2_305_400
1036,5,Q8N9N2_1_113
1037,5,Q8N9N5_82_210
1038,5,Q8N9N5_1_53
1039,5,Q8N9N8_103_165
1040,5,Q8N9Q2_1_155
1041,5,Q8N9R0_1_145
1042,5,Q8N9R6_65_152
1043,5,Q8N9R8_1_51
1044,5,Q8N9S9_383_440
1045,5,Q8N9T2_1_125
1046,5,Q8N9T8_586_665
1047,5,Q8N9T8_410_485
1048,5,Q8N9T8_246_292
1049,5,Q8N9U9_1_137
1050,5,Q8N9V2_80_132
1051,5,Q8N9V6_1_120
1052,5,Q8N9W4_338_380
1053,5,Q8N9W4_255_287
1054,5,Q8N9W4_124_174
1055,5,Q8N9W4_1_77
1056,5,Q8N9W5_452_541
1057,5,Q8N9W5_327_358
1058,5,Q8N9W6_132_283
1059,5,Q8N9W7_1_124
1060,5,Q8N9W8_1_32
1061,5,Q8N9X5_1_138
1062,5,Q8N9Y4_1_57
1063,5,Q8N9Z9_256_388
1064,5,Q8N9Z9_1_138
1065,5,Q8NA03_1_111
1066,5,Q8NA19_416_535
1067,5,Q8NA19_1_54
1068,5,Q8NA23_1_57
1069,5,Q8NA29_1_45
1070,5,Q8NA29_216_252
1071,5,Q8NA42_55_204
1072,5,Q8NA47_1_33
1073,5,Q8NA47_269_315
1074,5,Q8NA47_462_563
1075,5,Q8NA54_1_128
1076,5,Q8NA54_226_288
1077,5,Q8NA54_761_791
1078,5,Q8NA56_435_475
1079,5,Q8NA56_1_49
1080,5,Q8NA61_203_356
1081,5,Q8NA61_1_158
1082,5,Q8NA66_204_270
1083,5,Q8NA66_1_136
1084,5,Q8NA72_1_156
1085,5,Q8NA82_777_808
1086,5,Q8NA92_86_170
1087,5,Q8NA92_228_274
1088,5,Q8NA97_1_138
1089,5,Q8NAA4_229_321
1090,5,Q8NAA4_48_92
1091,5,Q8NAA5_1_50
1092,5,Q8NAA5_290_344
1093,5,Q8NAC3_159_195
1094,5,Q8NAC3_755_791
1095,5,Q8NAC3_554_588
1096,5,Q8NAC3_1_116
1097,5,Q8NAE3_1_123
1098,5,Q8NAF0_1_50
1099,5,Q8NAF0_479_562
1100,5,Q8NAP1_1_42
1101,5,Q8NAP3_1106_1195
1102,5,Q8NAQ8_1_132
1103,5,Q8NAT2_355_456
1104,5,Q8NAT2_195_291
1105,5,Q8NAT2_92_132
1106,5,Q8NAU1_173_212
1107,5,Q8NAV1_180_312
1108,5,Q8NAV2_217_365
1109,5,Q8NAX2_309_398
1110,5,Q8NB14_943_1042
1111,5,Q8NB14_791_918
1112,5,Q8NB14_543_586
1113,5,Q8NB14_618_720
1114,5,Q8NB15_1_30
1115,5,Q8NB15_175_252
1116,5,Q8NB25_982_1140
1117,5,Q8NB25_254_295
1118,5,Q8NB25_1_51
1119,5,Q8NB25_539_611
1120,5,Q8NB46_1010_1076
1121,5,Q8NB46_497_526
1122,5,Q8NB49_722_759
1123,5,Q8NB49_430_471
1124,5,Q8NB49_1097_1132
1125,5,Q8NB49_1_37
1126,5,Q8NB50_855_900
1127,5,Q8NB59_377_417
1128,5,Q8NB66_1929_1976
1129,5,Q8NB78_234_265
1130,5,Q8NB78_1_54
1131,5,Q8NB90_193_343
1132,5,Q8NB90_1_59
1133,5,Q8NB91_755_859
1134,5,Q8NB91_182_219
1135,5,Q8NBA8_1_60
1136,5,Q8NBB2_1_130
1137,5,Q8NBB4_1_45
1138,5,Q8NBF4_1_154
1139,5,Q8NBF6_579_648
1140,5,Q8NBF6_237_381
1141,5,Q8NBH2_1_133
1142,5,Q8NBI5_217_275
1143,5,Q8NBI6_1_97
1144,5,Q8NBJ5_1_39
1145,5,Q8NBJ5_580_622
1146,5,Q8NBJ7_1_30
1147,5,Q8NBJ9_323_432
1148,5,Q8NBK3_1_83
1149,5,Q8NBL1_1_30
1150,5,Q8NBL3_40_160
1151,5,Q8NBM4_201_344
1152,5,Q8NBN3_1_49
1153,5,Q8NBN3_461_555
1154,5,Q8NBN3_121_193
1155,5,Q8NBP0_1_125
1156,5,Q8NBP5_216_272
1157,5,Q8NBP7_1_63
1158,5,Q8NBR0_1_48
1159,5,Q8NBR0_344_393
1160,5,Q8NBR6_503_621
1161,5,Q8NBS9_295_326
1162,5,Q8NBS9_1_61
1163,5,Q8NBT0_299_365
1164,5,Q8NBT3_409_493
1165,5,Q8NBT3_1_37
1166,5,Q8NBV4_1_77
1167,5,Q8NBV8_1_118
1168,5,Q8NBW4_243_286
1169,5,Q8NBW4_1_120
1170,5,Q8NC01_1_48
1171,5,Q8NC06_133_268
1172,5,Q8NC38_1_126
1173,5,Q8NC42_311_400
1174,5,Q8NC44_1_160
1175,5,Q8NC60_274_312
1176,5,Q8NC60_444_488
1177,5,Q8NC60_1_110
1178,5,Q8NC67_369_525
1179,5,Q8NC67_1_47
1180,5,Q8NC96_147_275
1181,5,Q8NCA9_271_323
1182,5,Q8NCC3_1_30
1183,5,Q8NCC5_236_282
1184,5,Q8NCE0_133_283
1185,5,Q8NCE2_152_192
1186,5,Q8NCE2_1_35
1187,5,Q8NCF0_1_45
1188,5,Q8NCG7_529_602
1189,5,Q8NCG7_145_255
1190,5,Q8NCG7_299_334
1191,5,Q8NCH0_1_103
1192,5,Q8NCI6_1_52
1193,5,Q8NCJ5_333_397
1194,5,Q8NCJ5_1_33
1195,5,Q8NCK3_1_138
1196,5,Q8NCK7_1_34
1197,5,Q8NCK7_429_471
1198,5,Q8NCL4_1_90
1199,5,Q8NCL8_1_82
1200,5,Q8NCL8_214_245
1201,5,Q8NCL9_452_501
1202,5,Q8NCL9_1_50
1203,5,Q8NCM2_135_199
1204,5,Q8NCM8_2821_2852
1205,5,Q8NCM8_138_174
1206,5,Q8NCN2_448_500
1207,5,Q8NCN5_1_40
1208,5,Q8NCP5_463_570
1209,5,Q8NCQ2_1_148
1210,5,Q8NCQ5_116_152
1211,5,Q8NCQ5_1_82
1212,5,Q8NCR0_1_51
1213,5,Q8NCR3_255_313
1214,5,Q8NCT1_319_418
1215,5,Q8NCU4_598_668
1216,5,Q8NCU4_270_306
1217,5,Q8NCU4_904_936
1218,5,Q8NCU4_438_555
1219,5,Q8NCV1_1_115
1220,5,Q8NCV1_175_210
1221,5,Q8NCW0_326_462
1222,5,Q8NCW0_1_36
1223,5,Q8NCW5_1_56
1224,5,Q8NCW6_20_100
1225,5,Q8NCX0_1_109
1226,5,Q8NCX0_508_567
1227,5,Q8NCX0_980_1101
1228,5,Q8NCY6_263_299
1229,5,Q8NCY6_86_200
1230,5,Q8ND04_1_140
1231,5,Q8ND04_345_414
1232,5,Q8ND04_656_748
1233,5,Q8ND04_800_843
1234,5,Q8ND07_1_36
1235,5,Q8ND07_448_529
1236,5,Q8ND23_111_158
1237,5,Q8ND23_663_693
1238,5,Q8ND24_603_660
1239,5,Q8ND24_439_560
1240,5,Q8ND25_1_138
1241,5,Q8ND30_810_876
1242,5,Q8ND30_1_92
1243,5,Q8ND61_828_904
1244,5,Q8ND71_198_251
1245,5,Q8ND76_1_97
1246,5,Q8ND82_504_623
1247,5,Q8ND82_659_737
1248,5,Q8ND90_100_159
1249,5,Q8ND94_1_41
1250,5,Q8NDA2_2730_2775
1251,5,Q8NDA2_1722_1846
1252,5,Q8NDA2_1_50
1253,5,Q8NDA2_813_854
1254,5,Q8NDA2_2542_2593
1255,5,Q8NDA8_436_468
1256,5,Q8NDB2_149_205
1257,5,Q8NDB2_278_346
1258,5,Q8NDB2_717_785
1259,5,Q8NDB6_101_184
1260,5,Q8NDB6_1_59
1261,5,Q8NDD1_238_267
1262,5,Q8NDF8_432_572
1263,5,Q8NDF8_1_107
1264,5,Q8NDG6_1_131
1265,5,Q8NDG6_1098_1133
1266,5,Q8NDL9_340_422
1267,5,Q8NDM7_203_235
1268,5,Q8NDM7_936_986
1269,5,Q8NDM7_738_796
1270,5,Q8NDM7_1081_1151
1271,5,Q8NDM7_1307_1352
1272,5,Q8NDM7_1504_1547
1273,5,Q8NDM7_1603_1665
1274,5,Q8NDQ6_56_204
1275,5,Q8NDT2_1_143
1276,5,Q8NDT2_210_334
1277,5,Q8NDV1_1_59
1278,5,Q8NDV3_940_976
1279,5,Q8NDV7_1857_1962
1280,5,Q8NDW8_1074_1108
1281,5,Q8NDW8_591_627
1282,5,Q8NDX1_996_1056
1283,5,Q8NDX1_740_778
1284,5,Q8NDX2_512_589
1285,5,Q8NDX2_1_70
1286,5,Q8NDX5_812_899
1287,5,Q8NDX5_1_53
1288,5,Q8NDX6_1_100
1289,5,Q8NDX9_107_201
1290,5,Q8NDY4_1_140
1291,5,Q8NDY6_175_225
1292,5,Q8NDY6_1_89
1293,5,Q8NDZ0_575_661
1294,5,Q8NDZ2_621_660
1295,5,Q8NDZ6_397_446
1296,5,Q8NE00_82_130
1297,5,Q8NE01_446_493
1298,5,Q8NE01_587_627
1299,5,Q8NE01_653_707
1300,5,Q8NE09_1155_1264
1301,5,Q8NE09_69_113
1302,5,Q8NE09_521_668
1303,5,Q8NE09_978_1028
1304,5,Q8NE09_802_848
1305,5,Q8NE18_1_46
1306,5,Q8NE28_641_680
1307,5,Q8NE28_1_30
1308,5,Q8NE31_349_501
1309,5,Q8NE62_1_42
1310,5,Q8NE65_88_137
1311,5,Q8NE65_1_43
1312,5,Q8NE71_575_606
1313,5,Q8NE79_1_38
1314,5,Q8NE79_267_360
1315,5,Q8NE86_1_77
1316,5,Q8NEA5_133_215
1317,5,Q8NEA5_1_99
1318,5,Q8NEA9_1_89
1319,5,Q8NEB7_1_37
1320,5,Q8NEB7_400_442
1321,5,Q8NEB9_235_273
1322,5,Q8NEB9_409_476
1323,5,Q8NEC5_705_780
1324,5,Q8NEC7_200_255
1325,5,Q8NEC7_341_374
1326,5,Q8NEE0_1_82
1327,5,Q8NEE6_703_735
1328,5,Q8NEE6_125_159
1329,5,Q8NEE8_1_59
1330,5,Q8NEF3_119_155
1331,5,Q8NEF3_409_446
1332,5,Q8NEG0_172_241
1333,5,Q8NEG4_71_115
1334,5,Q8NEG5_282_320
1335,5,Q8NEG5_108_137
1336,5,Q8NEG7_1_36
1337,5,Q8NEH6_205_238
1338,5,Q8NEH6_370_400
1339,5,Q8NEJ9_125_177
1340,5,Q8NEJ9_274_315
1341,5,Q8NEK5_496_533
1342,5,Q8NEK8_341_389
1343,5,Q8NEL0_1_69
1344,5,Q8NEL9_199_255
1345,5,Q8NEM2_539_672
1346,5,Q8NEM2_1_69
1347,5,Q8NEM8_1_82
1348,5,Q8NEN9_791_846
1349,5,Q8NEN9_289_319
1350,5,Q8NEN9_886_1017
1351,5,Q8NEN9_1103_1154
1352,5,Q8NEP3_1_87
1353,5,Q8NEP9_579_628
1354,5,Q8NEQ5_73_155
1355,5,Q8NER1_594_642
1356,5,Q8NER1_1_119
1357,5,Q8NER1_747_839
1358,5,Q8NER5_133_185
1359,5,Q8NES3_1_106
1360,5,Q8NET1_1_73
1361,5,Q8NET4_1313_1388
1362,5,Q8NET5_1_40
1363,5,Q8NET5_190_270
1364,5,Q8NET6_1_50
1365,5,Q8NET8_739_790
1366,5,Q8NET8_1_117
1367,5,Q8NEU8_379_495
1368,5,Q8NEU8_625_664
1369,5,Q8NEV1_335_391
1370,5,Q8NEV4_304_346
1371,5,Q8NEV4_874_930
1372,5,Q8NEV9_162_197
1373,5,Q8NEV9_1_36
1374,5,Q8NEW0_151_242
1375,5,Q8NEW7_1_156
1376,5,Q8NEY1_1158_1308
1377,5,Q8NEY1_1356_1436
1378,5,Q8NEY1_1808_1877
1379,5,Q8NEY3_1_48
1380,5,Q8NEY3_239_305
1381,5,Q8NEY4_389_427
1382,5,Q8NEY4_271_321
1383,5,Q8NEY8_346_404
1384,5,Q8NEZ2_129_226
1385,5,Q8NEZ4_1712_1746
1386,5,Q8NEZ4_4701_4761
1387,5,Q8NEZ4_3268_3392
1388,5,Q8NF37_1_30
1389,5,Q8NF37_486_534
1390,5,Q8NF50_854_963
1391,5,Q8NF50_1339_1421
1392,5,Q8NF50_2058_2099
1393,5,Q8NF50_1106_1147
1394,5,Q8NF50_1226_1292
1395,5,Q8NF50_406_472
1396,5,Q8NF50_127_211
1397,5,Q8NF50_1_95
1398,5,Q8NF67_115_144
1399,5,Q8NF86_1_35
1400,5,Q8NF91_8206_8339
1401,5,Q8NF91_5805_5952
1402,5,Q8NF91_4873_4976
1403,5,Q8NF91_2942_2972
1404,5,Q8NF91_1958_1991
1405,5,Q8NF91_136_189
1406,5,Q8NF91_278_321
1407,5,Q8NF91_8657_8797
1408,5,Q8NF91_2318_2420
1409,5,Q8NF91_1215_1329
1410,5,Q8NF99_1_50
1411,5,Q8NFA0_992_1077
1412,5,Q8NFA0_408_528
1413,5,Q8NFA0_602_636
1414,5,Q8NFA2_65_97
1415,5,Q8NFB2_269_350
1416,5,Q8NFC6_1_50
1417,5,Q8NFD2_290_368
1418,5,Q8NFD2_736_765
1419,5,Q8NFD4_1_153
1420,5,Q8NFD5_1819_1910
1421,5,Q8NFD5_1691_1782
1422,5,Q8NFF2_1_83
1423,5,Q8NFF5_1_112
1424,5,Q8NFG4_291_347
1425,5,Q8NFG4_23_86
1426,5,Q8NFH3_289_338
1427,5,Q8NFH5_253_326
1428,5,Q8NFH8_1_73
1429,5,Q8NFH8_133_279
1430,5,Q8NFI3_1_62
1431,5,Q8NFI4_271_321
1432,5,Q8NFI4_39_84
1433,5,Q8NFJ5_271_357
1434,5,Q8NFJ6_1_47
1435,5,Q8NFJ6_337_384
1436,5,Q8NFJ8_318_381
1437,5,Q8NFK1_222_279
1438,5,Q8NFL0_1_80
1439,5,Q8NFM4_683_720
1440,5,Q8NFM4_445_560
1441,5,Q8NFM7_318_356
1442,5,Q8NFM7_1_65
1443,5,Q8NFN8_324_356
1444,5,Q8NFN8_1_45
1445,5,Q8NFP0_1_69
1446,5,Q8NFP4_912_955
1447,5,Q8NFP4_1_33
1448,5,Q8NFP9_1488_1535
1449,5,Q8NFP9_2091_2152
1450,5,Q8NFP9_1_73
1451,5,Q8NFP9_2627_2659
1452,5,Q8NFQ5_1_30
1453,5,Q8NFQ6_473_507
1454,5,Q8NFR7_410_540
1455,5,Q8NFR9_558_590
1456,5,Q8NFT2_1_33
1457,5,Q8NFT6_263_298
1458,5,Q8NFT6_1_48
1459,5,Q8NFT6_95_224
1460,5,Q8NFT8_625_737
1461,5,Q8NFT8_294_332
1462,5,Q8NFU0_385_473
1463,5,Q8NFU1_371_509
1464,5,Q8NFU4_1_85
1465,5,Q8NFU5_260_379
1466,5,Q8NFU5_1_53
1467,5,Q8NFU7_2078_2136
1468,5,Q8NFV4_1_53
1469,5,Q8NFV5_1_145
1470,5,Q8NFV5_238_283
1471,5,Q8NFW1_1_39
1472,5,Q8NFW5_1_66
1473,5,Q8NFW8_1_43
1474,5,Q8NFW9_141_191
1475,5,Q8NFW9_767_859
1476,5,Q8NFZ0_414_443
1477,5,Q8NFZ4_1_39
1478,5,Q8NFZ5_340_408
1479,5,Q8NFZ6_361_395
1480,5,Q8NFZ6_225_259
1481,5,Q8NFZ6_1_96
1482,5,Q8NFZ8_348_388
1483,5,Q8NG04_392_472
1484,5,Q8NG04_1_40
1485,5,Q8NG06_457_486
1486,5,Q8NG08_504_537
1487,5,Q8NG08_953_1087
1488,5,Q8NG08_1_62
1489,5,Q8NG08_380_459
1490,5,Q8NG08_166_204
1491,5,Q8NG08_784_838
1492,5,Q8NG35_1_51
1493,5,Q8NG41_26_85
1494,5,Q8NG48_26_91
1495,5,Q8NG50_231_284
1496,5,Q8NG57_450_546
1497,5,Q8NG78_1_46
1498,5,Q8NG94_1_34
1499,5,Q8NGA2_272_310
1500,5,Q8NGA4_1_39
1501,5,Q8NGB2_1_31
1502,5,Q8NGC0_1_64
1503,5,Q8NGC0_305_362
1504,5,Q8NGC1_1_52
1505,5,Q8NGC6_251_315
1506,5,Q8NGC7_1_30
1507,5,Q8NGD4_237_311
1508,5,Q8NGD5_243_310
1509,5,Q8NGE0_241_317
1510,5,Q8NGE7_1_38
1511,5,Q8NGF7_236_314
1512,5,Q8NGF9_238_272
1513,5,Q8NGG2_1_43
1514,5,Q8NGG3_299_340
1515,5,Q8NGI3_273_324
1516,5,Q8NGL2_273_311
1517,5,Q8NGL6_1_39
1518,5,Q8NGN1_248_323
1519,5,Q8NGN3_249_311
1520,5,Q8NGR1_1_32
1521,5,Q8NGR2_1_38
1522,5,Q8NGR9_1_30
1523,5,Q8NGS5_255_318
1524,5,Q8NGS6_287_347
1525,5,Q8NGS6_1_50
1526,5,Q8NGS7_257_320
1527,5,Q8NGS8_225_318
1528,5,Q8NGS9_258_318
1529,5,Q8NGT0_255_318
1530,5,Q8NGT2_271_312
1531,5,Q8NGU2_246_314
1532,5,Q8NGU9_358_434
1533,5,Q8NGU9_189_218
1534,5,Q8NGU9_1_46
1535,5,Q8NGV5_1_51
1536,5,Q8NGW1_259_331
1537,5,Q8NGW6_1_41
1538,5,Q8NGX3_270_314
1539,5,Q8NGX5_266_313
1540,5,Q8NGX6_1_34
1541,5,Q8NGX6_287_335
1542,5,Q8NGX9_268_317
1543,5,Q8NGY1_273_313
1544,5,Q8NGZ3_262_307
1545,5,Q8NGZ5_283_317
1546,5,Q8NH00_1_45
1547,5,Q8NH06_259_330
1548,5,Q8NH06_1_32
1549,5,Q8NH09_283_359
1550,5,Q8NH18_262_312
1551,5,Q8NH41_1_36
1552,5,Q8NH41_263_348
1553,5,Q8NH42_247_304
1554,5,Q8NH48_245_314
1555,5,Q8NH54_241_315
1556,5,Q8NH61_1_31
1557,5,Q8NH67_1_42
1558,5,Q8NH76_252_319
1559,5,Q8NH81_1_32
1560,5,Q8NH90_256_309
1561,5,Q8NH94_1_60
1562,5,Q8NHA8_300_337
1563,5,Q8NHG7_1_77
1564,5,Q8NHG8_1_153
1565,5,Q8NHH1_580_617
1566,5,Q8NHH1_750_800
1567,5,Q8NHH9_1_61
1568,5,Q8NHJ6_290_448
1569,5,Q8NHJ6_217_258
1570,5,Q8NHK3_218_375
1571,5,Q8NHM5_568_615
1572,5,Q8NHM5_1_69
1573,5,Q8NHM5_384_508
1574,5,Q8NHP6_439_473
1575,5,Q8NHP6_242_330
1576,5,Q8NHP7_1_75
1577,5,Q8NHP8_1_56
1578,5,Q8NHQ1_307_452
1579,5,Q8NHQ1_227_256
1580,5,Q8NHQ1_1_30
1581,5,Q8NHQ8_76_161
1582,5,Q8NHQ8_349_419
1583,5,Q8NHQ9_511_600
1584,5,Q8NHR7_106_220
1585,5,Q8NHS3_1_30
1586,5,Q8NHS3_364_404
1587,5,Q8NHS4_258_293
1588,5,Q8NHU0_1_119
1589,5,Q8NHU2_272_383
1590,5,Q8NHU3_329_365
1591,5,Q8NHU3_1_69
1592,5,Q8NHU6_835_907
1593,5,Q8NHU6_392_457
1594,5,Q8NHU6_287_348
1595,5,Q8NHV9_1_103
1596,5,Q8NHW3_323_353
1597,5,Q8NHW5_262_317
1598,5,Q8NHX9_695_752
1599,5,Q8NHX9_1_45
1600,5,Q8NHY0_1_117
1601,5,Q8NHY2_297_361
1602,5,Q8NHY2_196_230
1603,5,Q8NHY2_1_138
1604,5,Q8NHY6_1_112
1605,5,Q8NHY6_815_868
1606,5,Q8NHZ8_26_85
1607,5,Q8NI08_154_226
1608,5,Q8NI08_1_116
1609,5,Q8NI22_1_50
1610,5,Q8NI27_306_345
1611,5,Q8NI32_1_35
1612,5,Q8NI35_1756_1801
1613,5,Q8NI35_317_378
1614,5,Q8NI35_68_128
1615,5,Q8NI35_1153_1231
1616,5,Q8NI35_209_256
1617,5,Q8NI35_1324_1432
1618,5,Q8NI35_1606_1684
1619,5,Q8NI36_1_70
1620,5,Q8NI36_713_827
1621,5,Q8NI37_1_43
1622,5,Q8NI51_560_663
1623,5,Q8TA86_176_221
1624,5,Q8TAA5_1_58
1625,5,Q8TAA9_302_332
1626,5,Q8TAA9_1_109
1627,5,Q8TAB5_1_139
1628,5,Q8TAB7_1_48
1629,5,Q8TAC9_196_235
1630,5,Q8TAD4_531_594
1631,5,Q8TAD4_319_390
1632,5,Q8TAD4_735_765
1633,5,Q8TAD4_1_31
1634,5,Q8TAD4_160_199
1635,5,Q8TAE7_116_159
1636,5,Q8TAF3_597_634
1637,5,Q8TAF5_1_88
1638,5,Q8TAG5_66_95
1639,5,Q8TAG5_156_236
1640,5,Q8TAG9_220_284
1641,5,Q8TAG9_1_38
1642,5,Q8TAI1_1_123
1643,5,Q8TAK5_391_448
1644,5,Q8TAK6_1_93
1645,5,Q8TAK6_179_271
1646,5,Q8TAL6_1_86
1647,5,Q8TAM1_100_129
1648,5,Q8TAM2_146_239
1649,5,Q8TAP6_1_106
1650,5,Q8TAP8_1_110
1651,5,Q8TAP8_198_253
1652,5,Q8TAQ2_534_602
1653,5,Q8TAQ2_267_421
1654,5,Q8TAQ5_1_143
1655,5,Q8TAT2_1_52
1656,5,Q8TAT2_148_258
1657,5,Q8TAT5_30_67
1658,5,Q8TAT6_72_108
1659,5,Q8TAT6_556_608
1660,5,Q8TAT8_1_98
1661,5,Q8TAU0_221_364
1662,5,Q8TAU0_1_145
1663,5,Q8TAV0_139_214
1664,5,Q8TAV5_1_145
1665,5,Q8TAX9_364_411
1666,5,Q8TAX9_166_246
1667,5,Q8TAX9_57_128
1668,5,Q8TAZ6_1_77
1669,5,Q8TAZ6_201_248
1670,5,Q8TB05_51_177
1671,5,Q8TB22_1_63
1672,5,Q8TB24_1_56
1673,5,Q8TB33_1_94
1674,5,Q8TB37_1_51
1675,5,Q8TB45_228_312
1676,5,Q8TB61_1_41
1677,5,Q8TB73_92_125
1678,5,Q8TB73_1_48
1679,5,Q8TB73_230_291
1680,5,Q8TB92_1_73
1681,5,Q8TB96_1_35
1682,5,Q8TBA6_624_731
1683,5,Q8TBB0_84_142
1684,5,Q8TBB1_355_387
1685,5,Q8TBB1_130_269
1686,5,Q8TBB1_587_627
1687,5,Q8TBB1_453_510
1688,5,Q8TBB5_346_430
1689,5,Q8TBB5_486_520
1690,5,Q8TBB6_431_543
1691,5,Q8TBB6_688_771
1692,5,Q8TBB6_1_53
1693,5,Q8TBC3_592_707
1694,5,Q8TBC3_127_197
1695,5,Q8TBC5_1_48
1696,5,Q8TBE3_140_224
1697,5,Q8TBE7_1_94
1698,5,Q8TBF4_127_217
1699,5,Q8TBF5_1_43
1700,5,Q8TBF8_338_368
1701,5,Q8TBF8_1_43
1702,5,Q8TBG4_441_499
1703,5,Q8TBG9_196_265
1704,5,Q8TBH0_306_407
1705,5,Q8TBJ4_277_325
1706,5,Q8TBK2_1_65
1707,5,Q8TBK6_1_34
1708,5,Q8TBK6_88_192
1709,5,Q8TBM8_167_253
1710,5,Q8TBM8_49_97
1711,5,Q8TBN0_1_63
1712,5,Q8TBN0_168_217
1713,5,Q8TBP0_716_767
1714,5,Q8TBP0_350_379
1715,5,Q8TBP6_1_92
1716,5,Q8TBQ9_1_72
1717,5,Q8TBR5_1_109
1718,5,Q8TBX8_292_339
1719,5,Q8TBX8_1_46
1720,5,Q8TBY0_463_533
1721,5,Q8TBY0_306_384
1722,5,Q8TBY8_42_75
1723,5,Q8TBY8_430_524
1724,5,Q8TBY8_849_887
1725,5,Q8TBY8_946_1007
1726,5,Q8TBY8_204_235
1727,5,Q8TBY9_1092_1149
1728,5,Q8TBZ0_767_833
1729,5,Q8TBZ0_1_58
1730,5,Q8TBZ5_1_158
1731,5,Q8TBZ6_274_339
1732,5,Q8TBZ6_1_47
1733,5,Q8TBZ8_1_146
1734,5,Q8TBZ8_524_553
1735,5,Q8TBZ9_1_34
1736,5,Q8TC07_186_301
1737,5,Q8TC07_1_134
1738,5,Q8TC07_627_691
1739,5,Q8TC20_741_777
1740,5,Q8TC20_545_651
1741,5,Q8TC26_1_76
1742,5,Q8TC27_1_41
1743,5,Q8TC27_141_188
1744,5,Q8TC27_651_787
1745,5,Q8TC36_1_96
1746,5,Q8TC44_299_432
1747,5,Q8TC57_258_305
1748,5,Q8TC57_175_209
1749,5,Q8TC57_452_530
1750,5,Q8TC71_183_295
1751,5,Q8TC71_76_123
1752,5,Q8TC71_490_538
1753,5,Q8TC92_515_568
1754,5,Q8TC92_1_120
1755,5,Q8TC94_1_50
1756,5,Q8TCC3_1_35
1757,5,Q8TCC7_506_542
1758,5,Q8TCD1_31_76
1759,5,Q8TCG1_839_905
1760,5,Q8TCG1_555_619
1761,5,Q8TCG2_1_98
1762,5,Q8TCG5_765_803
1763,5,Q8TCG5_1_37
1764,5,Q8TCH9_1_128
1765,5,Q8TCI5_1_160
1766,5,Q8TCJ0_1_95
1767,5,Q8TCJ2_482_538
1768,5,Q8TCJ2_780_826
1769,5,Q8TCJ2_1_70
1770,5,Q8TCP9_1_55
1771,5,Q8TCQ1_245_289
1772,5,Q8TCQ1_1_78
1773,5,Q8TCS8_747_783
1774,5,Q8TCS8_1_47
1775,5,Q8TCT0_465_496
1776,5,Q8TCT6_236_308
1777,5,Q8TCT7_499_592
1778,5,Q8TCT8_1_32
1779,5,Q8TCT8_490_520
1780,5,Q8TCT9_1_30
1781,5,Q8TCU4_4077_4111
1782,5,Q8TCU5_484_517
1783,5,Q8TCU5_962_1115
1784,5,Q8TCU6_1100_1218
1785,5,Q8TCU6_976_1071
1786,5,Q8TCU6_1_42
1787,5,Q8TCU6_795_845
1788,5,Q8TCV5_122_224
1789,5,Q8TCW7_307_415
1790,5,Q8TCW9_1_53
1791,5,Q8TCW9_351_393
1792,5,Q8TCX5_1_33
1793,5,Q8TCX5_368_397
1794,5,Q8TCX5_588_670
1795,5,Q8TCY5_65_172
1796,5,Q8TCY9_129_180
1797,5,Q8TCY9_1_77
1798,5,Q8TCY9_574_614
1799,5,Q8TCY9_811_880
1800,5,Q8TCZ7_1_52
1801,5,Q8TD07_202_263
1802,5,Q8TD10_1_110
1803,5,Q8TD16_261_340
1804,5,Q8TD16_545_675
1805,5,Q8TD17_586_642
1806,5,Q8TD17_1_38
1807,5,Q8TD19_1_57
1808,5,Q8TD19_928_979
1809,5,Q8TD20_561_617
1810,5,Q8TD20_1_40
1811,5,Q8TD20_368_462
1812,5,Q8TD26_1158_1211
1813,5,Q8TD26_1311_1442
1814,5,Q8TD30_1_45
1815,5,Q8TD31_1_89
1816,5,Q8TD31_477_509
1817,5,Q8TD31_693_782
1818,5,Q8TD31_298_335
1819,5,Q8TD35_1_98
1820,5,Q8TD43_474_561
1821,5,Q8TD43_704_774
1822,5,Q8TD43_826_861
1823,5,Q8TD43_979_1015
1824,5,Q8TD46_1_50
1825,5,Q8TD46_256_325
1826,5,Q8TD57_2730_2759
1827,5,Q8TD57_524_578
1828,5,Q8TD84_1_37
1829,5,Q8TD84_810_854
1830,5,Q8TD86_1_30
1831,5,Q8TD90_1_85
1832,5,Q8TDB6_80_144
1833,5,Q8TDB6_500_561
1834,5,Q8TDB6_186_240
1835,5,Q8TDB8_491_520
1836,5,Q8TDC0_1_30
1837,5,Q8TDC3_1_32
1838,5,Q8TDC3_660_778
1839,5,Q8TDD1_1_96
1840,5,Q8TDD5_1_37
1841,5,Q8TDF5_1_43
1842,5,Q8TDF6_586_673
1843,5,Q8TDF6_163_197
1844,5,Q8TDF6_1_51
1845,5,Q8TDH9_1_34
1846,5,Q8TDI0_548_578
1847,5,Q8TDI0_198_349
1848,5,Q8TDI0_380_419
1849,5,Q8TDI0_644_680
1850,5,Q8TDI0_1881_1954
1851,5,Q8TDI0_1_142
1852,5,Q8TDI7_747_906
1853,5,Q8TDI8_1_91
1854,5,Q8TDJ6_1374_1506
1855,5,Q8TDJ6_1536_1571
1856,5,Q8TDJ6_2686_2759
1857,5,Q8TDJ6_2567_2659
1858,5,Q8TDJ6_2266_2323
1859,5,Q8TDJ6_2385_2503
1860,5,Q8TDJ6_852_966
1861,5,Q8TDJ6_2183_2212
1862,5,Q8TDJ6_665_726
1863,5,Q8TDJ6_560_613
1864,5,Q8TDJ6_197_226
1865,5,Q8TDJ6_134_164
1866,5,Q8TDM0_1_48
1867,5,Q8TDM0_148_211
1868,5,Q8TDM6_81_197
1869,5,Q8TDM6_1657_1732
1870,5,Q8TDM6_1423_1508
1871,5,Q8TDM6_575_634
1872,5,Q8TDM6_461_503
1873,5,Q8TDN1_473_519
1874,5,Q8TDN1_1_51
1875,5,Q8TDN2_1_101
1876,5,Q8TDN6_307_353
1877,5,Q8TDN6_1_53
1878,5,Q8TDQ0_137_191
1879,5,Q8TDQ0_233_301
1880,5,Q8TDQ1_185_290
1881,5,Q8TDR2_384_417
1882,5,Q8TDR4_112_215
1883,5,Q8TDR4_1_45
1884,5,Q8TDS4_309_363
1885,5,Q8TDS5_1_87
1886,5,Q8TDS7_291_321
1887,5,Q8TDT2_1_30
1888,5,Q8TDT2_315_470
1889,5,Q8TDU6_297_330
1890,5,Q8TDU9_342_374
1891,5,Q8TDU9_1_36
1892,5,Q8TDV0_324_419
1893,5,Q8TDV2_1_54
1894,5,Q8TDW0_175_236
1895,5,Q8TDW0_52_98
1896,5,Q8TDW4_539_575
1897,5,Q8TDW4_108_155
1898,5,Q8TDW4_1_54
1899,5,Q8TDW5_543_593
1900,5,Q8TDW7_686_723
1901,5,Q8TDW7_3949_3988
1902,5,Q8TDW7_3792_3844
1903,5,Q8TDW7_1_46
1904,5,Q8TDX6_28_117
1905,5,Q8TDX9_2208_2257
1906,5,Q8TDX9_1991_2139
1907,5,Q8TDX9_1396_1523
1908,5,Q8TDX9_2338_2449
1909,5,Q8TDY2_204_311
1910,5,Q8TDY4_394_427
1911,5,Q8TDY4_269_302
1912,5,Q8TDY8_1_34
1913,5,Q8TDZ2_481_517
1914,5,Q8TE02_222_316
1915,5,Q8TE12_1_34
1916,5,Q8TE12_157_196
1917,5,Q8TE12_270_382
1918,5,Q8TE49_1_33
1919,5,Q8TE49_60_131
1920,5,Q8TE54_471_577
1921,5,Q8TE56_1017_1095
1922,5,Q8TE56_308_345
1923,5,Q8TE56_434_478
1924,5,Q8TE56_704_809
1925,5,Q8TE58_800_854
1926,5,Q8TE59_529_653
1927,5,Q8TE59_402_438
1928,5,Q8TE59_1134_1207
1929,5,Q8TE60_203_300
1930,5,Q8TE60_1_148
1931,5,Q8TE67_387_459
1932,5,Q8TE67_146_239
1933,5,Q8TE67_500_530
1934,5,Q8TE68_448_487
1935,5,Q8TE68_175_250
1936,5,Q8TE68_529_633
1937,5,Q8TE73_1052_1105
1938,5,Q8TE73_880_1015
1939,5,Q8TE73_3226_3300
1940,5,Q8TE73_79_118
1941,5,Q8TE76_811_840
1942,5,Q8TE76_1_34
1943,5,Q8TE77_1_96
1944,5,Q8TE77_241_278
1945,5,Q8TE82_1306_1336
1946,5,Q8TE82_400_497
1947,5,Q8TE82_1_90
1948,5,Q8TE82_217_307
1949,5,Q8TE85_555_626
1950,5,Q8TE85_416_523
1951,5,Q8TE99_1_61
1952,5,Q8TEA7_712_797
1953,5,Q8TEA8_159_209
1954,5,Q8TEB1_516_546
1955,5,Q8TEB1_1_92
1956,5,Q8TEB7_322_428
1957,5,Q8TEB7_1_43
1958,5,Q8TEB9_216_315
1959,5,Q8TEC5_71_127
1960,5,Q8TEC5_257_387
1961,5,Q8TED0_319_357
1962,5,Q8TED4_237_289
1963,5,Q8TED9_700_768
1964,5,Q8TED9_537_614
1965,5,Q8TED9_312_425
1966,5,Q8TEF2_1_133
1967,5,Q8TEJ3_322_470
1968,5,Q8TEJ3_119_202
1969,5,Q8TEJ3_1_52
1970,5,Q8TEK3_340_484
1971,5,Q8TEL6_312_384
1972,5,Q8TEL6_1_44
1973,5,Q8TEM1_1553_1586
1974,5,Q8TEP8_2383_2445
1975,5,Q8TEP8_2219_2279
1976,5,Q8TEP8_2052_2140
1977,5,Q8TEP8_1545_1578
1978,5,Q8TEP8_1737_1770
1979,5,Q8TEQ0_768_813
1980,5,Q8TEQ0_548_586
1981,5,Q8TEQ0_625_660
1982,5,Q8TEQ6_721_862
1983,5,Q8TEQ6_1128_1158
1984,5,Q8TEQ6_209_243
1985,5,Q8TEQ8_762_827
1986,5,Q8TEQ8_588_623
1987,5,Q8TEQ8_963_998
1988,5,Q8TER0_1_31
1989,5,Q8TER5_1380_1519
1990,5,Q8TER5_951_1085
1991,5,Q8TES7_1025_1133
1992,5,Q8TET4_163_195
1993,5,Q8TEU7_109_259
1994,5,Q8TEU7_1056_1103
1995,5,Q8TEU7_616_756
1996,5,Q8TEU8_173_212
1997,5,Q8TEU8_1_114
1998,5,Q8TEV8_1_140
1999,5,Q8TEV9_1_52
2000,5,Q8TEV9_251_312
2001,5,Q8TEW0_541_591
2002,5,Q8TEW0_367_468
2003,5,Q8TEW6_244_326
2004,5,Q8TEW8_464_503
2005,5,Q8TEW8_296_387
2006,5,Q8TEW8_79_205
2007,5,Q8TEX9_620_667
2008,5,Q8TEY5_303_395
2009,5,Q8TEY7_515_565
2010,5,Q8TEY7_116_179
2011,5,Q8TEY7_1_50
2012,5,Q8TF01_371_414
2013,5,Q8TF01_707_805
2014,5,Q8TF05_1_47
2015,5,Q8TF17_334_475
2016,5,Q8TF17_1_54
2017,5,Q8TF20_606_735
2018,5,Q8TF21_1_47
2019,5,Q8TF27_1_126
2020,5,Q8TF27_176_274
2021,5,Q8TF30_107_141
2022,5,Q8TF30_1_79
2023,5,Q8TF39_1_55
2024,5,Q8TF40_469_501
2025,5,Q8TF40_1_130
2026,5,Q8TF42_327_387
2027,5,Q8TF42_1_41
2028,5,Q8TF46_974_1054
2029,5,Q8TF47_402_510
2030,5,Q8TF50_541_670
2031,5,Q8TF62_713_758
2032,5,Q8TF62_1099_1192
2033,5,Q8TF64_1_31
2034,5,Q8TF65_1_43
2035,5,Q8TF65_199_231
2036,5,Q8TF66_465_581
2037,5,Q8TF68_513_577
2038,5,Q8TF71_251_285
2039,5,Q8TF71_1_65
2040,5,Q8TF72_1960_1996
2041,5,Q8TF72_1_30
2042,5,Q8WTP8_1_106
2043,5,Q8WTP8_282_325
2044,5,Q8WTP9_1_111
2045,5,Q8WTR4_525_605
2046,5,Q8WTR7_523_661
2047,5,Q8WTR8_1_67
2048,5,Q8WTS1_1_30
2049,5,Q8WTT2_744_800
2050,5,Q8WTT2_428_469
2051,5,Q8WTU0_74_148
2052,5,Q8WTU0_367_396
2053,5,Q8WTU2_1_60
2054,5,Q8WTU2_151_186
2055,5,Q8WTU2_283_347
2056,5,Q8WTU2_440_473
2057,5,Q8WTV0_470_552
2058,5,Q8WTV1_82_180
2059,5,Q8WTW3_875_980
2060,5,Q8WTW3_87_116
2061,5,Q8WTW3_630_666
2062,5,Q8WTW4_279_380
2063,5,Q8WTX9_1_40
2064,5,Q8WU10_198_239
2065,5,Q8WU17_585_664
2066,5,Q8WU17_100_129
2067,5,Q8WU43_1_125
2068,5,Q8WU66_241_278
2069,5,Q8WU66_1_39
2070,5,Q8WU68_186_220
2071,5,Q8WU90_299_426
2072,5,Q8WUA2_183_221
2073,5,Q8WUB8_1_71
2074,5,Q8WUB8_260_371
2075,5,Q8WUD1_187_216
2076,5,Q8WUD4_1_68
2077,5,Q8WUE5_1_104
2078,5,Q8WUF8_210_249
2079,5,Q8WUF8_1_43
2080,5,Q8WUG5_494_538
2081,5,Q8WUG5_1_86
2082,5,Q8WUH6_1_116
2083,5,Q8WUI4_911_952
2084,5,Q8WUJ0_189_223
2085,5,Q8WUJ3_1_38
2086,5,Q8WUJ3_363_393
2087,5,Q8WUM0_1_83
2088,5,Q8WUM0_244_275
2089,5,Q8WUM0_472_545
2090,5,Q8WUM4_712_868
2091,5,Q8WUN7_1_44
2092,5,Q8WUN7_122_159
2093,5,Q8WUQ7_467_552
2094,5,Q8WUQ7_1_137
2095,5,Q8WUR7_1_57
2096,5,Q8WUS8_364_393
2097,5,Q8WUT4_708_740
2098,5,Q8WUT4_1_57
2099,5,Q8WUU4_279_390
2100,5,Q8WUU5_31_125
2101,5,Q8WUU5_238_269
2102,5,Q8WUU8_1_33
2103,5,Q8WUU8_92_243
2104,5,Q8WUX1_215_253
2105,5,Q8WUX1_1_50
2106,5,Q8WUX9_113_144
2107,5,Q8WUX9_348_453
2108,5,Q8WUY9_104_175
2109,5,Q8WUY9_486_529
2110,5,Q8WUY9_412_443
2111,5,Q8WV15_225_326
2112,5,Q8WV16_1_76
2113,5,Q8WV19_1_37
2114,5,Q8WV24_193_230
2115,5,Q8WV24_313_401
2116,5,Q8WV24_1_146
2117,5,Q8WV35_1_79
2118,5,Q8WV41_54_190
2119,5,Q8WV44_43_186
2120,5,Q8WV44_500_554
2121,5,Q8WV48_1_102
2122,5,Q8WV48_163_283
2123,5,Q8WV60_1_52
2124,5,Q8WV60_359_388
2125,5,Q8WV74_196_236
2126,5,Q8WV83_483_523
2127,5,Q8WV83_122_224
2128,5,Q8WV83_1_63
2129,5,Q8WV93_1_68
2130,5,Q8WV99_146_208
2131,5,Q8WVB6_312_359
2132,5,Q8WVB6_449_487
2133,5,Q8WVB6_853_975
2134,5,Q8WVB6_583_635
2135,5,Q8WVC0_507_666
2136,5,Q8WVD3_110_158
2137,5,Q8WVE0_1_41
2138,5,Q8WVE7_1_31
2139,5,Q8WVF1_259_389
2140,5,Q8WVF2_1_52
2141,5,Q8WVF5_1_34
2142,5,Q8WVF5_190_259
2143,5,Q8WVH0_1_40
2144,5,Q8WVI0_1_70
2145,5,Q8WVI7_35_109
2146,5,Q8WVJ9_1_57
2147,5,Q8WVK2_1_155
2148,5,Q8WVL7_1_57
2149,5,Q8WVM7_1_88
2150,5,Q8WVM8_498_542
2151,5,Q8WVN6_184_248
2152,5,Q8WVN8_120_175
2153,5,Q8WVP7_456_490
2154,5,Q8WVQ1_1_78
2155,5,Q8WVR3_46_134
2156,5,Q8WVR3_470_580
2157,5,Q8WVS4_767_799
2158,5,Q8WVV4_530_589
2159,5,Q8WVV9_1_78
2160,5,Q8WVV9_258_337
2161,5,Q8WVX3_1_41
2162,5,Q8WVZ1_245_309
2163,5,Q8WVZ7_303_376
2164,5,Q8WVZ9_1_35
2165,5,Q8WVZ9_297_338
2166,5,Q8WVZ9_620_684
2167,5,Q8WW01_1_41
2168,5,Q8WW14_94_234
2169,5,Q8WW14_1_33
2170,5,Q8WW22_67_102
2171,5,Q8WW24_1_44
2172,5,Q8WW27_240_367
2173,5,Q8WW33_107_167
2174,5,Q8WW34_1_74
2175,5,Q8WW36_1_71
2176,5,Q8WW38_1_101
2177,5,Q8WW38_198_315
2178,5,Q8WW62_1_39
2179,5,Q8WWA0_1_35
2180,5,Q8WWB3_125_177
2181,5,Q8WWB5_166_234
2182,5,Q8WWB7_1_38
2183,5,Q8WWC4_1_119
2184,5,Q8WWF1_1_131
2185,5,Q8WWF5_279_315
2186,5,Q8WWF5_346_429
2187,5,Q8WWF5_1_99
2188,5,Q8WWF6_64_145
2189,5,Q8WWG9_1_84
2190,5,Q8WWG9_118_221
2191,5,Q8WWH4_1_44
2192,5,Q8WWH5_1_49
2193,5,Q8WWH5_308_349
2194,5,Q8WWI1_1118_1235
2195,5,Q8WWI1_1_82
2196,5,Q8WWK9_510_596
2197,5,Q8WWL2_616_651
2198,5,Q8WWL2_685_714
2199,5,Q8WWM1_1_108
2200,5,Q8WWM7_1_116
2201,5,Q8WWN8_631_693
2202,5,Q8WWN8_823_859
2203,5,Q8WWN9_1_41
2204,5,Q8WWN9_405_437
2205,5,Q8WWQ0_1273_1322
2206,5,Q8WWQ0_615_722
2207,5,Q8WWQ0_112_147
2208,5,Q8WWQ2_1_62
2209,5,Q8WWQ2_126_177
2210,5,Q8WWQ8_2440_2551
2211,5,Q8WWR8_286_376
2212,5,Q8WWR9_1_84
2213,5,Q8WWT9_158_225
2214,5,Q8WWU5_252_291
2215,5,Q8WWU5_1_82
2216,5,Q8WWU7_1_37
2217,5,Q8WWV3_1_40
2218,5,Q8WWV6_1_61
2219,5,Q8WWV6_485_532
2220,5,Q8WWX0_1_67
2221,5,Q8WWX8_1_35
2222,5,Q8WWX8_558_647
2223,5,Q8WWY3_1_54
2224,5,Q8WWY3_384_499
2225,5,Q8WWY6_1_146
2226,5,Q8WWY7_81_111
2227,5,Q8WWZ3_1_101
2228,5,Q8WWZ4_337_389
2229,5,Q8WWZ4_1257_1286
2230,5,Q8WWZ4_1507_1543
2231,5,Q8WWZ4_1_73
2232,5,Q8WWZ4_1090_1206
2233,5,Q8WWZ4_690_809
2234,5,Q8WWZ7_429_475
2235,5,Q8WWZ7_1351_1380
2236,5,Q8WWZ7_782_838
2237,5,Q8WWZ7_1235_1303
2238,5,Q8WWZ7_1605_1642
2239,5,Q8WWZ8_506_545
2240,5,Q8WWZ8_326_393
2241,5,Q8WX77_1_39
2242,5,Q8WX92_548_580
2243,5,Q8WX93_1089_1136
2244,5,Q8WX93_356_445
2245,5,Q8WX93_1323_1383
2246,5,Q8WX94_81_160
2247,5,Q8WXA2_1_43
2248,5,Q8WXA3_363_395
2249,5,Q8WXA8_1_32
2250,5,Q8WXA8_344_414
2251,5,Q8WXA9_174_275
2252,5,Q8WXA9_1_59
2253,5,Q8WXA9_359_508
2254,5,Q8WXB4_1_72
2255,5,Q8WXC6_1_57
2256,5,Q8WXD0_1_61
2257,5,Q8WXD0_698_754
2258,5,Q8WXD2_1_151
2259,5,Q8WXD2_197_280
2260,5,Q8WXD2_338_427
2261,5,Q8WXD9_332_478
2262,5,Q8WXE1_1_115
2263,5,Q8WXE9_873_905
2264,5,Q8WXF1_368_523
2265,5,Q8WXF1_1_71
2266,5,Q8WXF3_1_142
2267,5,Q8WXF5_132_182
2268,5,Q8WXF7_513_558
2269,5,Q8WXF7_1_33
2270,5,Q8WXF8_101_196
2271,5,Q8WXG1_1_67
2272,5,Q8WXG6_431_481
2273,5,Q8WXG6_97_172
2274,5,Q8WXG9_1_34
2275,5,Q8WXG9_1798_1867
2276,5,Q8WXG9_4035_4136
2277,5,Q8WXG9_5117_5225
2278,5,Q8WXG9_6152_6306
2279,5,Q8WXH0_139_188
2280,5,Q8WXH0_659_742
2281,5,Q8WXH0_1034_1117
2282,5,Q8WXH0_1333_1431
2283,5,Q8WXH0_2353_2503
2284,5,Q8WXH0_6765_6885
2285,5,Q8WXH0_3662_3698
2286,5,Q8WXH0_3139_3235
2287,5,Q8WXH2_150_282
2288,5,Q8WXH4_1_52
2289,5,Q8WXH6_223_277
2290,5,Q8WXI2_991_1034
2291,5,Q8WXI3_1_52
2292,5,Q8WXI4_1_44
2293,5,Q8WXI4_544_607
2294,5,Q8WXI7_14297_14331
2295,5,Q8WXI7_14433_14507
2296,5,Q8WXI7_13592_13641
2297,5,Q8WXI7_13435_13485
2298,5,Q8WXI7_13279_13329
2299,5,Q8WXI7_13123_13173
2300,5,Q8WXI7_12968_13016
2301,5,Q8WXI7_12655_12705
2302,5,Q8WXI7_12501_12550
2303,5,Q8WXI7_12342_12393
2304,5,Q8WXI7_12188_12236
2305,5,Q8WXI7_13747_13798
2306,5,Q8WXI7_12811_12861
2307,5,Q8WXI7_14039_14082
2308,5,Q8WXI9_1_148
2309,5,Q8WXI9_479_593
2310,5,Q8WXK1_446_480
2311,5,Q8WXK1_1_35
2312,5,Q8WXQ8_1_31
2313,5,Q8WXR4_882_934
2314,5,Q8WXR4_309_349
2315,5,Q8WXS3_1_145
2316,5,Q8WXS5_46_124
2317,5,Q8WXS8_822_854
2318,5,Q8WXS8_197_265
2319,5,Q8WXS8_1_114
2320,5,Q8WXT5_1_103
2321,5,Q8WXU2_188_239
2322,5,Q8WXW3_1_54
2323,5,Q8WXW3_143_179
2324,5,Q8WXW3_682_757
2325,5,Q8WXX0_222_256
2326,5,Q8WXX0_2633_2674
2327,5,Q8WY07_432_466
2328,5,Q8WY21_1078_1168
2329,5,Q8WY36_1_81
2330,5,Q8WY50_1_150
2331,5,Q8WY54_1_130
2332,5,Q8WY64_331_374
2333,5,Q8WYA1_245_355
2334,5,Q8WYA1_152_182
2335,5,Q8WYA1_1_107
2336,5,Q8WYA6_1_73
2337,5,Q8WYB5_169_205
2338,5,Q8WYB5_69_109
2339,5,Q8WYH8_113_184
2340,5,Q8WYK1_1_36
2341,5,Q8WYK1_1008_1041
2342,5,Q8WYK1_1192_1306
2343,5,Q8WYK2_1_61
2344,5,Q8WYL5_1_80
2345,5,Q8WYN0_364_398
2346,5,Q8WYN3_1_60
2347,5,Q8WYP3_1_92
2348,5,Q8WYP3_759_800
2349,5,Q8WYP3_866_895
2350,5,Q8WYQ3_1_103
2351,5,Q8WYQ4_112_148
2352,5,Q8WYQ5_363_435
2353,5,Q8WYQ9_25_101
2354,5,Q8WYQ9_148_299
2355,5,Q8WYR1_837_880
2356,5,Q8WYR1_557_609
2357,5,Q8WYR4_203_309
2358,5,Q8WZ04_1_33
2359,5,Q8WZ19_273_329
2360,5,Q8WZ19_1_41
2361,5,Q8WZ26_1_134
2362,5,Q8WZ33_1_44
2363,5,Q8WZ42_1929_2085
2364,5,Q8WZ42_34149_34261
2365,5,Q8WZ42_33865_33980
2366,5,Q8WZ42_33743_33781
2367,5,Q8WZ42_33577_33653
2368,5,Q8WZ42_1796_1843
2369,5,Q8WZ42_33387_33489
2370,5,Q8WZ42_15646_15679
2371,5,Q8WZ42_1645_1697
2372,5,Q8WZ42_1379_1460
2373,5,Q8WZ42_1182_1253
2374,5,Q8WZ42_9468_9579
2375,5,Q8WZ42_1030_1084
2376,5,Q8WZ42_32588_32626
2377,5,Q8WZ42_3434_3510
2378,5,Q8WZ42_3588_3624
2379,5,Q8WZ59_107_177
2380,5,Q8WZ60_1_47
2381,5,Q8WZ64_869_911
2382,5,Q8WZ73_137_238
2383,5,Q8WZ73_1_45
2384,5,Q8WZ74_966_1056
2385,5,Q8WZ74_1_112
2386,5,Q8WZ74_860_906
2387,5,Q8WZ75_1_32
2388,5,Q8WZ92_252_322
2389,5,Q8WZ92_1_38
2390,5,Q8WZA0_155_190
2391,5,Q8WZA1_1_97
2392,5,Q8WZA2_471_505
2393,5,Q8WZA2_162_198
2394,5,Q8WZA6_238_343
2395,5,Q8WZA9_330_433
2396,5,Q8WZA9_269_303
2397,5,Q8WZA9_164_210
2398,5,Q8WZA9_1_62
2399,5,Q8WZA9_550_623
2400,5,Q8WZB0_1_136
2401,5,Q902F9_1_106
2402,5,Q902F9_197_308
2403,5,Q92185_1_39
2404,5,Q92186_1_87
2405,5,Q92187_1_70
2406,5,Q92466_1_72
2407,5,Q92484_1_34
2408,5,Q92499_679_740
2409,5,Q92503_566_601
2410,5,Q92503_635_715
2411,5,Q92503_182_243
2412,5,Q92504_191_318
2413,5,Q92504_1_130
2414,5,Q92508_1800_1944
2415,5,Q92508_325_425
2416,5,Q92508_532_573
2417,5,Q92508_707_794
2418,5,Q92508_1560_1650
2419,5,Q92508_1359_1515
2420,5,Q92519_314_343
2421,5,Q92519_1_62
2422,5,Q92521_1_61
2423,5,Q92522_120_213
2424,5,Q92522_1_43
2425,5,Q92523_1_34
2426,5,Q92529_1_149
2427,5,Q92530_149_271
2428,5,Q92536_1_50
2429,5,Q92537_147_303
2430,5,Q92537_1_30
2431,5,Q92538_1703_1859
2432,5,Q92538_598_685
2433,5,Q92538_1059_1100
2434,5,Q92538_1275_1380
2435,5,Q92538_1425_1492
2436,5,Q92539_544_634
2437,5,Q92541_242_352
2438,5,Q92541_605_710
2439,5,Q92543_1_82
2440,5,Q92543_963_992
2441,5,Q92545_891_930
2442,5,Q92545_746_784
2443,5,Q92545_1_114
2444,5,Q92547_1483_1522
2445,5,Q92547_282_356
2446,5,Q92547_438_557
2447,5,Q92551_90_178
2448,5,Q92551_345_391
2449,5,Q92552_1_39
2450,5,Q92552_281_321
2451,5,Q92560_696_729
2452,5,Q92563_185_250
2453,5,Q92563_377_424
2454,5,Q92563_1_141
2455,5,Q92564_1_96
2456,5,Q92565_194_245
2457,5,Q92565_1_81
2458,5,Q92569_1_63
2459,5,Q92570_366_397
2460,5,Q92572_154_193
2461,5,Q92574_851_889
2462,5,Q92575_113_202
2463,5,Q92575_402_508
2464,5,Q92576_1047_1201
2465,5,Q92576_769_928
2466,5,Q92581_111_151
2467,5,Q92581_1_59
2468,5,Q92597_317_394
2469,5,Q92597_1_34
2470,5,Q92598_499_591
2471,5,Q92598_801_858
2472,5,Q92599_405_483
2473,5,Q92599_1_30
2474,5,Q92609_648_795
2475,5,Q92609_1_53
2476,5,Q92609_429_588
2477,5,Q92609_265_295
2478,5,Q92610_905_991
2479,5,Q92610_652_711
2480,5,Q92610_1065_1132
2481,5,Q92610_1182_1267
2482,5,Q92611_1_116
2483,5,Q92611_592_639
2484,5,Q92613_362_399
2485,5,Q92613_1_130
2486,5,Q92614_712_751
2487,5,Q92614_312_345
2488,5,Q92614_978_1092
2489,5,Q92615_1_160
2490,5,Q92616_768_839
2491,5,Q92616_1312_1345
2492,5,Q92618_214_255
2493,5,Q92618_82_182
2494,5,Q92618_1_35
2495,5,Q92619_557_695
2496,5,Q92619_1_125
2497,5,Q92619_222_271
2498,5,Q92620_1162_1227
2499,5,Q92621_460_495
2500,5,Q92621_554_591
2501,5,Q92621_1138_1190
2502,5,Q92621_1346_1400
2503,5,Q92621_1695_1815
2504,5,Q92621_1910_2012
2505,5,Q92622_1_30
2506,5,Q92623_1_49
2507,5,Q92625_1_74
2508,5,Q92625_821_932
2509,5,Q92625_1066_1134
2510,5,Q92626_1_43
2511,5,Q92626_630_722
2512,5,Q92628_1_37
2513,5,Q92628_65_109
2514,5,Q92629_1_31
2515,5,Q92630_1_152
2516,5,Q92630_538_601
2517,5,Q92633_326_364
2518,5,Q92636_570_613
2519,5,Q92637_247_280
2520,5,Q92643_315_395
2521,5,Q92664_1_41
2522,5,Q92664_299_365
2523,5,Q92665_198_265
2524,5,Q92665_1_154
2525,5,Q92670_1_54
2526,5,Q92673_1_97
2527,5,Q92673_2099_2214
2528,5,Q92674_250_351
2529,5,Q92674_1_80
2530,5,Q92686_47_78
2531,5,Q92688_159_251
2532,5,Q92692_1_33
2533,5,Q92692_388_538
2534,5,Q92698_1_108
2535,5,Q92800_337_435
2536,5,Q92800_172_240
2537,5,Q92800_472_516
2538,5,Q92802_552_583
2539,5,Q92805_1_64
2540,5,Q92805_554_620
2541,5,Q92805_649_698
2542,5,Q92805_290_329
2543,5,Q92806_349_393
2544,5,Q92817_495_530
2545,5,Q92817_1_39
2546,5,Q92820_1_30
2547,5,Q92823_1_48
2548,5,Q92824_1708_1860
2549,5,Q92824_595_644
2550,5,Q92824_97_138
2551,5,Q92824_1149_1189
2552,5,Q92824_1_36
2553,5,Q92828_400_481
2554,5,Q92830_1_89
2555,5,Q92830_376_494
2556,5,Q92831_1_80
2557,5,Q92831_364_486
2558,5,Q92832_1_36
2559,5,Q92833_1108_1139
2560,5,Q92833_1197_1246
2561,5,Q92833_731_811
2562,5,Q92835_238_277
2563,5,Q92835_98_164
2564,5,Q92837_232_279
2565,5,Q92838_1_40
2566,5,Q92841_1_122
2567,5,Q92844_69_133
2568,5,Q92845_687_792
2569,5,Q92845_95_127
2570,5,Q92847_1_40
2571,5,Q92851_190_281
2572,5,Q92851_396_521
2573,5,Q92858_1_151
2574,5,Q92858_223_354
2575,5,Q92859_1_58
2576,5,Q92859_821_867
2577,5,Q92870_714_758
2578,5,Q92870_556_585
2579,5,Q92878_275_307
2580,5,Q92878_1021_1061
2581,5,Q92886_1_77
2582,5,Q92886_158_237
2583,5,Q92887_852_961
2584,5,Q92887_259_310
2585,5,Q92888_1_48
2586,5,Q92888_761_912
2587,5,Q92889_648_686
2588,5,Q92889_436_556
2589,5,Q92889_334_382
2590,5,Q92890_196_307
2591,5,Q92896_584_655
2592,5,Q92900_339_373
2593,5,Q92900_1_122
2594,5,Q92902_242_354
2595,5,Q92903_1_74
2596,5,Q92904_1_34
2597,5,Q92908_494_595
2598,5,Q92911_565_643
2599,5,Q92911_480_518
2600,5,Q92913_1_59
2601,5,Q92913_213_245
2602,5,Q92914_1_59
2603,5,Q92915_215_247
2604,5,Q92915_1_61
2605,5,Q92917_297_356
2606,5,Q92918_786_833
2607,5,Q92918_569_604
2608,5,Q92918_152_187
2609,5,Q92922_752_869
2610,5,Q92922_560_623
2611,5,Q92922_953_1105
2612,5,Q92922_1_37
2613,5,Q92922_294_447
2614,5,Q92925_1_143
2615,5,Q92932_1_43
2616,5,Q92932_653_726
2617,5,Q92935_1_86
2618,5,Q92935_227_270
2619,5,Q92935_603_676
2620,5,Q92945_392_430
2621,5,Q92945_1_147
2622,5,Q92947_1_43
2623,5,Q92949_1_111
2624,5,Q92952_1_92
2625,5,Q92952_504_543
2626,5,Q92954_1287_1332
2627,5,Q92956_238_283
2628,5,Q92959_130_162
2629,5,Q92959_1_30
2630,5,Q92966_1_32
2631,5,Q92968_186_248
2632,5,Q92968_341_403
2633,5,Q92968_1_119
2634,5,Q92973_346_381
2635,5,Q92974_1_35
2636,5,Q92974_88_202
2637,5,Q92974_856_986
2638,5,Q92979_1_39
2639,5,Q92982_1_152
2640,5,Q92985_463_503
2641,5,Q92988_184_240
2642,5,Q92988_1_112
2643,5,Q92993_67_224
2644,5,Q92994_333_457
2645,5,Q92995_625_660
2646,5,Q92995_1_30
2647,5,Q92995_691_803
2648,5,Q92995_94_133
2649,5,Q92995_287_325
2650,5,Q92997_333_411
2651,5,Q93008_1_73
2652,5,Q93008_958_1003
2653,5,Q93008_1588_1638
2654,5,Q93008_1832_1863
2655,5,Q93008_1950_1988
2656,5,Q93008_2422_2554
2657,5,Q93009_1_69
2658,5,Q93015_1_57
2659,5,Q93015_206_286
2660,5,Q93033_972_1021
2661,5,Q93038_225_335
2662,5,Q93038_1_42
2663,5,Q93045_1_30
2664,5,Q93050_136_173
2665,5,Q93050_662_716
2666,5,Q93062_104_196
2667,5,Q93063_1_69
2668,5,Q93070_1_48
2669,5,Q93074_304_351
2670,5,Q93074_1_111
2671,5,Q93074_777_830
2672,5,Q93074_1226_1279
2673,5,Q93074_1387_1482
2674,5,Q93074_536_568
2675,5,Q93074_619_732
2676,5,Q93086_342_422
2677,5,Q93097_1_58
2678,5,Q93098_1_34
2679,5,Q93100_1_46
2680,5,Q93100_680_716
2681,5,Q95460_310_341
2682,5,Q969E2_195_229
2683,5,Q969E3_1_120
2684,5,Q969E8_113_191
2685,5,Q969F0_1_125
2686,5,Q969F1_128_213
2687,5,Q969F2_1_124
2688,5,Q969F8_332_398
2689,5,Q969F8_1_40
2690,5,Q969F9_210_258
2691,5,Q969F9_447_490
2692,5,Q969G3_1_59
2693,5,Q969G3_309_411
2694,5,Q969G5_131_261
2695,5,Q969H4_510_608
2696,5,Q969H4_662_720
2697,5,Q969H9_1_104
2698,5,Q969I6_1_77
2699,5,Q969I6_245_325
2700,5,Q969J2_449_494
2701,5,Q969J2_1_57
2702,5,Q969J3_1_66
2703,5,Q969J5_64_102
2704,5,Q969K3_150_254
2705,5,Q969K3_1_59
2706,5,Q969K7_184_222
2707,5,Q969M3_1_128
2708,5,Q969P5_1_88
2709,5,Q969P6_1_49
2710,5,Q969Q1_323_353
2711,5,Q969Q6_1_38
2712,5,Q969R2_273_309
2713,5,Q969R2_404_520
2714,5,Q969R5_604_705
2715,5,Q969R8_211_244
2716,5,Q969S2_57_132
2717,5,Q969S3_415_477
2718,5,Q969S3_122_250
2719,5,Q969S8_357_413
2720,5,Q969S9_456_488
2721,5,Q969S9_1_71
2722,5,Q969T3_1_123
2723,5,Q969T4_1_56
2724,5,Q969T9_137_261
2725,5,Q969U6_262_311
2726,5,Q969V3_1_41
2727,5,Q969V6_381_521
2728,5,Q969W3_1_158
2729,5,Q969W9_1_32
2730,5,Q969X0_165_211
2731,5,Q969X1_1_93
2732,5,Q969X2_1_81
2733,5,Q969Y0_1_67
2734,5,Q969Y2_1_37
2735,5,Q969Y2_267_305
2736,5,Q969Z0_1_82
2737,5,Q969Z3_1_38
2738,5,Q969Z4_118_159
2739,5,Q969Z4_1_33
2740,5,Q96A00_1_147
2741,5,Q96A04_1_54
2742,5,Q96A09_1_48
2743,5,Q96A09_383_425
2744,5,Q96A11_402_431
2745,5,Q96A11_1_56
2746,5,Q96A19_1_65
2747,5,Q96A19_162_248
2748,5,Q96A19_499_550
2749,5,Q96A22_1_85
2750,5,Q96A23_1_30
2751,5,Q96A25_1_79
2752,5,Q96A26_1_94
2753,5,Q96A29_1_35
2754,5,Q96A33_1_130
2755,5,Q96A37_1_30
2756,5,Q96A44_1_31
2757,5,Q96A46_1_79
2758,5,Q96A47_266_359
2759,5,Q96A47_150_197
2760,5,Q96A47_1_30
2761,5,Q96A49_1_94
2762,5,Q96A49_223_352
2763,5,Q96A54_1_79
2764,5,Q96A61_50_177
2765,5,Q96A65_404_490
2766,5,Q96A65_205_273
2767,5,Q96A65_1_44
2768,5,Q96A70_410_460
2769,5,Q96A83_1_96
2770,5,Q96A98_1_58
2771,5,Q96A99_1_35
2772,5,Q96A99_172_267
2773,5,Q96AA8_412_477
2774,5,Q96AA8_247_283
2775,5,Q96AC1_328_377
2776,5,Q96AC1_144_230
2777,5,Q96AC6_704_838
2778,5,Q96AC6_369_416
2779,5,Q96AD5_377_504
2780,5,Q96AD5_254_308
2781,5,Q96AE4_1_102
2782,5,Q96AE4_343_382
2783,5,Q96AE7_1_56
2784,5,Q96AG3_1_102
2785,5,Q96AG4_216_245
2786,5,Q96AH0_119_204
2787,5,Q96AJ1_303_413
2788,5,Q96AM1_308_343
2789,5,Q96AM1_1_42
2790,5,Q96AN5_1_50
2791,5,Q96AP7_281_390
2792,5,Q96AQ1_301_378
2793,5,Q96AQ1_1_43
2794,5,Q96AQ2_169_219
2795,5,Q96AQ2_1_37
2796,5,Q96AQ6_693_731
2797,5,Q96AQ6_346_381
2798,5,Q96AQ6_431_586
2799,5,Q96AQ7_1_41
2800,5,Q96AQ9_171_280
2801,5,Q96AQ9_1_123
2802,5,Q96AT1_98_154
2803,5,Q96AV8_1_148
2804,5,Q96AV8_240_287
2805,5,Q96AW1_82_172
2806,5,Q96AX9_1_71
2807,5,Q96AX9_448_478
2808,5,Q96AX9_849_893
2809,5,Q96AY2_368_406
2810,5,Q96AY3_1_44
2811,5,Q96AY4_1552_1613
2812,5,Q96AY4_1194_1227
2813,5,Q96AY4_1_61
2814,5,Q96B33_196_292
2815,5,Q96B49_1_74
2816,5,Q96B54_1_160
2817,5,Q96B67_315_414
2818,5,Q96B70_1_93
2819,5,Q96B70_168_322
2820,5,Q96B77_1_67
2821,5,Q96B77_139_213
2822,5,Q96B86_325_355
2823,5,Q96B86_1_42
2824,5,Q96B86_413_450
2825,5,Q96B96_129_161
2826,5,Q96B97_153_270
2827,5,Q96B97_56_102
2828,5,Q96BA8_377_519
2829,5,Q96BD0_1_90
2830,5,Q96BD0_687_722
2831,5,Q96BD0_343_372
2832,5,Q96BD5_627_680
2833,5,Q96BD5_394_489
2834,5,Q96BD8_93_136
2835,5,Q96BF3_142_282
2836,5,Q96BF6_451_587
2837,5,Q96BJ3_113_155
2838,5,Q96BM0_1_104
2839,5,Q96BN2_221_255
2840,5,Q96BN2_68_131
2841,5,Q96BN6_1_97
2842,5,Q96BN6_138_261
2843,5,Q96BN8_1_73
2844,5,Q96BP3_1_66
2845,5,Q96BQ5_1_38
2846,5,Q96BR1_118_158
2847,5,Q96BR9_368_441
2848,5,Q96BR9_125_283
2849,5,Q96BT7_513_624
2850,5,Q96BV0_1_116
2851,5,Q96BV0_199_291
2852,5,Q96BV0_371_454
2853,5,Q96BW1_1_104
2854,5,Q96BW9_313_452
2855,5,Q96BY2_86_164
2856,5,Q96BY6_451_485
2857,5,Q96BY6_1387_1474
2858,5,Q96BY6_1732_1786
2859,5,Q96BY6_2144_2186
2860,5,Q96BY6_1213_1330
2861,5,Q96BY6_281_392
2862,5,Q96BY6_145_220
2863,5,Q96BY6_1_56
2864,5,Q96BY7_99_159
2865,5,Q96BY7_216_291
2866,5,Q96BY7_842_905
2867,5,Q96BY7_1725_1813
2868,5,Q96BY7_1140_1175
2869,5,Q96BY7_1_34
2870,5,Q96BY7_642_742
2871,5,Q96BY7_1948_2078
2872,5,Q96BY7_966_1054
2873,5,Q96BZ4_1_95
2874,5,Q96BZ8_154_193
2875,5,Q96BZ8_234_264
2876,5,Q96BZ9_323_403
2877,5,Q96C03_1_129
2878,5,Q96C12_707_739
2879,5,Q96C12_417_526
2880,5,Q96C12_77_126
2881,5,Q96C19_1_67
2882,5,Q96C24_468_512
2883,5,Q96C28_57_177
2884,5,Q96C34_125_176
2885,5,Q96C34_1_82
2886,5,Q96C36_274_320
2887,5,Q96C45_280_406
2888,5,Q96C55_1_112
2889,5,Q96C55_226_264
2890,5,Q96C57_112_262
2891,5,Q96C57_1_65
2892,5,Q96C86_1_42
2893,5,Q96C90_1_67
2894,5,Q96CA5_175_233
2895,5,Q96CA5_1_77
2896,5,Q96CB5_1_159
2897,5,Q96CB8_40_152
2898,5,Q96CB9_1_35
2899,5,Q96CF2_167_233
2900,5,Q96CG3_153_184
2901,5,Q96CG8_1_87
2902,5,Q96CJ1_116_260
2903,5,Q96CM3_1_51
2904,5,Q96CM4_163_212
2905,5,Q96CM8_1_54
2906,5,Q96CN4_1_86
2907,5,Q96CN4_694_794
2908,5,Q96CN5_639_670
2909,5,Q96CN5_301_352
2910,5,Q96CN9_60_159
2911,5,Q96CN9_403_487
2912,5,Q96CN9_608_652
2913,5,Q96CP2_1_140
2914,5,Q96CP6_536_610
2915,5,Q96CP6_218_365
2916,5,Q96CP6_1_88
2917,5,Q96CS2_247_278
2918,5,Q96CS3_52_87
2919,5,Q96CS4_1_159
2920,5,Q96CS4_470_500
2921,5,Q96CS7_111_222
2922,5,Q96CU9_1_50
2923,5,Q96CV9_264_303
2924,5,Q96CV9_1_36
2925,5,Q96CV9_514_577
2926,5,Q96CV9_167_226
2927,5,Q96CW5_496_531
2928,5,Q96CW6_25_56
2929,5,Q96CW9_489_530
2930,5,Q96CX2_134_215
2931,5,Q96CX6_288_371
2932,5,Q96D03_1_41
2933,5,Q96D05_1_76
2934,5,Q96D15_1_42
2935,5,Q96D21_205_266
2936,5,Q96D31_200_233
2937,5,Q96D31_1_57
2938,5,Q96D46_474_503
2939,5,Q96D59_89_163
2940,5,Q96D70_1_90
2941,5,Q96D96_1_99
2942,5,Q96D98_1_81
2943,5,Q96DA0_1_43
2944,5,Q96DB5_1_63
2945,5,Q96DB9_1_130
2946,5,Q96DC7_1_62
2947,5,Q96DC8_1_43
2948,5,Q96DD7_119_197
2949,5,Q96DE5_1_46
2950,5,Q96DF8_385_476
2951,5,Q96DF8_1_39
2952,5,Q96DF8_292_336
0,6,Q96DF8_85_149
1,6,Q96DH6_183_328
2,6,Q96DI7_1_56
3,6,Q96DL1_1_79
4,6,Q96DM1_1_77
5,6,Q96DN0_1_40
6,6,Q96DN2_92_134
7,6,Q96DN2_472_507
8,6,Q96DN2_1_51
9,6,Q96DN2_262_393
10,6,Q96DN5_336_415
11,6,Q96DP5_1_42
12,6,Q96DR5_1_110
13,6,Q96DR5_202_249
14,6,Q96DR7_715_744
15,6,Q96DR8_23_90
16,6,Q96DS6_1_117
17,6,Q96DT0_1_34
18,6,Q96DT5_1_52
19,6,Q96DT5_3321_3361
20,6,Q96DT5_3130_3188
21,6,Q96DT5_206_248
22,6,Q96DT5_842_871
23,6,Q96DT6_422_458
24,6,Q96DT6_141_188
25,6,Q96DT6_1_65
26,6,Q96DT7_787_871
27,6,Q96DU3_251_332
28,6,Q96DV4_1_38
29,6,Q96DX4_1_105
30,6,Q96DX7_57_168
31,6,Q96DX8_165_246
32,6,Q96DY2_396_449
33,6,Q96DY2_1_42
34,6,Q96DY7_374_460
35,6,Q96DY7_256_302
36,6,Q96DY7_1_143
37,6,Q96DZ1_278_340
38,6,Q96DZ1_1_48
39,6,Q96DZ5_480_547
40,6,Q96DZ5_357_421
41,6,Q96DZ5_1_39
42,6,Q96E09_129_287
43,6,Q96E09_1_80
44,6,Q96E11_1_69
45,6,Q96E16_1_107
46,6,Q96E22_31_81
47,6,Q96E22_158_187
48,6,Q96E29_1_138
49,6,Q96E40_157_222
50,6,Q96E52_1_149
51,6,Q96E52_491_524
52,6,Q96E93_1_36
53,6,Q96EB1_135_176
54,6,Q96EB1_377_424
55,6,Q96EB1_1_54
56,6,Q96EC8_1_75
57,6,Q96ED9_419_460
58,6,Q96ED9_149_187
59,6,Q96ED9_685_719
60,6,Q96EE3_320_360
61,6,Q96EE4_1_140
62,6,Q96EF9_153_215
63,6,Q96EG1_1_33
64,6,Q96EG3_314_365
65,6,Q96EH3_1_89
66,6,Q96EH8_170_201
67,6,Q96EI5_1_128
68,6,Q96EI5_183_215
69,6,Q96EK2_496_531
70,6,Q96EK4_128_251
71,6,Q96EK7_855_910
72,6,Q96EK9_107_206
73,6,Q96EL2_1_32
74,6,Q96EN8_487_585
75,6,Q96EN8_1_31
76,6,Q96EN8_707_744
77,6,Q96EN9_1_91
78,6,Q96EP0_170_222
79,6,Q96EP1_387_476
80,6,Q96EP5_85_114
81,6,Q96EP9_384_437
82,6,Q96EP9_1_100
83,6,Q96EQ0_216_304
84,6,Q96EQ8_181_232
85,6,Q96EQ8_1_34
86,6,Q96ER3_357_389
87,6,Q96ER9_257_411
88,6,Q96ER9_1_67
89,6,Q96ET8_1_50
90,6,Q96ET8_162_276
91,6,Q96EU6_1_47
92,6,Q96EU7_1_48
93,6,Q96EV8_215_351
94,6,Q96EV8_1_46
95,6,Q96EW2_335_462
96,6,Q96EX2_1_156
97,6,Q96EX3_1_100
98,6,Q96EY1_1_91
99,6,Q96EY1_155_205
100,6,Q96EY1_439_480
101,6,Q96EY4_166_203
102,6,Q96EY5_158_229
103,6,Q96EY7_198_241
104,6,Q96EY7_655_689
105,6,Q96EY7_1_59
106,6,Q96EY8_1_54
107,6,Q96EZ8_1_133
108,6,Q96F07_1_58
109,6,Q96F07_542_594
110,6,Q96F24_93_154
111,6,Q96F24_214_287
112,6,Q96F45_541_646
113,6,Q96F46_1_39
114,6,Q96F46_339_380
115,6,Q96F63_1_63
116,6,Q96F81_661_694
117,6,Q96F81_254_296
118,6,Q96FA7_110_192
119,6,Q96FC7_1_53
120,6,Q96FC9_813_970
121,6,Q96FC9_508_566
122,6,Q96FC9_286_318
123,6,Q96FC9_74_228
124,6,Q96FE5_516_620
125,6,Q96FE5_1_38
126,6,Q96FE7_98_165
127,6,Q96FE7_218_263
128,6,Q96FF7_91_219
129,6,Q96FG2_1_99
130,6,Q96FG2_343_381
131,6,Q96FI4_293_390
132,6,Q96FJ0_189_267
133,6,Q96FK6_350_387
134,6,Q96FL8_472_540
135,6,Q96FL9_1_53
136,6,Q96FN5_383_417
137,6,Q96FN5_230_267
138,6,Q96FQ7_1_95
139,6,Q96FT7_582_647
140,6,Q96FT9_1_131
141,6,Q96FV0_162_321
142,6,Q96FV0_1_44
143,6,Q96FV9_520_574
144,6,Q96FV9_402_445
145,6,Q96FV9_191_233
146,6,Q96FZ2_277_354
147,6,Q96FZ5_1_54
148,6,Q96FZ7_164_201
149,6,Q96G01_380_412
150,6,Q96G01_531_671
151,6,Q96G01_250_324
152,6,Q96G23_335_380
153,6,Q96G25_177_268
154,6,Q96G27_1_34
155,6,Q96G30_70_205
156,6,Q96G30_1_31
157,6,Q96G42_288_320
158,6,Q96G46_233_293
159,6,Q96G46_1_124
160,6,Q96G74_418_571
161,6,Q96G79_156_186
162,6,Q96G91_318_374
163,6,Q96G97_263_398
164,6,Q96GA3_72_113
165,6,Q96GC5_1_63
166,6,Q96GC6_57_161
167,6,Q96GC9_1_34
168,6,Q96GD3_463_590
169,6,Q96GD3_235_361
170,6,Q96GD3_1_30
171,6,Q96GD4_1_75
172,6,Q96GE6_1_50
173,6,Q96GE9_1_116
174,6,Q96GF1_1_38
175,6,Q96GF1_95_163
176,6,Q96GI7_1_80
177,6,Q96GI7_131_184
178,6,Q96GJ1_1_81
179,6,Q96GL9_31_167
180,6,Q96GM1_288_343
181,6,Q96GM5_1_133
182,6,Q96GM8_1_35
183,6,Q96GM8_350_448
184,6,Q96GN5_240_325
185,6,Q96GP6_1_46
186,6,Q96GQ5_1_73
187,6,Q96GQ7_643_796
188,6,Q96GR2_1_79
189,6,Q96GS6_1_66
190,6,Q96GT9_1_111
191,6,Q96GU1_1_130
192,6,Q96GW7_872_911
193,6,Q96GW7_1_36
194,6,Q96GW9_1_46
195,6,Q96GX2_44_97
196,6,Q96GX5_1_31
197,6,Q96GX8_1_76
198,6,Q96GY0_54_103
199,6,Q96GY0_147_295
200,6,Q96GY3_127_192
201,6,Q96GY3_1_94
202,6,Q96GZ6_1_66
203,6,Q96GZ6_465_507
204,6,Q96H12_97_188
205,6,Q96H22_205_242
206,6,Q96H35_108_190
207,6,Q96H55_825_970
208,6,Q96H55_666_743
209,6,Q96H55_1_35
210,6,Q96H72_170_210
211,6,Q96H72_1_65
212,6,Q96H79_254_300
213,6,Q96H86_364_408
214,6,Q96H96_1_59
215,6,Q96HA1_1_34
216,6,Q96HA7_455_528
217,6,Q96HA7_1343_1378
218,6,Q96HB5_69_102
219,6,Q96HD1_1_42
220,6,Q96HD1_356_420
221,6,Q96HE7_1_41
222,6,Q96HE7_105_244
223,6,Q96HE8_1_96
224,6,Q96HE9_1_68
225,6,Q96HF1_1_38
226,6,Q96HG1_1_83
227,6,Q96HH9_1_106
228,6,Q96HH9_217_344
229,6,Q96HJ3_1_142
230,6,Q96HJ3_312_373
231,6,Q96HJ5_1_42
232,6,Q96HL8_225_295
233,6,Q96HL8_117_157
234,6,Q96HP0_148_204
235,6,Q96HP0_2013_2047
236,6,Q96HP0_1057_1099
237,6,Q96HP0_1304_1375
238,6,Q96HP0_1180_1249
239,6,Q96HP0_1_61
240,6,Q96HP0_401_453
241,6,Q96HP0_836_908
242,6,Q96HP4_1_51
243,6,Q96HP8_1_45
244,6,Q96HR9_180_211
245,6,Q96HR9_97_141
246,6,Q96HS1_1_62
247,6,Q96HU1_1_56
248,6,Q96HU1_376_427
249,6,Q96HU1_720_749
250,6,Q96HW7_329_373
251,6,Q96HW7_913_963
252,6,Q96HW7_585_615
253,6,Q96HW7_1_50
254,6,Q96HY6_1_124
255,6,Q96HY7_1_42
256,6,Q96HZ4_138_224
257,6,Q96HZ7_1_61
258,6,Q96I13_1_156
259,6,Q96I15_1_30
260,6,Q96I23_1_38
261,6,Q96I24_422_572
262,6,Q96I24_322_358
263,6,Q96I24_1_79
264,6,Q96I27_1_71
265,6,Q96I45_1_108
266,6,Q96I51_1_50
267,6,Q96I76_439_525
268,6,Q96I76_226_311
269,6,Q96I76_49_104
270,6,Q96I82_1_47
271,6,Q96I99_1_41
272,6,Q96IC2_135_177
273,6,Q96IC2_1_61
274,6,Q96IC2_677_720
275,6,Q96IC2_393_433
276,6,Q96ID5_193_280
277,6,Q96ID5_434_467
278,6,Q96II8_1_50
279,6,Q96IK1_155_185
280,6,Q96IK1_1_48
281,6,Q96IK5_1_86
282,6,Q96IL0_1_63
283,6,Q96IM9_94_177
284,6,Q96IP4_1_63
285,6,Q96IP4_398_442
286,6,Q96IQ7_272_327
287,6,Q96IQ9_1_107
288,6,Q96IQ9_199_312
289,6,Q96IR3_1_41
290,6,Q96IS3_91_184
291,6,Q96IT1_1_43
292,6,Q96IT6_1_56
293,6,Q96IU2_1_120
294,6,Q96IV0_112_170
295,6,Q96IW7_149_192
296,6,Q96IY1_220_281
297,6,Q96IY1_1_37
298,6,Q96IZ5_171_281
299,6,Q96IZ6_105_174
300,6,Q96IZ7_244_295
301,6,Q96K17_115_158
302,6,Q96K19_200_258
303,6,Q96K21_1_78
304,6,Q96K21_375_471
305,6,Q96K21_147_297
306,6,Q96K31_184_251
307,6,Q96K37_75_110
308,6,Q96K37_345_410
309,6,Q96K49_454_555
310,6,Q96K49_1_47
311,6,Q96K49_101_164
312,6,Q96K58_590_619
313,6,Q96K58_1_90
314,6,Q96K58_409_524
315,6,Q96K76_1_39
316,6,Q96K76_129_187
317,6,Q96K76_1337_1375
318,6,Q96K76_416_488
319,6,Q96K78_731_797
320,6,Q96K78_1_59
321,6,Q96K80_281_434
322,6,Q96K83_1_125
323,6,Q96KA5_365_402
324,6,Q96KA5_137_169
325,6,Q96KB5_1_45
326,6,Q96KC8_274_319
327,6,Q96KC8_1_39
328,6,Q96KC8_186_227
329,6,Q96KC8_375_492
330,6,Q96KD3_1_56
331,6,Q96KD3_204_344
332,6,Q96KE9_1_65
333,6,Q96KF2_1_57
334,6,Q96KF7_1_41
335,6,Q96KJ4_1_56
336,6,Q96KJ4_583_702
337,6,Q96KJ9_1_47
338,6,Q96KK3_477_526
339,6,Q96KK3_158_193
340,6,Q96KK3_1_49
341,6,Q96KM6_1_90
342,6,Q96KM6_650_727
343,6,Q96KM6_810_892
344,6,Q96KN1_272_310
345,6,Q96KN1_1_73
346,6,Q96KN3_170_295
347,6,Q96KN3_351_472
348,6,Q96KN3_1_62
349,6,Q96KN4_1_78
350,6,Q96KN7_1_47
351,6,Q96KN7_452_504
352,6,Q96KN7_580_627
353,6,Q96KN7_761_803
354,6,Q96KN8_1_128
355,6,Q96KN8_239_279
356,6,Q96KN9_104_139
357,6,Q96KN9_227_370
358,6,Q96KP1_673_708
359,6,Q96KP1_390_491
360,6,Q96KP1_94_148
361,6,Q96KP6_266_325
362,6,Q96KP6_1_32
363,6,Q96KQ4_78_129
364,6,Q96KQ7_542_615
365,6,Q96KR1_415_568
366,6,Q96KR1_1036_1074
367,6,Q96KR1_666_721
368,6,Q96KR4_1_77
369,6,Q96KR4_607_655
370,6,Q96KR6_1_90
371,6,Q96KS9_54_112
372,6,Q96KT0_1_104
373,6,Q96KT6_1_92
374,6,Q96KT7_1_37
375,6,Q96KV6_460_586
376,6,Q96KV7_995_1114
377,6,Q96KV7_115_144
378,6,Q96L03_199_247
379,6,Q96L03_299_361
380,6,Q96L08_158_255
381,6,Q96L08_1_30
382,6,Q96L11_1_122
383,6,Q96L12_199_295
384,6,Q96L14_213_293
385,6,Q96L14_46_123
386,6,Q96L34_1_58
387,6,Q96L42_131_213
388,6,Q96L46_1_78
389,6,Q96L58_1_44
390,6,Q96L73_2074_2125
391,6,Q96L92_1_49
392,6,Q96L93_1034_1186
393,6,Q96L93_866_900
394,6,Q96L93_554_708
395,6,Q96L93_410_466
396,6,Q96L94_105_193
397,6,Q96L96_1823_1907
398,6,Q96LA5_395_508
399,6,Q96LA6_296_429
400,6,Q96LA8_1_30
401,6,Q96LA9_291_322
402,6,Q96LB0_293_322
403,6,Q96LB1_299_330
404,6,Q96LB2_288_322
405,6,Q96LB3_1_94
406,6,Q96LB8_1_56
407,6,Q96LC9_1_124
408,6,Q96LD1_1_34
409,6,Q96LD4_1_127
410,6,Q96LD4_380_423
411,6,Q96LI6_1_75
412,6,Q96LI9_259_332
413,6,Q96LI9_1_34
414,6,Q96LL3_1_76
415,6,Q96LL4_267_319
416,6,Q96LL9_1_49
417,6,Q96LL9_121_170
418,6,Q96LM1_1_132
419,6,Q96LM9_1_149
420,6,Q96LP2_422_452
421,6,Q96LP2_1_123
422,6,Q96LQ0_282_422
423,6,Q96LQ0_1_124
424,6,Q96LR2_94_239
425,6,Q96LR2_1_49
426,6,Q96LR5_1_51
427,6,Q96LR7_1_63
428,6,Q96LS8_1_159
429,6,Q96LT4_81_150
430,6,Q96LT9_98_156
431,6,Q96LT9_1_30
432,6,Q96LW1_304_362
433,6,Q96LW1_63_222
434,6,Q96LW2_1_94
435,6,Q96LW4_464_560
436,6,Q96LW4_343_376
437,6,Q96LW4_199_264
438,6,Q96LW7_97_228
439,6,Q96LW9_1_40
440,6,Q96LW9_113_241
441,6,Q96LX7_1_135
442,6,Q96LX7_213_244
443,6,Q96LX7_307_394
444,6,Q96LX7_564_622
445,6,Q96LY2_301_380
446,6,Q96LY2_1_43
447,6,Q96LZ2_1_115
448,6,Q96M02_607_637
449,6,Q96M15_1_143
450,6,Q96M20_1_75
451,6,Q96M20_495_576
452,6,Q96M20_303_408
453,6,Q96M29_1_90
454,6,Q96M32_407_445
455,6,Q96M32_1_79
456,6,Q96M32_490_560
457,6,Q96M42_1_142
458,6,Q96M53_270_351
459,6,Q96M60_1_38
460,6,Q96M60_111_155
461,6,Q96M60_302_408
462,6,Q96M60_473_508
463,6,Q96M61_1_109
464,6,Q96M63_229_272
465,6,Q96M69_1_106
466,6,Q96M78_1_137
467,6,Q96M83_324_376
468,6,Q96M86_1876_1965
469,6,Q96M86_813_926
470,6,Q96M86_589_682
471,6,Q96M86_1_64
472,6,Q96M86_2420_2459
473,6,Q96M86_2677_2815
474,6,Q96M86_3558_3670
475,6,Q96M86_2058_2088
476,6,Q96M86_1391_1425
477,6,Q96M86_2224_2280
478,6,Q96M86_4173_4206
479,6,Q96M86_4588_4638
480,6,Q96M89_318_372
481,6,Q96M91_302_335
482,6,Q96M93_159_210
483,6,Q96M93_1_87
484,6,Q96M95_1_48
485,6,Q96M98_201_259
486,6,Q96M98_1_42
487,6,Q96MB7_309_349
488,6,Q96MC2_1_67
489,6,Q96MC4_1_78
490,6,Q96MC4_362_495
491,6,Q96MC5_1_45
492,6,Q96MC5_156_204
493,6,Q96MC6_392_490
494,6,Q96MC6_1_35
495,6,Q96MD7_108_179
496,6,Q96ME1_667_805
497,6,Q96ME1_1_33
498,6,Q96ME1_423_477
499,6,Q96ME7_1_156
500,6,Q96ME7_304_383
501,6,Q96ME7_497_567
502,6,Q96MF0_1_132
503,6,Q96MF2_142_252
504,6,Q96MF2_1_83
505,6,Q96MF6_1_82
506,6,Q96MF7_134_168
507,6,Q96MG2_1_113
508,6,Q96MG7_1_78
509,6,Q96MG8_266_333
510,6,Q96MH2_1_97
511,6,Q96MH2_152_183
512,6,Q96MH6_1_31
513,6,Q96MH7_536_638
514,6,Q96MH7_149_236
515,6,Q96MH7_263_303
516,6,Q96MI9_1053_1112
517,6,Q96MK2_1_73
518,6,Q96MK3_31_92
519,6,Q96MM6_258_301
520,6,Q96MM6_1_54
521,6,Q96MM7_527_605
522,6,Q96MP5_97_174
523,6,Q96MP5_583_696
524,6,Q96MP5_421_500
525,6,Q96MP8_196_226
526,6,Q96MP8_1_47
527,6,Q96MR6_772_807
528,6,Q96MR6_229_288
529,6,Q96MR6_957_1003
530,6,Q96MR7_1_158
531,6,Q96MR9_672_713
532,6,Q96MS0_1_63
533,6,Q96MT1_571_663
534,6,Q96MT3_1_33
535,6,Q96MT4_1_127
536,6,Q96MT7_1_111
537,6,Q96MT7_1482_1549
538,6,Q96MT7_1712_1854
539,6,Q96MT7_1049_1181
540,6,Q96MT7_707_740
541,6,Q96MT7_1273_1356
542,6,Q96MT8_291_336
543,6,Q96MT8_530_663
544,6,Q96MU8_324_473
545,6,Q96MV8_305_337
546,6,Q96MW1_123_170
547,6,Q96MW5_1_57
548,6,Q96MW5_546_612
549,6,Q96MW5_395_429
550,6,Q96MW7_543_591
551,6,Q96MW7_54_85
552,6,Q96MX0_1_35
553,6,Q96MX3_497_546
554,6,Q96MX3_233_287
555,6,Q96MX3_376_455
556,6,Q96MY1_288_395
557,6,Q96MY7_399_452
558,6,Q96MY7_584_647
559,6,Q96MZ0_1_48
560,6,Q96MZ0_322_367
561,6,Q96MZ4_1_157
562,6,Q96N03_172_204
563,6,Q96N03_1_36
564,6,Q96N03_80_109
565,6,Q96N06_1_75
566,6,Q96N11_388_449
567,6,Q96N16_420_486
568,6,Q96N16_249_285
569,6,Q96N20_1_144
570,6,Q96N21_133_242
571,6,Q96N23_2661_2702
572,6,Q96N23_2759_2840
573,6,Q96N23_1_66
574,6,Q96N23_544_586
575,6,Q96N23_1226_1309
576,6,Q96N23_2332_2379
577,6,Q96N23_1367_1441
578,6,Q96N23_1503_1613
579,6,Q96N23_1046_1075
580,6,Q96N23_2218_2266
581,6,Q96N23_1818_1855
582,6,Q96N35_1_136
583,6,Q96N38_499_554
584,6,Q96N46_24_95
585,6,Q96N53_1_147
586,6,Q96N64_1_159
587,6,Q96N67_147_208
588,6,Q96N67_1375_1466
589,6,Q96N67_405_467
590,6,Q96N67_1_68
591,6,Q96N67_2107_2140
592,6,Q96N67_1132_1175
593,6,Q96N67_848_989
594,6,Q96N67_1253_1323
595,6,Q96N68_1_121
596,6,Q96N95_121_258
597,6,Q96N95_1_56
598,6,Q96N96_200_234
599,6,Q96N96_582_652
600,6,Q96N96_1_150
601,6,Q96NA2_308_401
602,6,Q96NA2_179_244
603,6,Q96NA8_1_125
604,6,Q96NA8_215_259
605,6,Q96NA8_365_471
606,6,Q96NB1_109_174
607,6,Q96NC0_1_64
608,6,Q96ND0_1_124
609,6,Q96NG3_140_192
610,6,Q96NG5_1_156
611,6,Q96NG8_442_517
612,6,Q96NH3_127_190
613,6,Q96NI6_376_432
614,6,Q96NJ1_1_140
615,6,Q96NJ3_559_590
616,6,Q96NJ6_1_137
617,6,Q96NK8_1_80
618,6,Q96NK8_182_337
619,6,Q96NL0_216_266
620,6,Q96NL0_358_473
621,6,Q96NL0_79_109
622,6,Q96NL1_256_305
623,6,Q96NL6_1_64
624,6,Q96NL6_390_449
625,6,Q96NL6_100_138
626,6,Q96NL8_1_102
627,6,Q96NN9_1_67
628,6,Q96NR2_1_134
629,6,Q96NR3_847_888
630,6,Q96NR3_453_483
631,6,Q96NS5_1_53
632,6,Q96NS8_1_147
633,6,Q96NT0_82_120
634,6,Q96NT1_128_182
635,6,Q96NT1_1_63
636,6,Q96NU0_1195_1288
637,6,Q96NU0_1_33
638,6,Q96NU1_605_681
639,6,Q96NW4_611_734
640,6,Q96NW4_352_448
641,6,Q96NW4_1_148
642,6,Q96NX9_550_599
643,6,Q96NX9_1_69
644,6,Q96NY8_388_510
645,6,Q96NZ8_283_312
646,6,Q96NZ8_151_187
647,6,Q96NZ8_1_44
648,6,Q96NZ9_1_151
649,6,Q96P09_84_120
650,6,Q96P16_126_167
651,6,Q96P20_676_734
652,6,Q96P20_87_139
653,6,Q96P20_438_561
654,6,Q96P47_254_374
655,6,Q96P47_842_875
656,6,Q96P47_422_574
657,6,Q96P47_1_35
658,6,Q96P48_1398_1450
659,6,Q96P48_1301_1339
660,6,Q96P50_362_408
661,6,Q96P50_514_671
662,6,Q96P50_794_834
663,6,Q96P56_371_502
664,6,Q96P56_1_90
665,6,Q96P63_63_92
666,6,Q96P64_313_389
667,6,Q96P65_346_431
668,6,Q96P66_248_398
669,6,Q96P66_467_508
670,6,Q96P69_315_363
671,6,Q96P70_930_993
672,6,Q96P71_169_291
673,6,Q96P71_1_47
674,6,Q96P88_140_292
675,6,Q96PB1_334_365
676,6,Q96PB7_1_85
677,6,Q96PC2_335_367
678,6,Q96PC2_83_180
679,6,Q96PC5_878_926
680,6,Q96PD2_1_69
681,6,Q96PD5_138_211
682,6,Q96PD5_1_78
683,6,Q96PD7_1_57
684,6,Q96PE1_559_657
685,6,Q96PE1_1_58
686,6,Q96PE1_947_1018
687,6,Q96PE2_1966_2063
688,6,Q96PE2_1316_1355
689,6,Q96PE3_475_629
690,6,Q96PE3_167_216
691,6,Q96PE3_1_44
692,6,Q96PE5_1_141
693,6,Q96PE6_55_174
694,6,Q96PE7_1_34
695,6,Q96PF2_274_358
696,6,Q96PG1_1_132
697,6,Q96PG2_1_48
698,6,Q96PG2_192_267
699,6,Q96PH1_520_567
700,6,Q96PH1_100_144
701,6,Q96PH1_198_227
702,6,Q96PH6_57_123
703,6,Q96PI1_1_79
704,6,Q96PJ5_391_515
705,6,Q96PL1_1_53
706,6,Q96PL2_271_329
707,6,Q96PL2_118_161
708,6,Q96PL5_1_43
709,6,Q96PL5_412_475
710,6,Q96PM9_1_61
711,6,Q96PM9_112_198
712,6,Q96PM9_235_386
713,6,Q96PN6_751_805
714,6,Q96PN6_976_1037
715,6,Q96PN6_875_922
716,6,Q96PN7_1131_1200
717,6,Q96PN7_936_1086
718,6,Q96PP4_1_53
719,6,Q96PP8_553_586
720,6,Q96PP9_603_640
721,6,Q96PQ0_1060_1159
722,6,Q96PQ0_1_141
723,6,Q96PQ1_462_595
724,6,Q96PQ5_170_205
725,6,Q96PQ5_1_119
726,6,Q96PQ6_1_66
727,6,Q96PQ6_100_227
728,6,Q96PR1_162_211
729,6,Q96PR1_484_638
730,6,Q96PR1_35_103
731,6,Q96PS1_1_132
732,6,Q96PS6_1_74
733,6,Q96PT3_1_56
734,6,Q96PT4_1_56
735,6,Q96PU4_72_122
736,6,Q96PU4_150_211
737,6,Q96PU4_392_428
738,6,Q96PU4_636_691
739,6,Q96PU8_201_341
740,6,Q96PU9_1_83
741,6,Q96PV0_1274_1343
742,6,Q96PV0_362_401
743,6,Q96PV4_337_448
744,6,Q96PV4_112_164
745,6,Q96PV6_764_800
746,6,Q96PX1_1_46
747,6,Q96PX6_1_40
748,6,Q96PX8_259_350
749,6,Q96PX8_576_696
750,6,Q96PX9_1114_1271
751,6,Q96PY5_473_627
752,6,Q96PY5_661_695
753,6,Q96PY5_1004_1086
754,6,Q96PY5_145_210
755,6,Q96PY5_1_31
756,6,Q96PY6_269_363
757,6,Q96PY6_403_505
758,6,Q96PZ0_1_108
759,6,Q96PZ2_1_82
760,6,Q96PZ2_264_300
761,6,Q96PZ7_1_43
762,6,Q96PZ7_3458_3564
763,6,Q96PZ7_3321_3354
764,6,Q96PZ7_2664_2698
765,6,Q96PZ7_1738_1801
766,6,Q96PZ7_304_358
767,6,Q96Q04_1_134
768,6,Q96Q05_260_318
769,6,Q96Q05_797_856
770,6,Q96Q07_556_612
771,6,Q96Q15_1860_1929
772,6,Q96Q15_3041_3074
773,6,Q96Q15_2420_2542
774,6,Q96Q15_1_151
775,6,Q96Q15_1145_1181
776,6,Q96Q15_1667_1713
777,6,Q96Q15_1755_1784
778,6,Q96Q15_3509_3609
779,6,Q96Q35_404_445
780,6,Q96Q35_1_119
781,6,Q96Q40_1_104
782,6,Q96Q42_1436_1473
783,6,Q96Q80_206_235
784,6,Q96Q83_1_59
785,6,Q96Q89_1_65
786,6,Q96Q89_217_266
787,6,Q96Q91_556_618
788,6,Q96Q91_169_221
789,6,Q96Q91_329_385
790,6,Q96Q91_928_983
791,6,Q96Q91_1_110
792,6,Q96QA5_62_95
793,6,Q96QA5_225_260
794,6,Q96QA5_166_195
795,6,Q96QD5_1_42
796,6,Q96QD5_123_259
797,6,Q96QD8_245_283
798,6,Q96QD8_1_73
799,6,Q96QE2_605_648
800,6,Q96QE2_1_76
801,6,Q96QE3_1089_1127
802,6,Q96QE3_1169_1304
803,6,Q96QE5_1_64
804,6,Q96QF0_261_302
805,6,Q96QI5_1_84
806,6,Q96QK8_1_99
807,6,Q96QR1_1_104
808,6,Q96QR8_1_35
809,6,Q96QR8_145_223
810,6,Q96QS1_227_320
811,6,Q96QS6_339_385
812,6,Q96QS6_1_44
813,6,Q96QT4_1820_1865
814,6,Q96QT4_780_846
815,6,Q96QT4_533_619
816,6,Q96QT4_1_85
817,6,Q96QT6_1_59
818,6,Q96QT6_885_1004
819,6,Q96QU1_1_52
820,6,Q96QU4_237_278
821,6,Q96QU6_1_66
822,6,Q96QU8_195_233
823,6,Q96QU8_279_315
824,6,Q96QV1_1_106
825,6,Q96QV1_174_214
826,6,Q96QZ7_1088_1154
827,6,Q96QZ7_920_1042
828,6,Q96QZ7_715_844
829,6,Q96QZ7_556_650
830,6,Q96R06_869_980
831,6,Q96R28_255_347
832,6,Q96R30_261_315
833,6,Q96R45_255_310
834,6,Q96R72_227_315
835,6,Q96RD3_263_313
836,6,Q96RD6_1_49
837,6,Q96RD6_169_208
838,6,Q96RD7_358_426
839,6,Q96RD7_156_199
840,6,Q96RD9_829_977
841,6,Q96RE7_467_527
842,6,Q96RF0_536_628
843,6,Q96RG2_1264_1323
844,6,Q96RI0_350_385
845,6,Q96RI0_1_56
846,6,Q96RI1_1_137
847,6,Q96RI1_208_263
848,6,Q96RJ3_111_184
849,6,Q96RJ3_1_80
850,6,Q96RJ6_1_92
851,6,Q96RK0_1521_1608
852,6,Q96RK1_1_130
853,6,Q96RK4_421_519
854,6,Q96RK4_1_36
855,6,Q96RL1_1_65
856,6,Q96RL1_587_719
857,6,Q96RL6_1_35
858,6,Q96RL7_1521_1557
859,6,Q96RL7_1665_1722
860,6,Q96RL7_1335_1397
861,6,Q96RL7_790_883
862,6,Q96RL7_1805_1834
863,6,Q96RL7_1007_1052
864,6,Q96RL7_407_485
865,6,Q96RL7_609_649
866,6,Q96RL7_112_150
867,6,Q96RN1_1_70
868,6,Q96RN1_584_725
869,6,Q96RN5_590_681
870,6,Q96RP3_1_72
871,6,Q96RP7_219_286
872,6,Q96RP7_1_62
873,6,Q96RP8_404_456
874,6,Q96RP8_168_206
875,6,Q96RP9_1_48
876,6,Q96RQ1_344_377
877,6,Q96RQ3_1_50
878,6,Q96RQ9_505_567
879,6,Q96RQ9_1_30
880,6,Q96RR1_1_152
881,6,Q96RR1_626_684
882,6,Q96RR4_467_588
883,6,Q96RR4_1_153
884,6,Q96RS6_254_283
885,6,Q96RS6_378_411
886,6,Q96RT6_243_285
887,6,Q96RT8_840_883
888,6,Q96RT8_115_246
889,6,Q96RT8_331_362
890,6,Q96RU2_696_768
891,6,Q96RU2_452_532
892,6,Q96RU2_1_156
893,6,Q96RU3_287_404
894,6,Q96RU3_482_550
895,6,Q96RU7_315_358
896,6,Q96RU7_1_67
897,6,Q96RU8_1_94
898,6,Q96RV3_1463_1552
899,6,Q96RW7_1819_1849
900,6,Q96RW7_1_49
901,6,Q96RW7_2760_2798
902,6,Q96RW7_5344_5433
903,6,Q96RY7_1416_1462
904,6,Q96RY7_1117_1176
905,6,Q96RY7_727_763
906,6,Q96RY7_612_699
907,6,Q96RY7_166_208
908,6,Q96S06_1_44
909,6,Q96S15_355_400
910,6,Q96S16_1_30
911,6,Q96S21_220_281
912,6,Q96S38_126_241
913,6,Q96S38_298_334
914,6,Q96S42_1_52
915,6,Q96S42_182_240
916,6,Q96S53_1_52
917,6,Q96S59_1_141
918,6,Q96S59_459_612
919,6,Q96S65_1_79
920,6,Q96S82_186_328
921,6,Q96S86_1_49
922,6,Q96S90_88_227
923,6,Q96S94_1_47
924,6,Q96S95_1_40
925,6,Q96S97_1_32
926,6,Q96S99_225_279
927,6,Q96SA4_293_379
928,6,Q96SA4_1_92
929,6,Q96SB3_607_665
930,6,Q96SB4_1_59
931,6,Q96SB8_1061_1091
932,6,Q96SB8_1_50
933,6,Q96SC8_1_61
934,6,Q96SE7_793_839
935,6,Q96SF2_519_557
936,6,Q96SF2_1_36
937,6,Q96SF7_1_108
938,6,Q96SI1_1_42
939,6,Q96SI9_573_672
940,6,Q96SI9_451_511
941,6,Q96SI9_330_391
942,6,Q96SI9_51_83
943,6,Q96SK3_331_374
944,6,Q96SK3_54_153
945,6,Q96SL1_1_48
946,6,Q96SL8_1_32
947,6,Q96SM3_1_118
948,6,Q96SN7_1_31
949,6,Q96SN8_223_281
950,6,Q96SN8_492_560
951,6,Q96SN8_1309_1450
952,6,Q96SN8_1_68
953,6,Q96ST2_700_819
954,6,Q96ST3_1087_1175
955,6,Q96ST3_519_554
956,6,Q96ST3_374_467
957,6,Q96ST3_195_311
958,6,Q96ST3_1_129
959,6,Q96ST3_829_875
960,6,Q96ST8_727_783
961,6,Q96ST8_328_368
962,6,Q96SW2_1_45
963,6,Q96SY0_272_310
964,6,Q96SZ4_389_468
965,6,Q96SZ5_1_46
966,6,Q96SZ6_1_95
967,6,Q99075_1_105
968,6,Q99081_643_682
969,6,Q99250_1865_2005
970,6,Q99250_279_319
971,6,Q99250_1_64
972,6,Q99259_1_94
973,6,Q99435_1_31
974,6,Q99439_169_309
975,6,Q99440_1_93
976,6,Q99442_97_173
977,6,Q99442_269_399
978,6,Q99447_154_193
979,6,Q99453_1_96
980,6,Q99453_168_314
981,6,Q99456_432_494
982,6,Q99456_1_129
983,6,Q99457_164_307
984,6,Q99457_1_97
985,6,Q99460_917_953
986,6,Q99460_261_327
987,6,Q99460_832_880
988,6,Q99463_1_32
989,6,Q99467_1_30
990,6,Q99469_1_115
991,6,Q99469_159_287
992,6,Q99490_1147_1192
993,6,Q99490_731_879
994,6,Q99490_574_683
995,6,Q99496_152_231
996,6,Q99608_289_321
997,6,Q99608_1_96
998,6,Q99613_877_913
999,6,Q99613_511_550
1000,6,Q99613_1_55
1001,6,Q99614_1_96
1002,6,Q99615_457_494
1003,6,Q99624_1_67
1004,6,Q99624_239_277
1005,6,Q99626_265_313
1006,6,Q99627_164_209
1007,6,Q99633_1_81
1008,6,Q99633_129_165
1009,6,Q99638_266_391
1010,6,Q99640_399_499
1011,6,Q99640_1_71
1012,6,Q99645_1_116
1013,6,Q99650_1_33
1014,6,Q99661_584_634
1015,6,Q99661_62_197
1016,6,Q99674_1_34
1017,6,Q99675_229_276
1018,6,Q99676_74_229
1019,6,Q99676_1_36
1020,6,Q99677_315_370
1021,6,Q99677_1_32
1022,6,Q99678_309_358
1023,6,Q99678_1_36
1024,6,Q99679_320_349
1025,6,Q99680_1_38
1026,6,Q99680_177_285
1027,6,Q99680_388_433
1028,6,Q99683_1_101
1029,6,Q99683_217_256
1030,6,Q99683_647_677
1031,6,Q99683_936_1053
1032,6,Q99683_1164_1249
1033,6,Q99683_1277_1317
1034,6,Q99687_168_266
1035,6,Q99687_326_375
1036,6,Q99687_1_48
1037,6,Q99689_290_340
1038,6,Q99697_1_81
1039,6,Q99698_996_1112
1040,6,Q99698_1164_1271
1041,6,Q99698_1393_1534
1042,6,Q99698_3420_3462
1043,6,Q99698_2559_2717
1044,6,Q99698_826_947
1045,6,Q99698_636_692
1046,6,Q99700_351_394
1047,6,Q99705_1_110
1048,6,Q99706_227_377
1049,6,Q99712_1_30
1050,6,Q99715_2283_2316
1051,6,Q99715_1169_1201
1052,6,Q99715_104_139
1053,6,Q99715_1_32
1054,6,Q99717_145_260
1055,6,Q99719_61_95
1056,6,Q99719_316_369
1057,6,Q99726_1_71
1058,6,Q99726_194_238
1059,6,Q99728_539_571
1060,6,Q99728_1_37
1061,6,Q99729_1_65
1062,6,Q99729_227_332
1063,6,Q99732_1_79
1064,6,Q99733_343_375
1065,6,Q99733_1_42
1066,6,Q99733_126_155
1067,6,Q99741_404_443
1068,6,Q99742_1_41
1069,6,Q99742_200_253
1070,6,Q99743_362_503
1071,6,Q99743_192_231
1072,6,Q99747_277_312
1073,6,Q99748_26_96
1074,6,Q99755_1_73
1075,6,Q99757_1_49
1076,6,Q99758_831_901
1077,6,Q99758_487_526
1078,6,Q99759_1_48
1079,6,Q99766_1_40
1080,6,Q99767_468_561
1081,6,Q99788_319_373
1082,6,Q99788_1_33
1083,6,Q99795_261_319
1084,6,Q99797_1_51
1085,6,Q99798_1_32
1086,6,Q99801_191_234
1087,6,Q99801_1_121
1088,6,Q99805_1_46
1089,6,Q99807_1_42
1090,6,Q99808_241_283
1091,6,Q99811_1_103
1092,6,Q99811_176_253
1093,6,Q99816_146_227
1094,6,Q99819_1_47
1095,6,Q99835_1_60
1096,6,Q99848_206_306
1097,6,Q99865_1_48
1098,6,Q99871_193_256
1099,6,Q99871_1_33
1100,6,Q99873_1_56
1101,6,Q99884_1_39
1102,6,Q99884_586_636
1103,6,Q99909_78_188
1104,6,Q99928_340_441
1105,6,Q99928_1_49
1106,6,Q99929_1_42
1107,6,Q99929_124_193
1108,6,Q99932_435_485
1109,6,Q99941_665_703
1110,6,Q99942_88_180
1111,6,Q99944_245_293
1112,6,Q99944_1_38
1113,6,Q99952_301_460
1114,6,Q99954_1_134
1115,6,Q99956_77_106
1116,6,Q99956_136_205
1117,6,Q99956_352_384
1118,6,Q99958_1_66
1119,6,Q99959_628_667
1120,6,Q99959_455_507
1121,6,Q99961_257_310
1122,6,Q99962_255_296
1123,6,Q99963_255_291
1124,6,Q99965_1_32
1125,6,Q99965_138_182
1126,6,Q99965_656_735
1127,6,Q99966_1_152
1128,6,Q99972_1_72
1129,6,Q99972_178_249
1130,6,Q99973_1942_1986
1131,6,Q99973_1593_1682
1132,6,Q99973_367_448
1133,6,Q99973_1102_1136
1134,6,Q99983_373_421
1135,6,Q99983_1_63
1136,6,Q99985_663_751
1137,6,Q99986_340_396
1138,6,Q99996_463_494
1139,6,Q99996_780_825
1140,6,Q99996_895_945
1141,6,Q99996_999_1096
1142,6,Q99996_2559_2605
1143,6,Q99996_1368_1431
1144,6,Q99996_1460_1580
1145,6,Q99996_3445_3591
1146,6,Q99996_2160_2192
1147,6,Q99996_3097_3139
1148,6,Q99996_2873_3020
1149,6,Q99996_2740_2822
1150,6,Q99996_2643_2701
1151,6,Q99996_3619_3650
1152,6,Q99996_2432_2498
1153,6,Q99999_1_67
1154,6,Q9BPU6_498_564
1155,6,Q9BPV8_1_39
1156,6,Q9BPW5_210_248
1157,6,Q9BPW5_1_34
1158,6,Q9BPW8_1_64
1159,6,Q9BPX3_656_692
1160,6,Q9BPX3_896_1015
1161,6,Q9BPX6_1_108
1162,6,Q9BPX7_196_228
1163,6,Q9BPY3_322_351
1164,6,Q9BPZ2_1_48
1165,6,Q9BPZ3_77_127
1166,6,Q9BQ15_119_211
1167,6,Q9BQ16_377_436
1168,6,Q9BQ16_1_145
1169,6,Q9BQ16_217_253
1170,6,Q9BQ31_416_491
1171,6,Q9BQ39_655_737
1172,6,Q9BQ39_1_134
1173,6,Q9BQ48_1_36
1174,6,Q9BQ49_1_75
1175,6,Q9BQ52_793_826
1176,6,Q9BQ52_183_241
1177,6,Q9BQ52_1_53
1178,6,Q9BQ65_1_59
1179,6,Q9BQ67_1_41
1180,6,Q9BQ69_1_90
1181,6,Q9BQ70_593_676
1182,6,Q9BQ75_1_82
1183,6,Q9BQ83_156_187
1184,6,Q9BQ87_108_167
1185,6,Q9BQ95_390_431
1186,6,Q9BQ95_1_83
1187,6,Q9BQA5_391_517
1188,6,Q9BQB4_177_213
1189,6,Q9BQB4_1_71
1190,6,Q9BQC3_416_489
1191,6,Q9BQD1_1_86
1192,6,Q9BQD3_102_176
1193,6,Q9BQD7_200_235
1194,6,Q9BQE9_53_202
1195,6,Q9BQF6_875_931
1196,6,Q9BQF6_667_745
1197,6,Q9BQG0_694_792
1198,6,Q9BQG0_1_37
1199,6,Q9BQG0_933_972
1200,6,Q9BQI3_461_499
1201,6,Q9BQI3_232_383
1202,6,Q9BQI3_128_163
1203,6,Q9BQI3_1_70
1204,6,Q9BQI4_1_79
1205,6,Q9BQI4_155_184
1206,6,Q9BQI6_976_1014
1207,6,Q9BQI6_706_806
1208,6,Q9BQI7_466_513
1209,6,Q9BQI7_729_771
1210,6,Q9BQK8_516_589
1211,6,Q9BQL6_489_518
1212,6,Q9BQL6_139_221
1213,6,Q9BQL6_328_374
1214,6,Q9BQM9_1_153
1215,6,Q9BQN1_83_128
1216,6,Q9BQP7_1_104
1217,6,Q9BQP9_1_98
1218,6,Q9BQQ7_157_232
1219,6,Q9BQR3_1_31
1220,6,Q9BQS2_1_137
1221,6,Q9BQS6_1_42
1222,6,Q9BQS6_130_159
1223,6,Q9BQS7_1065_1158
1224,6,Q9BQS8_1219_1341
1225,6,Q9BQS8_545_621
1226,6,Q9BQS8_964_1020
1227,6,Q9BQT9_798_956
1228,6,Q9BQT9_674_706
1229,6,Q9BQT9_485_524
1230,6,Q9BQT9_348_379
1231,6,Q9BQW3_1_39
1232,6,Q9BQY4_1_138
1233,6,Q9BQY4_203_288
1234,6,Q9BR09_119_159
1235,6,Q9BR11_416_485
1236,6,Q9BR11_1_55
1237,6,Q9BR11_285_327
1238,6,Q9BR26_458_566
1239,6,Q9BR39_150_286
1240,6,Q9BR46_1_151
1241,6,Q9BR61_1_43
1242,6,Q9BR61_125_158
1243,6,Q9BR76_399_455
1244,6,Q9BR77_1_51
1245,6,Q9BR77_154_213
1246,6,Q9BRA0_1_33
1247,6,Q9BRB3_73_201
1248,6,Q9BRC7_436_490
1249,6,Q9BRH9_61_208
1250,6,Q9BRI3_1_69
1251,6,Q9BRJ2_1_48
1252,6,Q9BRJ6_1_74
1253,6,Q9BRJ9_1_82
1254,6,Q9BRJ9_155_268
1255,6,Q9BRK0_61_95
1256,6,Q9BRK0_145_252
1257,6,Q9BRK3_1_37
1258,6,Q9BRK3_295_442
1259,6,Q9BRK4_532_566
1260,6,Q9BRK5_1_61
1261,6,Q9BRL7_144_186
1262,6,Q9BRN9_1_65
1263,6,Q9BRP0_1_121
1264,6,Q9BRP1_215_249
1265,6,Q9BRP1_100_187
1266,6,Q9BRP7_278_351
1267,6,Q9BRP8_59_147
1268,6,Q9BRP9_1_147
1269,6,Q9BRQ5_1_34
1270,6,Q9BRQ5_175_244
1271,6,Q9BRQ6_1_85
1272,6,Q9BRR0_1_49
1273,6,Q9BRR0_440_538
1274,6,Q9BRR6_1_47
1275,6,Q9BRR8_558_594
1276,6,Q9BRR8_462_508
1277,6,Q9BRR9_437_517
1278,6,Q9BRR9_1_31
1279,6,Q9BRS2_439_568
1280,6,Q9BRS2_1_159
1281,6,Q9BRS8_1_88
1282,6,Q9BRT6_36_83
1283,6,Q9BRT8_1_44
1284,6,Q9BRT8_72_124
1285,6,Q9BRU2_1_42
1286,6,Q9BRU9_191_249
1287,6,Q9BRY0_108_171
1288,6,Q9BRZ2_357_493
1289,6,Q9BT04_338_369
1290,6,Q9BT09_209_278
1291,6,Q9BT09_1_36
1292,6,Q9BT23_1_31
1293,6,Q9BT25_1_142
1294,6,Q9BT25_340_410
1295,6,Q9BT43_112_218
1296,6,Q9BT49_85_223
1297,6,Q9BT56_1_116
1298,6,Q9BT67_1_116
1299,6,Q9BT76_1_94
1300,6,Q9BT76_195_320
1301,6,Q9BT81_1_39
1302,6,Q9BT88_1_158
1303,6,Q9BTA9_1_136
1304,6,Q9BTC0_2208_2240
1305,6,Q9BTC8_345_381
1306,6,Q9BTC8_529_594
1307,6,Q9BTC8_416_471
1308,6,Q9BTD1_1_123
1309,6,Q9BTD3_256_319
1310,6,Q9BTE3_148_232
1311,6,Q9BTE7_1_44
1312,6,Q9BTF0_414_477
1313,6,Q9BTF0_115_208
1314,6,Q9BTK2_1_45
1315,6,Q9BTK6_1_96
1316,6,Q9BTK6_138_191
1317,6,Q9BTL3_46_118
1318,6,Q9BTN0_386_440
1319,6,Q9BTN0_516_628
1320,6,Q9BTP6_1_135
1321,6,Q9BTT0_160_268
1322,6,Q9BTT6_417_524
1323,6,Q9BTU6_1_79
1324,6,Q9BTV5_294_337
1325,6,Q9BTV6_342_433
1326,6,Q9BTW9_1_33
1327,6,Q9BTW9_320_353
1328,6,Q9BTX1_385_532
1329,6,Q9BTX3_144_173
1330,6,Q9BTX7_302_342
1331,6,Q9BU19_461_519
1332,6,Q9BU23_654_707
1333,6,Q9BU40_317_348
1334,6,Q9BU40_1_45
1335,6,Q9BU61_1_48
1336,6,Q9BU68_1_103
1337,6,Q9BU79_1_42
1338,6,Q9BUA3_1_73
1339,6,Q9BUB4_151_257
1340,6,Q9BUB5_1_47
1341,6,Q9BUB5_162_277
1342,6,Q9BUB5_412_465
1343,6,Q9BUB7_1_91
1344,6,Q9BUD6_1_33
1345,6,Q9BUF7_1_54
1346,6,Q9BUG6_1_48
1347,6,Q9BUH6_149_204
1348,6,Q9BUI4_193_230
1349,6,Q9BUJ0_1_50
1350,6,Q9BUK6_89_162
1351,6,Q9BUL9_159_199
1352,6,Q9BUN1_260_341
1353,6,Q9BUN5_1_79
1354,6,Q9BUN8_199_251
1355,6,Q9BUP0_1_60
1356,6,Q9BUQ8_1_153
1357,6,Q9BUQ8_209_252
1358,6,Q9BUR4_1_151
1359,6,Q9BUR4_501_548
1360,6,Q9BUR5_1_52
1361,6,Q9BUT9_1_88
1362,6,Q9BUV0_197_290
1363,6,Q9BUV8_1_137
1364,6,Q9BUX1_1_30
1365,6,Q9BV19_1_38
1366,6,Q9BV29_152_185
1367,6,Q9BV29_1_69
1368,6,Q9BV35_147_187
1369,6,Q9BV35_1_66
1370,6,Q9BV36_500_600
1371,6,Q9BV38_338_388
1372,6,Q9BV44_137_227
1373,6,Q9BV44_1_39
1374,6,Q9BV47_1_46
1375,6,Q9BV68_271_311
1376,6,Q9BV79_1_42
1377,6,Q9BV87_255_410
1378,6,Q9BV87_1_34
1379,6,Q9BV94_501_578
1380,6,Q9BVA6_1_99
1381,6,Q9BVC5_85_232
1382,6,Q9BVG4_167_233
1383,6,Q9BVG8_765_833
1384,6,Q9BVG8_237_290
1385,6,Q9BVG8_1_109
1386,6,Q9BVG9_1_56
1387,6,Q9BVG9_447_487
1388,6,Q9BVH7_1_77
1389,6,Q9BVI0_969_1012
1390,6,Q9BVJ6_1_89
1391,6,Q9BVJ6_735_771
1392,6,Q9BVP2_461_549
1393,6,Q9BVP2_86_131
1394,6,Q9BVP2_205_236
1395,6,Q9BVQ7_100_212
1396,6,Q9BVQ7_579_630
1397,6,Q9BVR0_264_367
1398,6,Q9BVR0_65_122
1399,6,Q9BVR0_546_589
1400,6,Q9BVR0_1_33
1401,6,Q9BVR0_652_691
1402,6,Q9BVR0_881_920
1403,6,Q9BVR0_821_851
1404,6,Q9BVS5_1_152
1405,6,Q9BVS5_405_448
1406,6,Q9BVT8_1_103
1407,6,Q9BVT8_171_246
1408,6,Q9BVV2_1_32
1409,6,Q9BVV7_1_105
1410,6,Q9BVV8_1_132
1411,6,Q9BVW5_1_64
1412,6,Q9BVW5_146_301
1413,6,Q9BVW6_1_85
1414,6,Q9BVX2_1_74
1415,6,Q9BW11_151_206
1416,6,Q9BW11_1_53
1417,6,Q9BW19_1_149
1418,6,Q9BW27_1_62
1419,6,Q9BW61_1_102
1420,6,Q9BW62_76_191
1421,6,Q9BW71_502_556
1422,6,Q9BW72_1_106
1423,6,Q9BW85_200_323
1424,6,Q9BW91_1_63
1425,6,Q9BW92_1_33
1426,6,Q9BWC9_1_50
1427,6,Q9BWC9_103_173
1428,6,Q9BWE0_306_384
1429,6,Q9BWG6_78_185
1430,6,Q9BWH2_1_87
1431,6,Q9BWH6_491_530
1432,6,Q9BWH6_732_765
1433,6,Q9BWJ2_1_59
1434,6,Q9BWK5_80_157
1435,6,Q9BWK5_1_42
1436,6,Q9BWL3_194_253
1437,6,Q9BWN1_524_585
1438,6,Q9BWP8_1_103
1439,6,Q9BWQ6_284_316
1440,6,Q9BWQ6_1_69
1441,6,Q9BWQ8_1_96
1442,6,Q9BWS9_1_36
1443,6,Q9BWT7_871_912
1444,6,Q9BWT7_251_298
1445,6,Q9BWT7_770_837
1446,6,Q9BWU0_1_154
1447,6,Q9BWU0_299_363
1448,6,Q9BWU1_359_502
1449,6,Q9BWV1_1_43
1450,6,Q9BWV1_404_480
1451,6,Q9BWV1_566_618
1452,6,Q9BWV3_1_87
1453,6,Q9BWV3_472_514
1454,6,Q9BWV7_1_87
1455,6,Q9BWV7_416_552
1456,6,Q9BWX1_1_32
1457,6,Q9BWX1_300_381
1458,6,Q9BWX5_295_397
1459,6,Q9BX10_1_66
1460,6,Q9BX46_94_236
1461,6,Q9BX59_424_468
1462,6,Q9BX59_1_71
1463,6,Q9BX66_759_796
1464,6,Q9BX67_270_310
1465,6,Q9BX68_1_44
1466,6,Q9BX69_339_374
1467,6,Q9BX70_1_95
1468,6,Q9BX73_1_63
1469,6,Q9BX74_1_44
1470,6,Q9BX79_587_636
1471,6,Q9BX79_240_280
1472,6,Q9BX79_1_48
1473,6,Q9BX82_61_214
1474,6,Q9BX84_1975_2022
1475,6,Q9BX84_536_608
1476,6,Q9BX84_1109_1140
1477,6,Q9BX84_763_832
1478,6,Q9BX84_1_88
1479,6,Q9BX93_1_105
1480,6,Q9BX95_29_120
1481,6,Q9BX97_1_39
1482,6,Q9BX97_386_442
1483,6,Q9BXA7_275_367
1484,6,Q9BXA9_1159_1300
1485,6,Q9BXA9_1024_1116
1486,6,Q9BXB1_812_951
1487,6,Q9BXB1_1_34
1488,6,Q9BXB1_468_527
1489,6,Q9BXB4_465_501
1490,6,Q9BXB4_272_355
1491,6,Q9BXB4_158_222
1492,6,Q9BXB4_1_64
1493,6,Q9BXB5_1_83
1494,6,Q9BXB5_172_243
1495,6,Q9BXB5_294_391
1496,6,Q9BXC0_289_346
1497,6,Q9BXC1_304_333
1498,6,Q9BXE9_143_177
1499,6,Q9BXF3_164_248
1500,6,Q9BXF3_287_331
1501,6,Q9BXF3_365_438
1502,6,Q9BXF9_1_98
1503,6,Q9BXG8_344_430
1504,6,Q9BXI3_1_35
1505,6,Q9BXI6_396_508
1506,6,Q9BXI6_1_65
1507,6,Q9BXI9_1_108
1508,6,Q9BXJ0_1_85
1509,6,Q9BXJ1_1_114
1510,6,Q9BXJ2_1_124
1511,6,Q9BXJ4_1_94
1512,6,Q9BXJ5_1_134
1513,6,Q9BXJ7_362_453
1514,6,Q9BXJ9_580_641
1515,6,Q9BXK1_1_128
1516,6,Q9BXK1_209_252
1517,6,Q9BXL6_757_816
1518,6,Q9BXL7_842_965
1519,6,Q9BXM7_173_217
1520,6,Q9BXM7_1_104
1521,6,Q9BXM9_1_32
1522,6,Q9BXM9_322_368
1523,6,Q9BXN1_1_73
1524,6,Q9BXN2_70_115
1525,6,Q9BXN2_1_41
1526,6,Q9BXN6_1_97
1527,6,Q9BXP2_1_41
1528,6,Q9BXP2_791_870
1529,6,Q9BXP5_1_154
1530,6,Q9BXP5_760_876
1531,6,Q9BXP5_270_416
1532,6,Q9BXP8_431_484
1533,6,Q9BXP8_1350_1409
1534,6,Q9BXP8_1218_1272
1535,6,Q9BXQ6_514_578
1536,6,Q9BXQ6_247_314
1537,6,Q9BXR3_849_956
1538,6,Q9BXR5_1_31
1539,6,Q9BXR5_603_634
1540,6,Q9BXR5_765_811
1541,6,Q9BXR6_1_32
1542,6,Q9BXS4_169_323
1543,6,Q9BXS4_1_48
1544,6,Q9BXS6_48_182
1545,6,Q9BXS6_215_353
1546,6,Q9BXS9_1_42
1547,6,Q9BXS9_592_665
1548,6,Q9BXT2_103_136
1549,6,Q9BXT4_1111_1180
1550,6,Q9BXT4_888_936
1551,6,Q9BXT4_671_707
1552,6,Q9BXT4_443_490
1553,6,Q9BXT5_1920_1992
1554,6,Q9BXT6_1_123
1555,6,Q9BXT6_457_492
1556,6,Q9BXT6_667_742
1557,6,Q9BXT6_1177_1211
1558,6,Q9BXT6_312_411
1559,6,Q9BXT8_856_922
1560,6,Q9BXT8_1351_1465
1561,6,Q9BXT8_1_155
1562,6,Q9BXT8_266_423
1563,6,Q9BXT8_511_554
1564,6,Q9BXT8_637_666
1565,6,Q9BXT8_1098_1177
1566,6,Q9BXU0_1_45
1567,6,Q9BXU1_1_37
1568,6,Q9BXU1_205_307
1569,6,Q9BXU1_965_1019
1570,6,Q9BXU2_154_312
1571,6,Q9BXU7_401_433
1572,6,Q9BXV9_57_100
1573,6,Q9BXW3_1_62
1574,6,Q9BXW6_792_823
1575,6,Q9BXW7_1_45
1576,6,Q9BXW9_303_345
1577,6,Q9BXW9_1384_1451
1578,6,Q9BXW9_1_51
1579,6,Q9BXX0_774_912
1580,6,Q9BXX2_1036_1090
1581,6,Q9BXX2_1_48
1582,6,Q9BXX3_1205_1247
1583,6,Q9BXX3_1_45
1584,6,Q9BXY0_182_300
1585,6,Q9BXY4_1_37
1586,6,Q9BXY4_206_272
1587,6,Q9BXY5_239_287
1588,6,Q9BXY8_1_128
1589,6,Q9BZ11_713_813
1590,6,Q9BZ11_1_56
1591,6,Q9BZ11_163_212
1592,6,Q9BZ19_1_95
1593,6,Q9BZ19_315_345
1594,6,Q9BZ29_426_456
1595,6,Q9BZ29_279_347
1596,6,Q9BZ29_147_192
1597,6,Q9BZ29_1176_1300
1598,6,Q9BZ29_1648_1692
1599,6,Q9BZ29_1352_1390
1600,6,Q9BZ29_1_53
1601,6,Q9BZ67_373_464
1602,6,Q9BZ67_1_31
1603,6,Q9BZ68_197_234
1604,6,Q9BZ68_1_31
1605,6,Q9BZ71_892_974
1606,6,Q9BZ71_275_392
1607,6,Q9BZ71_481_545
1608,6,Q9BZ71_589_625
1609,6,Q9BZ71_1_133
1610,6,Q9BZ72_1261_1349
1611,6,Q9BZ72_953_991
1612,6,Q9BZ72_569_719
1613,6,Q9BZ72_789_923
1614,6,Q9BZ76_1195_1288
1615,6,Q9BZ76_1_34
1616,6,Q9BZ81_1_37
1617,6,Q9BZ95_845_931
1618,6,Q9BZ95_1278_1323
1619,6,Q9BZ98_1_90
1620,6,Q9BZA0_37_68
1621,6,Q9BZA5_1_89
1622,6,Q9BZA7_1_69
1623,6,Q9BZA8_1_71
1624,6,Q9BZC1_1_55
1625,6,Q9BZC7_1543_1652
1626,6,Q9BZC7_926_988
1627,6,Q9BZC7_497_560
1628,6,Q9BZC7_1317_1431
1629,6,Q9BZC7_2354_2435
1630,6,Q9BZC7_1215_1256
1631,6,Q9BZD2_1_48
1632,6,Q9BZD2_258_297
1633,6,Q9BZD6_141_226
1634,6,Q9BZD6_1_46
1635,6,Q9BZD7_112_231
1636,6,Q9BZE1_1_35
1637,6,Q9BZE2_433_481
1638,6,Q9BZE3_263_327
1639,6,Q9BZE4_519_583
1640,6,Q9BZE9_494_553
1641,6,Q9BZE9_166_319
1642,6,Q9BZF1_1_139
1643,6,Q9BZF1_770_889
1644,6,Q9BZF1_261_386
1645,6,Q9BZF2_1_48
1646,6,Q9BZF3_419_570
1647,6,Q9BZF3_1_81
1648,6,Q9BZF9_367_447
1649,6,Q9BZF9_252_311
1650,6,Q9BZF9_1328_1416
1651,6,Q9BZF9_1094_1129
1652,6,Q9BZF9_583_636
1653,6,Q9BZF9_1_39
1654,6,Q9BZG1_230_259
1655,6,Q9BZG2_389_426
1656,6,Q9BZG8_1_38
1657,6,Q9BZG8_397_443
1658,6,Q9BZH6_197_243
1659,6,Q9BZH6_628_674
1660,6,Q9BZI1_1_115
1661,6,Q9BZI7_209_350
1662,6,Q9BZI7_397_483
1663,6,Q9BZI7_1_50
1664,6,Q9BZJ0_819_848
1665,6,Q9BZJ3_1_41
1666,6,Q9BZJ4_1_110
1667,6,Q9BZJ4_280_314
1668,6,Q9BZJ6_1_78
1669,6,Q9BZJ6_277_309
1670,6,Q9BZJ6_385_419
1671,6,Q9BZJ7_304_368
1672,6,Q9BZJ7_207_239
1673,6,Q9BZJ8_238_289
1674,6,Q9BZJ8_352_451
1675,6,Q9BZJ8_1_36
1676,6,Q9BZK3_141_174
1677,6,Q9BZK3_1_67
1678,6,Q9BZK7_110_156
1679,6,Q9BZK8_1_76
1680,6,Q9BZL6_1_51
1681,6,Q9BZL6_138_270
1682,6,Q9BZL6_307_403
1683,6,Q9BZL6_492_549
1684,6,Q9BZL6_840_878
1685,6,Q9BZM3_264_304
1686,6,Q9BZM4_209_244
1687,6,Q9BZM5_202_246
1688,6,Q9BZM6_207_244
1689,6,Q9BZM6_1_31
1690,6,Q9BZP3_1_86
1691,6,Q9BZP6_401_431
1692,6,Q9BZQ2_592_630
1693,6,Q9BZQ2_1_107
1694,6,Q9BZQ4_110_191
1695,6,Q9BZQ6_793_932
1696,6,Q9BZQ6_1_42
1697,6,Q9BZQ6_506_583
1698,6,Q9BZS1_258_335
1699,6,Q9BZS9_1_49
1700,6,Q9BZV1_1_126
1701,6,Q9BZV2_195_263
1702,6,Q9BZV3_1129_1241
1703,6,Q9BZV3_169_246
1704,6,Q9BZV3_1_95
1705,6,Q9BZW2_164_232
1706,6,Q9BZW7_628_698
1707,6,Q9BZW7_326_377
1708,6,Q9BZW8_258_370
1709,6,Q9BZX2_229_261
1710,6,Q9BZY9_322_425
1711,6,Q9BZZ2_632_673
1712,6,Q9BZZ5_441_524
1713,6,Q9C000_978_1085
1714,6,Q9C000_761_800
1715,6,Q9C000_634_665
1716,6,Q9C000_1347_1385
1717,6,Q9C004_1_159
1718,6,Q9C005_1_38
1719,6,Q9C009_1_117
1720,6,Q9C010_1_78
1721,6,Q9C019_1_85
1722,6,Q9C026_35_130
1723,6,Q9C029_100_133
1724,6,Q9C037_332_364
1725,6,Q9C040_82_122
1726,6,Q9C040_420_473
1727,6,Q9C056_215_277
1728,6,Q9C056_1_144
1729,6,Q9C075_1_75
1730,6,Q9C075_375_422
1731,6,Q9C091_1_117
1732,6,Q9C091_1401_1460
1733,6,Q9C093_1653_1754
1734,6,Q9C093_1792_1822
1735,6,Q9C093_1276_1341
1736,6,Q9C093_532_565
1737,6,Q9C093_599_687
1738,6,Q9C093_745_833
1739,6,Q9C093_888_1016
1740,6,Q9C093_1185_1244
1741,6,Q9C098_618_648
1742,6,Q9C099_1_32
1743,6,Q9C0A0_1_34
1744,6,Q9C0A0_1195_1308
1745,6,Q9C0A1_785_825
1746,6,Q9C0A6_237_275
1747,6,Q9C0B0_1_30
1748,6,Q9C0B2_1477_1584
1749,6,Q9C0B2_1117_1184
1750,6,Q9C0B2_646_753
1751,6,Q9C0B2_1_78
1752,6,Q9C0B6_1_68
1753,6,Q9C0B6_158_195
1754,6,Q9C0B7_759_840
1755,6,Q9C0B7_1_31
1756,6,Q9C0B7_276_353
1757,6,Q9C0B9_1_94
1758,6,Q9C0B9_289_358
1759,6,Q9C0B9_201_255
1760,6,Q9C0C4_691_833
1761,6,Q9C0C9_1_122
1762,6,Q9C0C9_1152_1248
1763,6,Q9C0D2_165_216
1764,6,Q9C0D2_542_578
1765,6,Q9C0D4_1_142
1766,6,Q9C0D5_430_496
1767,6,Q9C0D7_197_242
1768,6,Q9C0E2_925_956
1769,6,Q9C0E4_1_51
1770,6,Q9C0E4_1013_1043
1771,6,Q9C0E8_318_428
1772,6,Q9C0E8_144_251
1773,6,Q9C0F1_297_390
1774,6,Q9C0F1_124_234
1775,6,Q9C0F3_1_141
1776,6,Q9C0G6_475_517
1777,6,Q9C0G6_380_430
1778,6,Q9C0G6_2741_2776
1779,6,Q9C0G6_3457_3488
1780,6,Q9C0H2_409_523
1781,6,Q9C0H5_1_39
1782,6,Q9C0I1_541_610
1783,6,Q9C0I1_1_51
1784,6,Q9C0I1_668_747
1785,6,Q9C0I9_379_433
1786,6,Q9C0I9_170_326
1787,6,Q9C0I9_481_530
1788,6,Q9C0I9_1_55
1789,6,Q9C0J1_1_76
1790,6,Q9C0J8_1_45
1791,6,Q9C0J9_1_41
1792,6,Q9C0K1_219_303
1793,6,Q9C0K1_1_78
1794,6,Q9C0K7_1_54
1795,6,Q9C0K7_281_339
1796,6,Q9C0K7_381_418
1797,6,Q9GIP4_1_53
1798,6,Q9GZK3_318_357
1799,6,Q9GZL8_1_116
1800,6,Q9GZM5_301_350
1801,6,Q9GZM5_1_100
1802,6,Q9GZM7_1_51
1803,6,Q9GZM8_184_245
1804,6,Q9GZM8_281_345
1805,6,Q9GZN0_231_284
1806,6,Q9GZN0_349_384
1807,6,Q9GZN2_93_237
1808,6,Q9GZN4_1_43
1809,6,Q9GZN6_1_101
1810,6,Q9GZN6_685_736
1811,6,Q9GZN8_1_33
1812,6,Q9GZP0_168_265
1813,6,Q9GZP0_1_51
1814,6,Q9GZP1_1_56
1815,6,Q9GZP1_142_204
1816,6,Q9GZP7_1_44
1817,6,Q9GZP8_1_106
1818,6,Q9GZP9_208_239
1819,6,Q9GZQ4_349_415
1820,6,Q9GZQ6_343_430
1821,6,Q9GZQ6_1_30
1822,6,Q9GZR1_516_550
1823,6,Q9GZR1_591_651
1824,6,Q9GZR5_264_314
1825,6,Q9GZR7_499_544
1826,6,Q9GZR7_259_391
1827,6,Q9GZR7_800_859
1828,6,Q9GZS0_1_79
1829,6,Q9GZS0_562_605
1830,6,Q9GZS9_1_44
1831,6,Q9GZT5_175_213
1832,6,Q9GZT5_1_52
1833,6,Q9GZT5_304_333
1834,6,Q9GZT6_1_58
1835,6,Q9GZT9_56_190
1836,6,Q9GZU1_538_580
1837,6,Q9GZU1_1_43
1838,6,Q9GZU2_1_52
1839,6,Q9GZU3_1_72
1840,6,Q9GZU3_200_267
1841,6,Q9GZU5_389_481
1842,6,Q9GZU7_1_75
1843,6,Q9GZU8_1_39
1844,6,Q9GZU8_123_254
1845,6,Q9GZV1_1_102
1846,6,Q9GZV1_329_360
1847,6,Q9GZV3_512_580
1848,6,Q9GZV5_53_123
1849,6,Q9GZV5_157_228
1850,6,Q9GZV5_258_400
1851,6,Q9GZV7_1_35
1852,6,Q9GZV8_372_439
1853,6,Q9GZV9_185_251
1854,6,Q9GZW5_1_51
1855,6,Q9GZW8_211_240
1856,6,Q9GZW8_1_41
1857,6,Q9GZX5_424_532
1858,6,Q9GZX6_1_31
1859,6,Q9GZX9_124_166
1860,6,Q9GZY0_1_127
1861,6,Q9GZY1_1_135
1862,6,Q9GZZ0_295_328
1863,6,Q9GZZ6_336_394
1864,6,Q9GZZ7_253_299
1865,6,Q9GZZ7_127_201
1866,6,Q9GZZ8_1_138
1867,6,Q9GZZ9_341_404
1868,6,Q9H000_360_416
1869,6,Q9H009_1_69
1870,6,Q9H009_142_174
1871,6,Q9H013_162_211
1872,6,Q9H013_1_53
1873,6,Q9H015_517_551
1874,6,Q9H063_57_87
1875,6,Q9H063_207_256
1876,6,Q9H074_1_151
1877,6,Q9H074_422_479
1878,6,Q9H078_202_253
1879,6,Q9H078_1_139
1880,6,Q9H078_651_707
1881,6,Q9H079_1_139
1882,6,Q9H082_1_32
1883,6,Q9H089_239_363
1884,6,Q9H089_566_658
1885,6,Q9H089_1_95
1886,6,Q9H091_698_742
1887,6,Q9H091_555_589
1888,6,Q9H091_401_442
1889,6,Q9H093_1_47
1890,6,Q9H094_1_130
1891,6,Q9H095_399_443
1892,6,Q9H0A0_421_461
1893,6,Q9H0A0_931_1025
1894,6,Q9H0A0_652_691
1895,6,Q9H0A3_1_160
1896,6,Q9H0A6_1_87
1897,6,Q9H0A9_36_188
1898,6,Q9H0B3_999_1111
1899,6,Q9H0B3_1_87
1900,6,Q9H0B6_142_199
1901,6,Q9H0B8_233_290
1902,6,Q9H0B8_1_51
1903,6,Q9H0C3_412_514
1904,6,Q9H0C3_264_301
1905,6,Q9H0C5_1_47
1906,6,Q9H0C8_1_104
1907,6,Q9H0D2_1_146
1908,6,Q9H0D2_1206_1346
1909,6,Q9H0D6_427_510
1910,6,Q9H0D6_803_950
1911,6,Q9H0E2_182_235
1912,6,Q9H0E7_678_712
1913,6,Q9H0E7_304_380
1914,6,Q9H0E9_1204_1235
1915,6,Q9H0F6_118_169
1916,6,Q9H0F6_299_387
1917,6,Q9H0G5_1_40
1918,6,Q9H0H0_341_381
1919,6,Q9H0H0_1137_1204
1920,6,Q9H0H0_894_992
1921,6,Q9H0H5_543_632
1922,6,Q9H0H9_1_118
1923,6,Q9H0I2_1_90
1924,6,Q9H0I2_140_205
1925,6,Q9H0I3_1_97
1926,6,Q9H0J4_1176_1235
1927,6,Q9H0J9_231_279
1928,6,Q9H0K4_369_409
1929,6,Q9H0K6_264_304
1930,6,Q9H0K6_42_168
1931,6,Q9H0L4_92_122
1932,6,Q9H0N0_175_254
1933,6,Q9H0P0_1_34
1934,6,Q9H0Q3_61_95
1935,6,Q9H0R3_1_44
1936,6,Q9H0S4_420_455
1937,6,Q9H0U6_1_35
1938,6,Q9H0V9_1_52
1939,6,Q9H0W7_77_124
1940,6,Q9H0W7_198_228
1941,6,Q9H0W8_430_463
1942,6,Q9H0X4_1_50
1943,6,Q9H0X6_1_143
1944,6,Q9H0X6_213_261
1945,6,Q9H0X9_239_356
1946,6,Q9H0X9_735_879
1947,6,Q9H0X9_1_113
1948,6,Q9H0Y0_49_88
1949,6,Q9H0Z9_115_239
1950,6,Q9H106_149_197
1951,6,Q9H116_604_711
1952,6,Q9H147_130_207
1953,6,Q9H147_1_62
1954,6,Q9H156_1_36
1955,6,Q9H156_254_347
1956,6,Q9H159_1_50
1957,6,Q9H160_125_210
1958,6,Q9H161_278_411
1959,6,Q9H169_1_51
1960,6,Q9H171_64_111
1961,6,Q9H172_328_370
1962,6,Q9H172_1_61
1963,6,Q9H173_1_140
1964,6,Q9H175_1_61
1965,6,Q9H190_1_91
1966,6,Q9H1A3_1_53
1967,6,Q9H1A4_1_78
1968,6,Q9H1A4_508_588
1969,6,Q9H1A4_666_748
1970,6,Q9H1A4_276_413
1971,6,Q9H1A4_976_1018
1972,6,Q9H1A4_887_931
1973,6,Q9H1B4_255_397
1974,6,Q9H1B5_1_160
1975,6,Q9H1C0_309_372
1976,6,Q9H1C3_1_49
1977,6,Q9H1C4_525_597
1978,6,Q9H1C4_1_44
1979,6,Q9H1C7_1_68
1980,6,Q9H1D0_681_765
1981,6,Q9H1D0_1_64
1982,6,Q9H1E5_227_349
1983,6,Q9H1H1_70_148
1984,6,Q9H1H9_1061_1095
1985,6,Q9H1H9_541_671
1986,6,Q9H1H9_416_460
1987,6,Q9H1H9_828_871
1988,6,Q9H1I8_402_473
1989,6,Q9H1J1_1_67
1990,6,Q9H1J5_1_35
1991,6,Q9H1J7_1_38
1992,6,Q9H1K0_204_248
1993,6,Q9H1K0_1_96
1994,6,Q9H1K0_412_458
1995,6,Q9H1L0_1_117
1996,6,Q9H1M0_1_71
1997,6,Q9H1M3_71_183
1998,6,Q9H1N7_1_73
1999,6,Q9H1P3_1_66
2000,6,Q9H1P3_322_354
2001,6,Q9H1P6_101_137
2002,6,Q9H1U4_546_602
2003,6,Q9H1U4_452_511
2004,6,Q9H1U9_1_33
2005,6,Q9H1V8_1_65
2006,6,Q9H1V8_642_727
2007,6,Q9H1X3_1_40
2008,6,Q9H1Y3_328_402
2009,6,Q9H1Y3_1_35
2010,6,Q9H1Z4_1_154
2011,6,Q9H1Z8_108_148
2012,6,Q9H1Z8_1_63
2013,6,Q9H1Z9_326_355
2014,6,Q9H1Z9_1_70
2015,6,Q9H201_154_205
2016,6,Q9H204_1_42
2017,6,Q9H208_260_303
2018,6,Q9H211_368_419
2019,6,Q9H213_178_219
2020,6,Q9H213_1_90
2021,6,Q9H221_351_399
2022,6,Q9H221_1_84
2023,6,Q9H222_1_49
2024,6,Q9H228_317_398
2025,6,Q9H239_1_39
2026,6,Q9H239_281_326
2027,6,Q9H246_1_121
2028,6,Q9H251_1_33
2029,6,Q9H252_132_249
2030,6,Q9H254_2526_2564
2031,6,Q9H254_1005_1035
2032,6,Q9H254_1_59
2033,6,Q9H254_1414_1500
2034,6,Q9H257_417_536
2035,6,Q9H267_449_483
2036,6,Q9H270_1_46
2037,6,Q9H270_462_492
2038,6,Q9H270_564_598
2039,6,Q9H270_888_941
2040,6,Q9H293_1_69
2041,6,Q9H295_144_193
2042,6,Q9H2A3_175_272
2043,6,Q9H2A3_1_97
2044,6,Q9H2A7_111_254
2045,6,Q9H2A9_1_144
2046,6,Q9H2B2_1_154
2047,6,Q9H2B4_1_39
2048,6,Q9H2B4_144_173
2049,6,Q9H2B4_566_612
2050,6,Q9H2C1_124_181
2051,6,Q9H2C1_246_402
2052,6,Q9H2C2_1_36
2053,6,Q9H2E6_563_650
2054,6,Q9H2F5_1_63
2055,6,Q9H2F9_303_335
2056,6,Q9H2F9_1_90
2057,6,Q9H2G2_1202_1235
2058,6,Q9H2G9_1_125
2059,6,Q9H2G9_332_400
2060,6,Q9H2H0_1_131
2061,6,Q9H2H9_1_69
2062,6,Q9H2I8_146_198
2063,6,Q9H2J7_1_66
2064,6,Q9H2J7_640_730
2065,6,Q9H2K0_1_73
2066,6,Q9H2K2_1036_1166
2067,6,Q9H2K2_796_887
2068,6,Q9H2K2_921_967
2069,6,Q9H2K2_1_30
2070,6,Q9H2K8_304_454
2071,6,Q9H2L5_68_167
2072,6,Q9H2M9_956_994
2073,6,Q9H2M9_1_75
2074,6,Q9H2M9_316_373
2075,6,Q9H2M9_1224_1254
2076,6,Q9H2M9_434_464
2077,6,Q9H2P0_1_73
2078,6,Q9H2P0_540_631
2079,6,Q9H2P0_680_758
2080,6,Q9H2S1_1_118
2081,6,Q9H2S1_541_579
2082,6,Q9H2S5_153_227
2083,6,Q9H2S5_1_87
2084,6,Q9H2S6_187_252
2085,6,Q9H2U2_1_36
2086,6,Q9H2U6_1_94
2087,6,Q9H2U9_624_754
2088,6,Q9H2U9_156_203
2089,6,Q9H2U9_1_60
2090,6,Q9H2V7_1_49
2091,6,Q9H2W1_1_37
2092,6,Q9H2W1_213_248
2093,6,Q9H2W2_147_232
2094,6,Q9H2W2_1_85
2095,6,Q9H2W6_1_45
2096,6,Q9H2X0_843_955
2097,6,Q9H2X0_753_792
2098,6,Q9H2X0_645_707
2099,6,Q9H2X8_1_130
2100,6,Q9H2X9_941_1075
2101,6,Q9H2X9_1_107
2102,6,Q9H2Y9_1_123
2103,6,Q9H2Y9_771_848
2104,6,Q9H2Y9_597_637
2105,6,Q9H2Y9_367_424
2106,6,Q9H2Y9_226_259
2107,6,Q9H2Z4_262_354
2108,6,Q9H300_1_92
2109,6,Q9H306_1_42
2110,6,Q9H306_461_513
2111,6,Q9H307_35_124
2112,6,Q9H322_1_139
2113,6,Q9H324_1049_1103
2114,6,Q9H329_1_76
2115,6,Q9H330_836_879
2116,6,Q9H330_504_611
2117,6,Q9H330_1_47
2118,6,Q9H334_542_677
2119,6,Q9H334_369_456
2120,6,Q9H336_241_298
2121,6,Q9H336_1_54
2122,6,Q9H341_1_31
2123,6,Q9H354_1_126
2124,6,Q9H379_1_93
2125,6,Q9H3D4_439_550
2126,6,Q9H3D4_362_401
2127,6,Q9H3D4_603_680
2128,6,Q9H3E2_397_451
2129,6,Q9H3E2_188_292
2130,6,Q9H3E2_618_724
2131,6,Q9H3F6_265_313
2132,6,Q9H3G5_1_31
2133,6,Q9H3H1_432_467
2134,6,Q9H3H3_1_65
2135,6,Q9H3H9_197_227
2136,6,Q9H3H9_1_138
2137,6,Q9H3J6_1_45
2138,6,Q9H3K2_1_74
2139,6,Q9H3L0_1_137
2140,6,Q9H3M0_428_494
2141,6,Q9H3M7_295_391
2142,6,Q9H3N1_207_280
2143,6,Q9H3N8_206_285
2144,6,Q9H3P7_1_69
2145,6,Q9H3P7_306_369
2146,6,Q9H3R0_648_697
2147,6,Q9H3R0_993_1056
2148,6,Q9H3R1_1_72
2149,6,Q9H3R2_449_512
2150,6,Q9H3R5_1_38
2151,6,Q9H3S1_1_37
2152,6,Q9H3S1_652_761
2153,6,Q9H3S3_1_108
2154,6,Q9H3U5_1_37
2155,6,Q9H3U7_148_218
2156,6,Q9H3U7_411_446
2157,6,Q9H3U7_1_43
2158,6,Q9H3V2_1_38
2159,6,Q9H3W5_609_708
2160,6,Q9H3Y0_1_55
2161,6,Q9H3Y6_1_62
2162,6,Q9H3Y8_1_114
2163,6,Q9H3Z4_122_198
2164,6,Q9H3Z7_1_88
2165,6,Q9H511_1_43
2166,6,Q9H579_1_79
2167,6,Q9H582_999_1043
2168,6,Q9H583_447_504
2169,6,Q9H583_1_31
2170,6,Q9H598_1_121
2171,6,Q9H5F2_1_150
2172,6,Q9H5I5_136_211
2173,6,Q9H5I5_351_491
2174,6,Q9H5I5_2037_2155
2175,6,Q9H5I5_614_669
2176,6,Q9H5I5_1492_1646
2177,6,Q9H5I5_819_914
2178,6,Q9H5J0_519_574
2179,6,Q9H5J0_1_58
2180,6,Q9H5J8_190_278
2181,6,Q9H5J8_1_138
2182,6,Q9H5K3_1_33
2183,6,Q9H5L6_449_484
2184,6,Q9H5L6_81_187
2185,6,Q9H5N1_179_281
2186,6,Q9H5N1_386_416
2187,6,Q9H5N1_1_30
2188,6,Q9H5P4_945_1033
2189,6,Q9H5P4_1_88
2190,6,Q9H5P4_179_208
2191,6,Q9H5Q4_1_80
2192,6,Q9H5U6_1_34
2193,6,Q9H5U6_447_513
2194,6,Q9H5V7_1_77
2195,6,Q9H5V8_1_37
2196,6,Q9H5V9_124_222
2197,6,Q9H5Y7_558_609
2198,6,Q9H5Y7_263_341
2199,6,Q9H5Y7_1_37
2200,6,Q9H5Z1_1_50
2201,6,Q9H607_1_141
2202,6,Q9H609_1_34
2203,6,Q9H611_612_641
2204,6,Q9H628_1_64
2205,6,Q9H633_117_154
2206,6,Q9H665_89_242
2207,6,Q9H693_1_158
2208,6,Q9H694_1_56
2209,6,Q9H694_932_974
2210,6,Q9H6A0_1_58
2211,6,Q9H6A9_1252_1338
2212,6,Q9H6B1_299_395
2213,6,Q9H6B1_117_203
2214,6,Q9H6B1_237_266
2215,6,Q9H6B1_1_64
2216,6,Q9H6B4_268_373
2217,6,Q9H6D3_328_395
2218,6,Q9H6D7_1_41
2219,6,Q9H6D7_118_151
2220,6,Q9H6D8_1_37
2221,6,Q9H6D8_142_234
2222,6,Q9H6E5_634_768
2223,6,Q9H6E5_222_334
2224,6,Q9H6F2_237_299
2225,6,Q9H6H4_1_85
2226,6,Q9H6H4_147_257
2227,6,Q9H6I2_1_64
2228,6,Q9H6J7_169_200
2229,6,Q9H6J7_276_331
2230,6,Q9H6K1_197_298
2231,6,Q9H6N6_493_553
2232,6,Q9H6N6_320_369
2233,6,Q9H6N6_171_218
2234,6,Q9H6P5_1_42
2235,6,Q9H6Q3_1_41
2236,6,Q9H6Q3_193_261
2237,6,Q9H6Q4_1_75
2238,6,Q9H6R0_1_72
2239,6,Q9H6R3_1_62
2240,6,Q9H6R4_1_74
2241,6,Q9H6R7_222_318
2242,6,Q9H6R7_673_721
2243,6,Q9H6R7_422_558
2244,6,Q9H6S0_1073_1104
2245,6,Q9H6S0_1175_1292
2246,6,Q9H6S0_407_468
2247,6,Q9H6S0_1_56
2248,6,Q9H6S1_248_392
2249,6,Q9H6S1_1_31
2250,6,Q9H6S3_544_630
2251,6,Q9H6S3_189_248
2252,6,Q9H6S3_432_499
2253,6,Q9H6S3_1_46
2254,6,Q9H6T0_443_479
2255,6,Q9H6T3_43_127
2256,6,Q9H6T3_401_548
2257,6,Q9H6U6_454_597
2258,6,Q9H6U6_255_323
2259,6,Q9H6U6_1_54
2260,6,Q9H6U8_1_56
2261,6,Q9H6X2_1_38
2262,6,Q9H6X4_1_124
2263,6,Q9H6Y2_344_383
2264,6,Q9H6Y5_1_122
2265,6,Q9H6Y5_207_334
2266,6,Q9H6Y7_273_350
2267,6,Q9H6Z4_526_567
2268,6,Q9H706_154_195
2269,6,Q9H720_167_197
2270,6,Q9H756_222_370
2271,6,Q9H772_1_58
2272,6,Q9H788_113_191
2273,6,Q9H788_255_319
2274,6,Q9H790_1_72
2275,6,Q9H792_1403_1459
2276,6,Q9H792_1523_1568
2277,6,Q9H799_1059_1103
2278,6,Q9H799_366_400
2279,6,Q9H799_898_935
2280,6,Q9H7B7_1_122
2281,6,Q9H7C4_451_482
2282,6,Q9H7D0_342_385
2283,6,Q9H7D7_1_123
2284,6,Q9H7E2_81_196
2285,6,Q9H7E2_607_651
2286,6,Q9H7E9_1_100
2287,6,Q9H7F0_80_148
2288,6,Q9H7F0_578_626
2289,6,Q9H7F0_783_832
2290,6,Q9H7F0_1038_1069
2291,6,Q9H7F0_1169_1226
2292,6,Q9H7F4_270_350
2293,6,Q9H7H0_1_45
2294,6,Q9H7J1_1_130
2295,6,Q9H7L2_244_352
2296,6,Q9H7L2_1_31
2297,6,Q9H7L9_1_57
2298,6,Q9H7L9_180_255
2299,6,Q9H7M6_1_36
2300,6,Q9H7M6_371_447
2301,6,Q9H7M6_881_913
2302,6,Q9H7M9_223_311
2303,6,Q9H7N4_1283_1312
2304,6,Q9H7P6_1_41
2305,6,Q9H7P6_196_319
2306,6,Q9H7P9_1_101
2307,6,Q9H7T0_1_45
2308,6,Q9H7T0_1081_1116
2309,6,Q9H7U1_750_834
2310,6,Q9H7X0_208_242
2311,6,Q9H7X2_1_81
2312,6,Q9H7X3_1_129
2313,6,Q9H7Y0_1_56
2314,6,Q9H7Z6_1_52
2315,6,Q9H7Z6_114_162
2316,6,Q9H7Z7_1_68
2317,6,Q9H813_1_69
2318,6,Q9H814_339_394
2319,6,Q9H819_140_231
2320,6,Q9H819_1_72
2321,6,Q9H825_113_190
2322,6,Q9H825_1_38
2323,6,Q9H832_1_86
2324,6,Q9H840_1_45
2325,6,Q9H841_329_383
2326,6,Q9H841_1_42
2327,6,Q9H845_1_40
2328,6,Q9H853_186_241
2329,6,Q9H857_1_52
2330,6,Q9H875_147_184
2331,6,Q9H892_1_82
2332,6,Q9H898_45_146
2333,6,Q9H8E8_1_82
2334,6,Q9H8E8_512_583
2335,6,Q9H8G2_198_330
2336,6,Q9H8G2_1_133
2337,6,Q9H8H0_518_583
2338,6,Q9H8H0_342_412
2339,6,Q9H8H2_441_480
2340,6,Q9H8H2_749_851
2341,6,Q9H8L6_334_378
2342,6,Q9H8L6_483_539
2343,6,Q9H8M1_1_72
2344,6,Q9H8M2_457_597
2345,6,Q9H8M2_1_137
2346,6,Q9H8M5_185_246
2347,6,Q9H8M5_1_82
2348,6,Q9H8M5_818_875
2349,6,Q9H8M5_715_793
2350,6,Q9H8M5_117_156
2351,6,Q9H8M7_106_148
2352,6,Q9H8M9_64_152
2353,6,Q9H8N7_123_275
2354,6,Q9H8N7_1_76
2355,6,Q9H8Q6_1_139
2356,6,Q9H8S5_260_307
2357,6,Q9H8S5_1_74
2358,6,Q9H8T0_254_292
2359,6,Q9H8T0_1_70
2360,6,Q9H8U3_44_148
2361,6,Q9H8V3_809_914
2362,6,Q9H8V3_349_454
2363,6,Q9H8V3_1_115
2364,6,Q9H8V8_1_135
2365,6,Q9H8W2_1_130
2366,6,Q9H8W3_1_119
2367,6,Q9H8W4_215_249
2368,6,Q9H8W5_507_580
2369,6,Q9H8W5_56_95
2370,6,Q9H8W5_1_31
2371,6,Q9H8X3_1_128
2372,6,Q9H8X9_285_412
2373,6,Q9H8Y1_239_281
2374,6,Q9H8Y1_540_651
2375,6,Q9H8Y1_440_510
2376,6,Q9H8Y1_350_406
2377,6,Q9H8Y5_1_77
2378,6,Q9H8Y5_349_507
2379,6,Q9H8Y5_116_175
2380,6,Q9HA38_185_233
2381,6,Q9HA38_102_146
2382,6,Q9HA38_1_70
2383,6,Q9HA47_232_277
2384,6,Q9HA65_177_269
2385,6,Q9HA65_1_128
2386,6,Q9HA65_593_648
2387,6,Q9HA77_1_44
2388,6,Q9HA82_339_394
2389,6,Q9HA90_1_37
2390,6,Q9HA90_83_197
2391,6,Q9HA90_329_481
2392,6,Q9HA90_567_598
2393,6,Q9HA92_1_34
2394,6,Q9HAA7_1_133
2395,6,Q9HAB3_216_275
2396,6,Q9HAC7_1_45
2397,6,Q9HAC8_1_38
2398,6,Q9HAC8_119_153
2399,6,Q9HAD4_353_396
2400,6,Q9HAF1_104_191
2401,6,Q9HAH1_331_456
2402,6,Q9HAH1_1_154
2403,6,Q9HAK2_1_36
2404,6,Q9HAN9_112_147
2405,6,Q9HAQ2_449_582
2406,6,Q9HAQ2_703_790
2407,6,Q9HAR2_1_32
2408,6,Q9HAR2_389_502
2409,6,Q9HAS0_1_78
2410,6,Q9HAS3_1_93
2411,6,Q9HAS3_628_691
2412,6,Q9HAT1_1_30
2413,6,Q9HAU5_426_563
2414,6,Q9HAU5_1_75
2415,6,Q9HAU6_35_69
2416,6,Q9HAU8_670_725
2417,6,Q9HAV4_975_1014
2418,6,Q9HAV4_1169_1204
2419,6,Q9HAV5_168_297
2420,6,Q9HAV7_1_59
2421,6,Q9HAW0_313_364
2422,6,Q9HAW0_1_58
2423,6,Q9HAY2_1_58
2424,6,Q9HAZ1_1_140
2425,6,Q9HB07_1_40
2426,6,Q9HB09_252_334
2427,6,Q9HB14_292_408
2428,6,Q9HB15_311_430
2429,6,Q9HB15_1_34
2430,6,Q9HB19_113_197
2431,6,Q9HB19_305_425
2432,6,Q9HB20_182_300
2433,6,Q9HB21_112_192
2434,6,Q9HB21_295_404
2435,6,Q9HB29_447_575
2436,6,Q9HB29_1_34
2437,6,Q9HB31_78_190
2438,6,Q9HB40_1_36
2439,6,Q9HB58_571_621
2440,6,Q9HB63_458_516
2441,6,Q9HB63_1_33
2442,6,Q9HB71_184_228
2443,6,Q9HB75_878_910
2444,6,Q9HB75_1_45
2445,6,Q9HB75_289_329
2446,6,Q9HB75_715_789
2447,6,Q9HB89_365_426
2448,6,Q9HB89_1_39
2449,6,Q9HB90_362_399
2450,6,Q9HB90_1_134
2451,6,Q9HB96_156_287
2452,6,Q9HBA0_1_153
2453,6,Q9HBA0_634_671
2454,6,Q9HBA0_786_871
2455,6,Q9HBB8_693_845
2456,6,Q9HBF4_481_596
2457,6,Q9HBF4_404_434
2458,6,Q9HBF4_649_717
2459,6,Q9HBF5_1_79
2460,6,Q9HBG4_134_176
2461,6,Q9HBG4_671_720
2462,6,Q9HBG6_1107_1161
2463,6,Q9HBG6_181_257
2464,6,Q9HBG7_1_46
2465,6,Q9HBG7_284_314
2466,6,Q9HBH1_1_47
2467,6,Q9HBH5_1_36
2468,6,Q9HBH7_1_63
2469,6,Q9HBH9_223_269
2470,6,Q9HBH9_1_80
2471,6,Q9HBH9_409_465
2472,6,Q9HBI0_1_33
2473,6,Q9HBI1_1_71
2474,6,Q9HBJ0_123_212
2475,6,Q9HBJ8_168_222
2476,6,Q9HBK9_338_375
2477,6,Q9HBL6_234_285
2478,6,Q9HBM0_123_157
2479,6,Q9HBM0_1_76
2480,6,Q9HBM6_130_251
2481,6,Q9HBQ8_57_144
2482,6,Q9HBT6_1_69
2483,6,Q9HBT6_642_801
2484,6,Q9HBT7_1_52
2485,6,Q9HBU1_1_140
2486,6,Q9HBU1_207_254
2487,6,Q9HBU6_1_76
2488,6,Q9HBU9_260_364
2489,6,Q9HBV1_252_291
2490,6,Q9HBV2_246_294
2491,6,Q9HBV2_1_79
2492,6,Q9HBW0_312_351
2493,6,Q9HBW1_1_32
2494,6,Q9HBW9_1_32
2495,6,Q9HBX3_1_110
2496,6,Q9HBX8_1_39
2497,6,Q9HBX8_833_967
2498,6,Q9HBX8_479_547
2499,6,Q9HBX9_1_95
2500,6,Q9HBX9_694_757
2501,6,Q9HBY8_1_33
2502,6,Q9HBZ2_1_65
2503,6,Q9HBZ2_202_324
2504,6,Q9HC07_1_87
2505,6,Q9HC10_640_690
2506,6,Q9HC10_120_251
2507,6,Q9HC10_1936_1997
2508,6,Q9HC23_71_102
2509,6,Q9HC29_1_41
2510,6,Q9HC29_248_283
2511,6,Q9HC29_627_662
2512,6,Q9HC35_865_981
2513,6,Q9HC36_1_94
2514,6,Q9HC36_287_338
2515,6,Q9HC38_33_65
2516,6,Q9HC44_425_474
2517,6,Q9HC56_1_67
2518,6,Q9HC57_180_220
2519,6,Q9HC57_1_66
2520,6,Q9HC58_1_93
2521,6,Q9HC73_1_31
2522,6,Q9HC73_276_371
2523,6,Q9HC77_1057_1152
2524,6,Q9HC77_1_146
2525,6,Q9HC78_674_741
2526,6,Q9HC84_1293_1339
2527,6,Q9HC84_1_70
2528,6,Q9HC84_4977_5013
2529,6,Q9HC84_759_828
2530,6,Q9HC84_5257_5287
2531,6,Q9HC84_1427_1510
2532,6,Q9HC96_183_219
2533,6,Q9HC96_382_424
2534,6,Q9HC98_1_42
2535,6,Q9HCB6_1_61
2536,6,Q9HCB6_410_498
2537,6,Q9HCB6_721_807
2538,6,Q9HCC6_150_221
2539,6,Q9HCC6_1_34
2540,6,Q9HCC9_762_813
2541,6,Q9HCD6_387_444
2542,6,Q9HCE0_1089_1120
2543,6,Q9HCE0_1852_1893
2544,6,Q9HCE0_404_433
2545,6,Q9HCE0_528_569
2546,6,Q9HCE0_924_1002
2547,6,Q9HCE0_1363_1400
2548,6,Q9HCE0_1193_1224
2549,6,Q9HCE0_1462_1500
2550,6,Q9HCE1_68_119
2551,6,Q9HCE1_949_1003
2552,6,Q9HCE3_938_1034
2553,6,Q9HCE3_1099_1184
2554,6,Q9HCE3_1220_1301
2555,6,Q9HCE3_679_769
2556,6,Q9HCE5_402_456
2557,6,Q9HCE5_1_112
2558,6,Q9HCE6_568_657
2559,6,Q9HCE6_1122_1279
2560,6,Q9HCE6_863_900
2561,6,Q9HCE9_1_68
2562,6,Q9HCF6_810_888
2563,6,Q9HCF6_1_132
2564,6,Q9HCF6_316_360
2565,6,Q9HCF6_604_658
2566,6,Q9HCF6_1181_1211
2567,6,Q9HCG7_1_69
2568,6,Q9HCG7_896_927
2569,6,Q9HCG8_1_143
2570,6,Q9HCG8_400_450
2571,6,Q9HCI5_810_840
2572,6,Q9HCI5_692_748
2573,6,Q9HCI6_454_483
2574,6,Q9HCI6_1_139
2575,6,Q9HCI7_510_577
2576,6,Q9HCJ0_1589_1690
2577,6,Q9HCJ1_461_492
2578,6,Q9HCJ2_1_36
2579,6,Q9HCJ3_1_49
2580,6,Q9HCJ5_795_827
2581,6,Q9HCJ5_1_80
2582,6,Q9HCJ5_642_684
2583,6,Q9HCJ5_120_209
2584,6,Q9HCJ5_477_516
2585,6,Q9HCJ6_384_419
2586,6,Q9HCJ6_1_41
2587,6,Q9HCK0_370_441
2588,6,Q9HCK5_817_861
2589,6,Q9HCK8_1505_1559
2590,6,Q9HCK8_1662_1792
0,7,Q9HCL0_1_30
1,7,Q9HCL2_659_706
2,7,Q9HCL2_1_61
3,7,Q9HCL2_425_461
4,7,Q9HCM2_1222_1297
5,7,Q9HCM2_1594_1681
6,7,Q9HCM2_1_46
7,7,Q9HCM3_1197_1229
8,7,Q9HCM9_252_329
9,7,Q9HCN2_1_124
10,7,Q9HCN3_302_354
11,7,Q9HCN3_738_771
12,7,Q9HCN3_1_46
13,7,Q9HCN4_292_374
14,7,Q9HCN6_303_339
15,7,Q9HCN6_204_270
16,7,Q9HCP0_1_41
17,7,Q9HCP0_334_422
18,7,Q9HCQ5_1_72
19,7,Q9HCR9_443_478
20,7,Q9HCS7_730_855
21,7,Q9HCU4_2195_2253
22,7,Q9HCU4_1222_1253
23,7,Q9HCU5_97_139
24,7,Q9HCU8_1_30
25,7,Q9HCU9_180_246
26,7,Q9HCU9_1_48
27,7,Q9HCX4_1_43
28,7,Q9HCX4_720_781
29,7,Q9HCZ1_449_551
30,7,Q9HD15_1_105
31,7,Q9HD20_879_961
32,7,Q9HD20_1_93
33,7,Q9HD23_1_88
34,7,Q9HD23_396_443
35,7,Q9HD26_131_276
36,7,Q9HD26_1_33
37,7,Q9HD26_374_462
38,7,Q9HD33_1_61
39,7,Q9HD40_464_501
40,7,Q9HD42_145_196
41,7,Q9HD43_1_44
42,7,Q9HD43_749_804
43,7,Q9HD43_1080_1115
44,7,Q9HD64_1_81
45,7,Q9HD67_1856_1914
46,7,Q9HD87_1_102
47,7,Q9HD90_173_331
48,7,Q9HD90_1_70
49,7,Q9HDB9_519_667
50,7,Q9HDC5_149_275
51,7,Q9HDC9_1_37
52,7,Q9HDD0_125_168
53,7,Q9N2J8_214_305
54,7,Q9N2J8_1_82
55,7,Q9N2K0_1_75
56,7,Q9N2K0_203_306
57,7,Q9NNW5_516_563
58,7,Q9NNW5_711_743
59,7,Q9NNX1_1_85
60,7,Q9NNX1_124_169
61,7,Q9NNX1_350_390
62,7,Q9NNZ3_1_30
63,7,Q9NNZ3_103_137
64,7,Q9NNZ6_1_103
65,7,Q9NP08_274_348
66,7,Q9NP31_1_66
67,7,Q9NP50_86_161
68,7,Q9NP55_1_45
69,7,Q9NP56_1_103
70,7,Q9NP56_418_450
71,7,Q9NP58_200_250
72,7,Q9NP58_1_74
73,7,Q9NP59_401_453
74,7,Q9NP59_239_289
75,7,Q9NP60_551_686
76,7,Q9NP60_1_33
77,7,Q9NP64_143_241
78,7,Q9NP66_1_99
79,7,Q9NP72_175_206
80,7,Q9NP73_115_221
81,7,Q9NP74_137_167
82,7,Q9NP78_134_176
83,7,Q9NP79_164_263
84,7,Q9NP81_1_44
85,7,Q9NP85_1_106
86,7,Q9NP85_337_383
87,7,Q9NP92_1_41
88,7,Q9NP94_124_164
89,7,Q9NP95_1_56
90,7,Q9NP99_130_234
91,7,Q9NPA0_186_242
92,7,Q9NPA0_1_44
93,7,Q9NPA1_1_57
94,7,Q9NPA2_280_316
95,7,Q9NPA2_1_45
96,7,Q9NPA2_506_562
97,7,Q9NPA3_41_142
98,7,Q9NPB0_147_183
99,7,Q9NPB0_1_95
100,7,Q9NPB1_1_33
101,7,Q9NPB3_1_74
102,7,Q9NPB6_252_346
103,7,Q9NPB6_95_132
104,7,Q9NPB8_640_672
105,7,Q9NPB8_403_434
106,7,Q9NPB9_1_33
107,7,Q9NPC1_302_358
108,7,Q9NPC2_261_374
109,7,Q9NPC3_187_277
110,7,Q9NPC4_1_65
111,7,Q9NPC7_517_610
112,7,Q9NPC8_190_291
113,7,Q9NPD5_282_325
114,7,Q9NPD5_657_702
115,7,Q9NPD5_124_169
116,7,Q9NPD7_101_142
117,7,Q9NPD8_156_197
118,7,Q9NPE2_1_39
119,7,Q9NPE2_144_291
120,7,Q9NPE6_1_148
121,7,Q9NPF2_1_61
122,7,Q9NPF5_1_90
123,7,Q9NPF5_279_319
124,7,Q9NPF5_400_467
125,7,Q9NPG1_1_34
126,7,Q9NPG1_518_666
127,7,Q9NPG4_580_619
128,7,Q9NPG4_1_74
129,7,Q9NPG8_293_344
130,7,Q9NPH0_1_37
131,7,Q9NPH2_510_558
132,7,Q9NPH5_224_273
133,7,Q9NPI1_1_134
134,7,Q9NPI1_436_532
135,7,Q9NPI1_249_383
136,7,Q9NPI1_612_651
137,7,Q9NPI5_200_230
138,7,Q9NPI8_55_153
139,7,Q9NPI9_350_418
140,7,Q9NPI9_1_40
141,7,Q9NPJ4_1_93
142,7,Q9NPJ6_183_270
143,7,Q9NPL8_1_68
144,7,Q9NPP4_517_549
145,7,Q9NPP4_613_649
146,7,Q9NPR2_1_41
147,7,Q9NPR9_1_38
148,7,Q9NPR9_139_196
149,7,Q9NPR9_501_543
150,7,Q9NPU4_1_50
151,7,Q9NPY3_1_33
152,7,Q9NPY3_612_652
153,7,Q9NPY3_463_581
154,7,Q9NPZ5_1_74
155,7,Q9NQ30_136_184
156,7,Q9NQS5_223_316
157,7,Q9NR09_1_64
158,7,Q9NR09_752_828
159,7,Q9NR09_860_905
160,7,Q9NR09_956_1018
161,7,Q9NR09_1047_1077
162,7,Q9NR09_1119_1179
163,7,Q9NR09_1218_1298
164,7,Q9NR09_1880_1913
165,7,Q9NR09_4814_4857
166,7,Q9NR09_4254_4356
167,7,Q9NR09_4007_4159
168,7,Q9NR09_3876_3968
169,7,Q9NR09_4419_4526
170,7,Q9NR09_3644_3680
171,7,Q9NR09_3566_3604
172,7,Q9NR09_3399_3429
173,7,Q9NR09_3298_3329
174,7,Q9NR09_3110_3174
175,7,Q9NR09_3717_3756
176,7,Q9NR16_1342_1453
177,7,Q9NR16_962_1038
178,7,Q9NR16_744_777
179,7,Q9NR16_413_473
180,7,Q9NR16_1_54
181,7,Q9NR19_1_31
182,7,Q9NR19_251_280
183,7,Q9NR20_1_36
184,7,Q9NR20_402_520
185,7,Q9NR21_1_42
186,7,Q9NR22_1_76
187,7,Q9NR28_1_66
188,7,Q9NR30_703_783
189,7,Q9NR33_1_36
190,7,Q9NR34_1_150
191,7,Q9NR46_278_342
192,7,Q9NR46_1_33
193,7,Q9NR48_2553_2591
194,7,Q9NR48_2819_2969
195,7,Q9NR48_2274_2430
196,7,Q9NR50_230_351
197,7,Q9NR56_99_178
198,7,Q9NR56_263_388
199,7,Q9NR61_540_685
200,7,Q9NR71_1_99
201,7,Q9NR80_626_690
202,7,Q9NR81_453_526
203,7,Q9NR81_1_110
204,7,Q9NR82_1_105
205,7,Q9NR82_389_518
206,7,Q9NR83_248_362
207,7,Q9NR90_1_45
208,7,Q9NR90_104_232
209,7,Q9NR90_416_486
210,7,Q9NR96_426_472
211,7,Q9NR96_841_873
212,7,Q9NR97_1_37
213,7,Q9NR97_433_471
214,7,Q9NR99_2277_2309
215,7,Q9NR99_280_320
216,7,Q9NRA0_379_516
217,7,Q9NRA0_1_52
218,7,Q9NRA1_1_51
219,7,Q9NRA2_1_35
220,7,Q9NRB3_1_109
221,7,Q9NRC1_542_585
222,7,Q9NRC1_1_136
223,7,Q9NRC6_3470_3548
224,7,Q9NRC6_812_869
225,7,Q9NRC6_3632_3674
226,7,Q9NRC6_2164_2319
227,7,Q9NRC6_1_46
228,7,Q9NRC6_2690_2807
229,7,Q9NRC8_359_400
230,7,Q9NRD0_1_67
231,7,Q9NRD1_258_293
232,7,Q9NRD5_360_415
233,7,Q9NRD8_1_33
234,7,Q9NRD8_624_654
235,7,Q9NRD9_867_1022
236,7,Q9NRE1_1_83
237,7,Q9NRE2_959_997
238,7,Q9NRF2_371_526
239,7,Q9NRF2_620_756
240,7,Q9NRG9_482_546
241,7,Q9NRG9_1_91
242,7,Q9NRH1_129_226
243,7,Q9NRH2_152_184
244,7,Q9NRI5_416_455
245,7,Q9NRI5_707_779
246,7,Q9NRJ1_1_99
247,7,Q9NRJ3_93_127
248,7,Q9NRJ4_483_598
249,7,Q9NRJ4_219_257
250,7,Q9NRJ5_494_636
251,7,Q9NRJ7_1_38
252,7,Q9NRJ7_663_776
253,7,Q9NRK6_1_158
254,7,Q9NRL2_137_193
255,7,Q9NRL2_1014_1077
256,7,Q9NRL2_939_972
257,7,Q9NRL2_833_888
258,7,Q9NRL2_682_777
259,7,Q9NRL2_263_355
260,7,Q9NRL3_1_66
261,7,Q9NRM0_1_56
262,7,Q9NRM2_1_61
263,7,Q9NRM2_271_303
264,7,Q9NRM2_404_450
265,7,Q9NRM6_271_339
266,7,Q9NRM6_395_502
267,7,Q9NRM7_1_104
268,7,Q9NRM7_1004_1088
269,7,Q9NRM7_815_878
270,7,Q9NRN5_98_131
271,7,Q9NRP7_296_435
272,7,Q9NRP7_622_660
273,7,Q9NRP7_883_916
274,7,Q9NRQ2_1_101
275,7,Q9NRR2_1_36
276,7,Q9NRR2_271_321
277,7,Q9NRR3_1_84
278,7,Q9NRR4_467_509
279,7,Q9NRR8_1_79
280,7,Q9NRS4_1_30
281,7,Q9NRS6_130_265
282,7,Q9NRU3_792_951
283,7,Q9NRU3_700_767
284,7,Q9NRW1_176_208
285,7,Q9NRX1_1_68
286,7,Q9NRX5_286_380
287,7,Q9NRX5_1_30
288,7,Q9NRX6_1_74
289,7,Q9NRY2_1_57
290,7,Q9NRY4_569_605
291,7,Q9NRY4_1440_1499
292,7,Q9NRY4_691_790
293,7,Q9NRY5_341_372
294,7,Q9NRY6_1_69
295,7,Q9NRY7_1_76
296,7,Q9NRZ9_402_446
297,7,Q9NRZ9_494_558
298,7,Q9NRZ9_741_838
299,7,Q9NS15_451_588
300,7,Q9NS15_908_1000
301,7,Q9NS18_1_51
302,7,Q9NS23_177_210
303,7,Q9NS23_1_134
304,7,Q9NS25_1_103
305,7,Q9NS26_1_97
306,7,Q9NS28_1_77
307,7,Q9NS37_283_354
308,7,Q9NS39_1_133
309,7,Q9NS39_189_289
310,7,Q9NS56_1_104
311,7,Q9NS56_160_255
312,7,Q9NS61_1_96
313,7,Q9NS64_1_109
314,7,Q9NS66_222_267
315,7,Q9NS67_215_270
316,7,Q9NS69_1_41
317,7,Q9NS69_113_142
318,7,Q9NS73_1_147
319,7,Q9NS73_214_254
320,7,Q9NS75_1_33
321,7,Q9NS82_1_45
322,7,Q9NS82_490_523
323,7,Q9NS84_1_101
324,7,Q9NS85_1_38
325,7,Q9NS86_1_57
326,7,Q9NS87_1_38
327,7,Q9NS87_905_968
328,7,Q9NS91_364_495
329,7,Q9NS91_98_203
330,7,Q9NS93_1_36
331,7,Q9NS93_540_570
332,7,Q9NS98_1_33
333,7,Q9NS98_677_782
334,7,Q9NSA1_1_42
335,7,Q9NSA1_158_209
336,7,Q9NSA2_1_34
337,7,Q9NSB2_1_160
338,7,Q9NSB2_474_600
339,7,Q9NSB4_432_513
340,7,Q9NSB4_1_113
341,7,Q9NSB8_116_162
342,7,Q9NSC2_1181_1324
343,7,Q9NSC2_1049_1139
344,7,Q9NSC5_119_178
345,7,Q9NSD4_1_156
346,7,Q9NSD5_573_602
347,7,Q9NSD7_405_469
348,7,Q9NSD7_185_214
349,7,Q9NSD7_1_75
350,7,Q9NSE2_1_63
351,7,Q9NSE2_160_208
352,7,Q9NSE4_1_64
353,7,Q9NSG2_761_810
354,7,Q9NSI2_1_102
355,7,Q9NSI5_1_40
356,7,Q9NSI6_1264_1322
357,7,Q9NSI6_99_161
358,7,Q9NSI8_303_373
359,7,Q9NSI8_1_157
360,7,Q9NSJ1_1_70
361,7,Q9NSJ1_231_348
362,7,Q9NSK0_151_213
363,7,Q9NSK7_1_152
364,7,Q9NSN8_138_204
365,7,Q9NST1_394_481
366,7,Q9NST1_249_331
367,7,Q9NSU2_235_314
368,7,Q9NSV4_546_636
369,7,Q9NSV4_1_126
370,7,Q9NSV4_680_724
371,7,Q9NSY0_374_422
372,7,Q9NSY1_1_44
373,7,Q9NT22_702_766
374,7,Q9NT22_382_522
375,7,Q9NT62_89_192
376,7,Q9NT68_509_543
377,7,Q9NT99_1_59
378,7,Q9NTG1_2191_2253
379,7,Q9NTG1_1793_1839
380,7,Q9NTG1_900_980
381,7,Q9NTG1_1124_1187
382,7,Q9NTG7_1_123
383,7,Q9NTI2_1_63
384,7,Q9NTI2_445_486
385,7,Q9NTI2_1107_1188
386,7,Q9NTJ3_1_69
387,7,Q9NTN3_1_41
388,7,Q9NTN9_1_33
389,7,Q9NTQ9_214_266
390,7,Q9NTU4_1_140
391,7,Q9NTU7_1_71
392,7,Q9NTW7_1_158
393,7,Q9NTW7_539_645
394,7,Q9NTW7_241_313
395,7,Q9NTX7_1_30
396,7,Q9NTX9_1_99
397,7,Q9NTZ6_517_547
398,7,Q9NTZ6_381_434
399,7,Q9NU02_641_776
400,7,Q9NU02_402_481
401,7,Q9NU22_3992_4053
402,7,Q9NU22_501_552
403,7,Q9NU22_2414_2519
404,7,Q9NU22_234_307
405,7,Q9NU22_3546_3619
406,7,Q9NU22_4308_4369
407,7,Q9NU22_2890_2925
408,7,Q9NU39_1_103
409,7,Q9NU53_1_46
410,7,Q9NU53_287_330
411,7,Q9NU53_183_240
412,7,Q9NUA8_320_361
413,7,Q9NUA8_108_248
414,7,Q9NUB1_1_59
415,7,Q9NUC0_1_96
416,7,Q9NUD7_1_95
417,7,Q9NUD7_324_363
418,7,Q9NUE0_357_388
419,7,Q9NUE0_1_66
420,7,Q9NUG4_1_42
421,7,Q9NUG4_483_571
422,7,Q9NUH8_1_114
423,7,Q9NUJ1_1_54
424,7,Q9NUJ3_1_73
425,7,Q9NUK0_246_354
426,7,Q9NUK0_102_178
427,7,Q9NUL3_178_208
428,7,Q9NUL7_1_55
429,7,Q9NUM3_65_106
430,7,Q9NUM4_1_80
431,7,Q9NUP1_1_65
432,7,Q9NUP1_166_217
433,7,Q9NUP7_370_421
434,7,Q9NUP7_285_326
435,7,Q9NUQ3_1_139
436,7,Q9NUQ3_441_528
437,7,Q9NUQ6_59_216
438,7,Q9NUQ7_87_117
439,7,Q9NUQ8_64_170
440,7,Q9NUT2_1_136
441,7,Q9NUU6_1_32
442,7,Q9NUU7_1_70
443,7,Q9NUV7_1_55
444,7,Q9NUV9_1_31
445,7,Q9NUW8_1_160
446,7,Q9NUX5_292_342
447,7,Q9NUY8_445_582
448,7,Q9NW07_1_151
449,7,Q9NW07_409_568
450,7,Q9NW13_196_332
451,7,Q9NW13_78_113
452,7,Q9NW64_300_420
453,7,Q9NW68_49_115
454,7,Q9NW81_1_46
455,7,Q9NW82_1_35
456,7,Q9NW82_70_158
457,7,Q9NW82_555_654
458,7,Q9NWA0_1_54
459,7,Q9NWB1_1_111
460,7,Q9NWB6_1_96
461,7,Q9NWB7_1_42
462,7,Q9NWB7_162_241
463,7,Q9NWD8_1_114
464,7,Q9NWD8_274_314
465,7,Q9NWD9_1_120
466,7,Q9NWF4_215_278
467,7,Q9NWF9_326_360
468,7,Q9NWF9_760_866
469,7,Q9NWH9_461_605
470,7,Q9NWL6_356_404
471,7,Q9NWM0_266_313
472,7,Q9NWM3_1_46
473,7,Q9NWM3_269_386
474,7,Q9NWM3_88_224
475,7,Q9NWN3_612_711
476,7,Q9NWR8_1_64
477,7,Q9NWS0_1_34
478,7,Q9NWS0_178_210
479,7,Q9NWS1_129_162
480,7,Q9NWS6_308_357
481,7,Q9NWT1_301_392
482,7,Q9NWT8_1_127
483,7,Q9NWU1_1_38
484,7,Q9NWU5_1_42
485,7,Q9NWV8_1_84
486,7,Q9NWW0_1_138
487,7,Q9NWW5_1_43
488,7,Q9NWW7_1_119
489,7,Q9NWW7_217_353
490,7,Q9NWW7_470_500
491,7,Q9NWW9_121_162
492,7,Q9NWX5_1_30
493,7,Q9NWX6_1_33
494,7,Q9NWY4_1_32
495,7,Q9NWZ3_101_166
496,7,Q9NWZ5_1_85
497,7,Q9NWZ8_50_137
498,7,Q9NX00_1_50
499,7,Q9NX00_159_188
500,7,Q9NX02_654_685
501,7,Q9NX05_35_116
502,7,Q9NX07_174_287
503,7,Q9NX09_1_82
504,7,Q9NX14_1_56
505,7,Q9NX18_1_41
506,7,Q9NX20_1_32
507,7,Q9NX24_1_33
508,7,Q9NX36_1_50
509,7,Q9NX36_110_141
510,7,Q9NX36_349_388
511,7,Q9NX40_1_30
512,7,Q9NX40_104_245
513,7,Q9NX45_269_425
514,7,Q9NX45_129_203
515,7,Q9NX55_1_78
516,7,Q9NX61_399_433
517,7,Q9NX62_1_61
518,7,Q9NX63_1_62
519,7,Q9NX65_1_43
520,7,Q9NX70_1_54
521,7,Q9NX70_136_200
522,7,Q9NX74_440_493
523,7,Q9NX76_1_37
524,7,Q9NXA8_1_35
525,7,Q9NXB0_145_196
526,7,Q9NXB0_1_79
527,7,Q9NXB0_499_559
528,7,Q9NXB9_258_296
529,7,Q9NXC5_737_823
530,7,Q9NXC5_452_493
531,7,Q9NXD2_704_777
532,7,Q9NXD2_184_221
533,7,Q9NXD2_1_38
534,7,Q9NXD2_557_628
535,7,Q9NXE4_1_54
536,7,Q9NXE4_528_570
537,7,Q9NXE4_776_808
538,7,Q9NXE4_607_717
539,7,Q9NXE4_233_357
540,7,Q9NXE8_179_334
541,7,Q9NXE8_68_127
542,7,Q9NXF1_234_315
543,7,Q9NXF1_399_435
544,7,Q9NXF1_1_45
545,7,Q9NXF8_1_39
546,7,Q9NXG0_412_535
547,7,Q9NXG0_1312_1405
548,7,Q9NXG0_1057_1098
549,7,Q9NXG0_578_613
550,7,Q9NXG0_658_691
551,7,Q9NXG0_1_104
552,7,Q9NXG2_269_353
553,7,Q9NXG2_1_34
554,7,Q9NXG6_1_108
555,7,Q9NXH3_1_55
556,7,Q9NXH8_1_115
557,7,Q9NXH9_108_144
558,7,Q9NXH9_1_60
559,7,Q9NXH9_561_659
560,7,Q9NXI6_1_39
561,7,Q9NXI6_108_227
562,7,Q9NXJ0_1_78
563,7,Q9NXJ0_231_267
564,7,Q9NXL2_641_722
565,7,Q9NXL2_524_570
566,7,Q9NXL2_1_82
567,7,Q9NXL6_332_426
568,7,Q9NXL6_1_46
569,7,Q9NXN4_251_303
570,7,Q9NXN4_1_45
571,7,Q9NXR1_276_335
572,7,Q9NXR1_182_246
573,7,Q9NXS2_1_63
574,7,Q9NXT0_1_134
575,7,Q9NXV2_1_42
576,7,Q9NXV2_200_234
577,7,Q9NXW2_170_250
578,7,Q9NXW2_50_97
579,7,Q9NXX6_1_78
580,7,Q9NXX6_192_264
581,7,Q9NXZ2_1_75
582,7,Q9NXZ2_132_175
583,7,Q9NY12_1_67
584,7,Q9NY12_157_217
585,7,Q9NY25_26_68
586,7,Q9NY26_139_178
587,7,Q9NY28_1_121
588,7,Q9NY30_143_223
589,7,Q9NY37_476_505
590,7,Q9NY43_302_387
591,7,Q9NY46_279_318
592,7,Q9NY46_1_63
593,7,Q9NY46_1859_2000
594,7,Q9NY47_1117_1150
595,7,Q9NY47_947_1019
596,7,Q9NY47_1_66
597,7,Q9NY57_372_414
598,7,Q9NY61_420_507
599,7,Q9NY61_306_344
600,7,Q9NY64_341_373
601,7,Q9NY84_215_274
602,7,Q9NY87_1_97
603,7,Q9NY91_1_31
604,7,Q9NY91_571_615
605,7,Q9NY93_463_547
606,7,Q9NY93_309_355
607,7,Q9NY97_1_53
608,7,Q9NY99_1_30
609,7,Q9NY99_154_216
610,7,Q9NY99_356_390
611,7,Q9NYA3_1_76
612,7,Q9NYA4_264_306
613,7,Q9NYA4_1054_1113
614,7,Q9NYB0_187_306
615,7,Q9NYB0_98_142
616,7,Q9NYB5_141_185
617,7,Q9NYB5_1_43
618,7,Q9NYB5_677_712
619,7,Q9NYB5_298_343
620,7,Q9NYC9_3094_3168
621,7,Q9NYF0_1_42
622,7,Q9NYF5_749_842
623,7,Q9NYF5_619_675
624,7,Q9NYG2_1_32
625,7,Q9NYG8_280_393
626,7,Q9NYI0_992_1048
627,7,Q9NYI0_737_782
628,7,Q9NYJ7_186_281
629,7,Q9NYJ7_460_618
630,7,Q9NYJ8_625_668
631,7,Q9NYK1_1_30
632,7,Q9NYK1_431_481
633,7,Q9NYK5_1_40
634,7,Q9NYK6_90_219
635,7,Q9NYL2_406_441
636,7,Q9NYM4_1_65
637,7,Q9NYM4_362_423
638,7,Q9NYN1_189_266
639,7,Q9NYP3_326_382
640,7,Q9NYP3_1_155
641,7,Q9NYP7_261_299
642,7,Q9NYP8_1_30
643,7,Q9NYP8_136_169
644,7,Q9NYP9_1_62
645,7,Q9NYQ3_170_201
646,7,Q9NYQ6_1295_1385
647,7,Q9NYQ6_600_634
648,7,Q9NYQ6_2281_2344
649,7,Q9NYQ7_2351_2418
650,7,Q9NYQ7_1353_1445
651,7,Q9NYQ8_1_36
652,7,Q9NYQ8_241_290
653,7,Q9NYQ8_674_714
654,7,Q9NYS7_54_100
655,7,Q9NYT6_769_803
656,7,Q9NYU1_237_282
657,7,Q9NYU1_1194_1229
658,7,Q9NYU1_1_34
659,7,Q9NYU2_251_297
660,7,Q9NYU2_1_44
661,7,Q9NYU2_1214_1258
662,7,Q9NYV6_535_651
663,7,Q9NYV6_1_57
664,7,Q9NYV6_270_304
665,7,Q9NYV8_163_243
666,7,Q9NYW1_148_182
667,7,Q9NYW4_135_173
668,7,Q9NYW7_143_176
669,7,Q9NYW8_466_550
670,7,Q9NYY3_1_77
671,7,Q9NYY3_353_477
672,7,Q9NYY8_1_160
673,7,Q9NYZ1_1_36
674,7,Q9NYZ2_1_53
675,7,Q9NYZ3_1_70
676,7,Q9NYZ4_346_499
677,7,Q9NZ08_1_47
678,7,Q9NZ08_484_516
679,7,Q9NZ20_449_509
680,7,Q9NZ20_278_361
681,7,Q9NZ20_115_156
682,7,Q9NZ32_379_417
683,7,Q9NZ43_1_158
684,7,Q9NZ53_530_605
685,7,Q9NZ63_62_154
686,7,Q9NZ63_209_289
687,7,Q9NZ71_72_110
688,7,Q9NZ71_285_314
689,7,Q9NZ71_390_454
690,7,Q9NZ71_1132_1219
691,7,Q9NZ71_977_1064
692,7,Q9NZ71_754_902
693,7,Q9NZ72_1_30
694,7,Q9NZ81_1_148
695,7,Q9NZ94_153_200
696,7,Q9NZ94_1_36
697,7,Q9NZB8_376_487
698,7,Q9NZB8_1_52
699,7,Q9NZC2_136_230
700,7,Q9NZC4_107_207
701,7,Q9NZC4_1_49
702,7,Q9NZC9_296_334
703,7,Q9NZC9_860_954
704,7,Q9NZD1_270_345
705,7,Q9NZE8_1_85
706,7,Q9NZG7_1_142
707,7,Q9NZH0_1_50
708,7,Q9NZH0_296_403
709,7,Q9NZH4_165_202
710,7,Q9NZH4_1_112
711,7,Q9NZH6_1_52
712,7,Q9NZI2_1_43
713,7,Q9NZI5_1_32
714,7,Q9NZI5_465_529
715,7,Q9NZI6_1_47
716,7,Q9NZI6_257_309
717,7,Q9NZI7_431_466
718,7,Q9NZI7_272_368
719,7,Q9NZI7_1_64
720,7,Q9NZI8_145_199
721,7,Q9NZI8_355_411
722,7,Q9NZJ0_1_30
723,7,Q9NZJ0_186_219
724,7,Q9NZJ4_4197_4309
725,7,Q9NZJ4_4361_4448
726,7,Q9NZJ4_1762_1814
727,7,Q9NZJ5_952_992
728,7,Q9NZJ5_1_109
729,7,Q9NZJ5_1077_1116
730,7,Q9NZJ5_263_317
731,7,Q9NZJ6_1_97
732,7,Q9NZJ6_332_369
733,7,Q9NZJ6_255_284
734,7,Q9NZJ7_1_84
735,7,Q9NZJ9_144_180
736,7,Q9NZL3_610_707
737,7,Q9NZL4_1_64
738,7,Q9NZL6_196_230
739,7,Q9NZL6_1_59
740,7,Q9NZL6_730_768
741,7,Q9NZL6_499_652
742,7,Q9NZM1_120_202
743,7,Q9NZM1_457_505
744,7,Q9NZM1_2017_2061
745,7,Q9NZM1_1399_1454
746,7,Q9NZM1_1037_1131
747,7,Q9NZM1_335_398
748,7,Q9NZM3_948_990
749,7,Q9NZM3_324_424
750,7,Q9NZM3_1032_1062
751,7,Q9NZM3_98_244
752,7,Q9NZM3_810_899
753,7,Q9NZM3_1104_1136
754,7,Q9NZM5_1_44
755,7,Q9NZM5_295_341
756,7,Q9NZM6_506_624
757,7,Q9NZN1_555_696
758,7,Q9NZN1_1_30
759,7,Q9NZN4_410_444
760,7,Q9NZN5_1_75
761,7,Q9NZN5_142_205
762,7,Q9NZN5_251_375
763,7,Q9NZN9_328_384
764,7,Q9NZP8_155_237
765,7,Q9NZP8_1_45
766,7,Q9NZQ8_1117_1165
767,7,Q9NZQ8_658_725
768,7,Q9NZQ8_436_515
769,7,Q9NZQ8_1_32
770,7,Q9NZR1_135_172
771,7,Q9NZR2_1_77
772,7,Q9NZR4_1_160
773,7,Q9NZR4_233_365
774,7,Q9NZS2_1_33
775,7,Q9NZS2_62_110
776,7,Q9NZS9_122_160
777,7,Q9NZT2_1_70
778,7,Q9NZU0_1_30
779,7,Q9NZU5_206_239
780,7,Q9NZU5_1_35
781,7,Q9NZV1_94_139
782,7,Q9NZV1_1_44
783,7,Q9NZW5_280_319
784,7,Q9NZW5_100_133
785,7,Q9NZY2_1_134
786,7,Q9NZZ3_138_219
787,7,Q9P013_77_190
788,7,Q9P016_1_54
789,7,Q9P021_1_43
790,7,Q9P031_1_46
791,7,Q9P031_99_161
792,7,Q9P0G3_1_41
793,7,Q9P0I2_187_261
794,7,Q9P0J1_1_83
795,7,Q9P0J6_1_56
796,7,Q9P0K1_177_236
797,7,Q9P0K1_1_81
798,7,Q9P0K7_889_980
799,7,Q9P0K8_1_58
800,7,Q9P0K9_1_136
801,7,Q9P0L0_136_249
802,7,Q9P0L1_1_55
803,7,Q9P0L2_1_57
804,7,Q9P0L9_1_91
805,7,Q9P0L9_672_805
806,7,Q9P0M2_317_348
807,7,Q9P0M2_1_80
808,7,Q9P0M4_1_40
809,7,Q9P0M6_112_184
810,7,Q9P0N8_216_246
811,7,Q9P0N8_1_61
812,7,Q9P0P0_1_38
813,7,Q9P0P8_1_128
814,7,Q9P0S9_1_112
815,7,Q9P0T4_1_91
816,7,Q9P0T7_113_183
817,7,Q9P0U4_1_30
818,7,Q9P0U4_82_169
819,7,Q9P0U4_213_363
820,7,Q9P0V3_605_653
821,7,Q9P0V3_1_65
822,7,Q9P0V8_242_285
823,7,Q9P0V9_425_454
824,7,Q9P0V9_1_46
825,7,Q9P0W2_151_187
826,7,Q9P0W2_1_70
827,7,Q9P0W8_1_37
828,7,Q9P0X4_1428_1460
829,7,Q9P0X4_1_62
830,7,Q9P104_247_306
831,7,Q9P107_362_488
832,7,Q9P107_1_80
833,7,Q9P121_311_344
834,7,Q9P121_1_41
835,7,Q9P1A2_284_415
836,7,Q9P1A2_1_43
837,7,Q9P1A6_974_1054
838,7,Q9P1D8_1_64
839,7,Q9P1G2_1_102
840,7,Q9P1J3_1_65
841,7,Q9P1P4_1_45
842,7,Q9P1Q0_486_591
843,7,Q9P1W3_706_806
844,7,Q9P1W3_1_112
845,7,Q9P1W8_1_31
846,7,Q9P1W8_343_387
847,7,Q9P1Y5_188_223
848,7,Q9P1Y6_1_110
849,7,Q9P1Z3_1_51
850,7,Q9P202_1_149
851,7,Q9P202_219_287
852,7,Q9P202_359_427
853,7,Q9P203_598_649
854,7,Q9P203_1_83
855,7,Q9P212_554_598
856,7,Q9P212_711_850
857,7,Q9P212_2236_2302
858,7,Q9P212_2057_2141
859,7,Q9P212_889_937
860,7,Q9P215_575_609
861,7,Q9P217_765_797
862,7,Q9P217_451_488
863,7,Q9P217_1_67
864,7,Q9P217_109_183
865,7,Q9P218_1_46
866,7,Q9P218_109_176
867,7,Q9P219_929_1065
868,7,Q9P219_566_597
869,7,Q9P219_427_472
870,7,Q9P219_216_254
871,7,Q9P225_1_86
872,7,Q9P225_3060_3095
873,7,Q9P225_1056_1171
874,7,Q9P225_362_442
875,7,Q9P227_1_103
876,7,Q9P227_814_905
877,7,Q9P232_983_1028
878,7,Q9P241_1343_1426
879,7,Q9P241_961_999
880,7,Q9P241_1_63
881,7,Q9P243_397_428
882,7,Q9P243_849_891
883,7,Q9P244_1_36
884,7,Q9P244_392_437
885,7,Q9P246_1_60
886,7,Q9P253_759_797
887,7,Q9P253_896_973
888,7,Q9P253_1_45
889,7,Q9P255_1_141
890,7,Q9P255_496_531
891,7,Q9P258_1_86
892,7,Q9P260_131_256
893,7,Q9P260_385_496
894,7,Q9P260_1165_1216
895,7,Q9P260_302_360
896,7,Q9P260_1_98
897,7,Q9P270_35_142
898,7,Q9P275_1_101
899,7,Q9P278_449_484
900,7,Q9P283_815_860
901,7,Q9P283_1_100
902,7,Q9P287_1_55
903,7,Q9P289_296_361
904,7,Q9P298_1_99
905,7,Q9P299_1_37
906,7,Q9P2A4_155_302
907,7,Q9P2B2_848_879
908,7,Q9P2B7_471_532
909,7,Q9P2C4_513_612
910,7,Q9P2C4_1_141
911,7,Q9P2D0_463_499
912,7,Q9P2D0_644_722
913,7,Q9P2D1_2599_2639
914,7,Q9P2D1_1667_1719
915,7,Q9P2D1_1825_1955
916,7,Q9P2D3_2036_2071
917,7,Q9P2D3_1540_1588
918,7,Q9P2D3_1436_1473
919,7,Q9P2D3_1192_1248
920,7,Q9P2D3_1103_1152
921,7,Q9P2D8_2578_2635
922,7,Q9P2D8_44_126
923,7,Q9P2D8_458_504
924,7,Q9P2D8_1167_1289
925,7,Q9P2E2_362_407
926,7,Q9P2E2_897_1029
927,7,Q9P2E3_556_585
928,7,Q9P2E3_759_904
929,7,Q9P2E3_1353_1443
930,7,Q9P2E3_1_153
931,7,Q9P2E3_302_339
932,7,Q9P2E3_1765_1827
933,7,Q9P2E5_627_664
934,7,Q9P2E5_1_92
935,7,Q9P2E8_322_410
936,7,Q9P2E9_1053_1122
937,7,Q9P2E9_1252_1410
938,7,Q9P2F5_1_59
939,7,Q9P2F6_1_83
940,7,Q9P2F6_266_365
941,7,Q9P2F9_549_582
942,7,Q9P2F9_276_315
943,7,Q9P2G1_286_339
944,7,Q9P2G3_59_126
945,7,Q9P2G4_1_67
946,7,Q9P2G9_1_45
947,7,Q9P2H0_131_196
948,7,Q9P2H0_1_42
949,7,Q9P2H5_923_1018
950,7,Q9P2I0_628_706
951,7,Q9P2I0_407_522
952,7,Q9P2J2_1_36
953,7,Q9P2J5_112_161
954,7,Q9P2J8_1_62
955,7,Q9P2J9_1_85
956,7,Q9P2K1_1206_1248
957,7,Q9P2K1_586_626
958,7,Q9P2K2_1_36
959,7,Q9P2K2_344_378
960,7,Q9P2K2_746_825
961,7,Q9P2K3_135_216
962,7,Q9P2K3_349_495
963,7,Q9P2K5_175_223
964,7,Q9P2K5_1_105
965,7,Q9P2K6_69_99
966,7,Q9P2K8_452_481
967,7,Q9P2K8_190_280
968,7,Q9P2K8_535_590
969,7,Q9P2K8_649_801
970,7,Q9P2K8_864_915
971,7,Q9P2K8_1485_1540
972,7,Q9P2K9_1_65
973,7,Q9P2K9_624_719
974,7,Q9P2K9_118_274
975,7,Q9P2L0_983_1023
976,7,Q9P2L0_456_487
977,7,Q9P2L0_1113_1144
978,7,Q9P2M1_1_32
979,7,Q9P2M7_598_669
980,7,Q9P2M7_1135_1197
981,7,Q9P2N2_601_641
982,7,Q9P2N2_1_96
983,7,Q9P2N2_167_299
984,7,Q9P2N4_485_523
985,7,Q9P2N5_669_813
986,7,Q9P2N5_932_1060
987,7,Q9P2N6_1_91
988,7,Q9P2N7_1_68
989,7,Q9P2P1_1206_1300
990,7,Q9P2P1_1582_1621
991,7,Q9P2P1_941_1082
992,7,Q9P2P5_1_65
993,7,Q9P2P5_1147_1199
994,7,Q9P2P5_156_192
995,7,Q9P2P5_1014_1084
996,7,Q9P2P6_291_334
997,7,Q9P2P6_411_489
998,7,Q9P2P6_4388_4486
999,7,Q9P2Q2_339_386
1000,7,Q9P2R3_407_440
1001,7,Q9P2R3_1_56
1002,7,Q9P2R6_129_182
1003,7,Q9P2R6_443_510
1004,7,Q9P2R6_1_86
1005,7,Q9P2R7_1_55
1006,7,Q9P2S2_377_407
1007,7,Q9P2S2_1_35
1008,7,Q9P2S2_204_292
1009,7,Q9P2S5_277_311
1010,7,Q9P2S6_843_879
1011,7,Q9P2S6_132_171
1012,7,Q9P2T0_342_379
1013,7,Q9P2U7_497_560
1014,7,Q9P2U7_1_54
1015,7,Q9P2U8_507_582
1016,7,Q9P2U8_1_64
1017,7,Q9P2V4_345_438
1018,7,Q9P2V4_550_623
1019,7,Q9P2W6_1_132
1020,7,Q9P2W7_1_74
1021,7,Q9P2W9_161_231
1022,7,Q9P2W9_1_48
1023,7,Q9P2X3_116_169
1024,7,Q9P2X7_1_70
1025,7,Q9P2X8_1_69
1026,7,Q9P2Y5_156_191
1027,7,Q9P2Y5_1_42
1028,7,Q9QC07_621_669
1029,7,Q9UBB5_1_150
1030,7,Q9UBB5_212_273
1031,7,Q9UBB6_1_42
1032,7,Q9UBC1_267_303
1033,7,Q9UBC2_91_130
1034,7,Q9UBC2_351_390
1035,7,Q9UBC2_201_276
1036,7,Q9UBC3_345_419
1037,7,Q9UBC5_752_785
1038,7,Q9UBC7_1_116
1039,7,Q9UBD0_1_98
1040,7,Q9UBD5_153_219
1041,7,Q9UBD5_492_542
1042,7,Q9UBD6_441_479
1043,7,Q9UBD9_1_32
1044,7,Q9UBE8_1_145
1045,7,Q9UBF1_1_140
1046,7,Q9UBF1_340_373
1047,7,Q9UBF2_572_611
1048,7,Q9UBF6_1_30
1049,7,Q9UBF8_418_528
1050,7,Q9UBF8_239_324
1051,7,Q9UBF8_1_131
1052,7,Q9UBF9_449_498
1053,7,Q9UBG0_1346_1479
1054,7,Q9UBG0_118_166
1055,7,Q9UBG0_1_48
1056,7,Q9UBG7_1_47
1057,7,Q9UBG7_478_517
1058,7,Q9UBH6_626_696
1059,7,Q9UBI4_228_300
1060,7,Q9UBI4_1_55
1061,7,Q9UBI9_1_96
1062,7,Q9UBI9_195_352
1063,7,Q9UBJ2_432_472
1064,7,Q9UBJ2_1_87
1065,7,Q9UBK2_746_798
1066,7,Q9UBK5_1_93
1067,7,Q9UBK7_195_228
1068,7,Q9UBK8_153_229
1069,7,Q9UBL0_1_141
1070,7,Q9UBL3_262_332
1071,7,Q9UBL3_1_114
1072,7,Q9UBL6_1_31
1073,7,Q9UBL6_104_209
1074,7,Q9UBL9_380_471
1075,7,Q9UBM4_1_127
1076,7,Q9UBM7_1_36
1077,7,Q9UBM8_1_83
1078,7,Q9UBN1_34_99
1079,7,Q9UBN1_222_327
1080,7,Q9UBN6_1_81
1081,7,Q9UBN7_1_81
1082,7,Q9UBN7_437_478
1083,7,Q9UBP0_196_324
1084,7,Q9UBP0_83_113
1085,7,Q9UBP0_1_48
1086,7,Q9UBP4_283_350
1087,7,Q9UBP4_1_49
1088,7,Q9UBP5_1_43
1089,7,Q9UBP8_1_84
1090,7,Q9UBP9_198_304
1091,7,Q9UBQ6_1_53
1092,7,Q9UBR2_1_32
1093,7,Q9UBS0_388_482
1094,7,Q9UBS0_1_63
1095,7,Q9UBS3_87_223
1096,7,Q9UBS4_88_129
1097,7,Q9UBS5_859_961
1098,7,Q9UBS5_1_39
1099,7,Q9UBS8_144_188
1100,7,Q9UBT2_544_618
1101,7,Q9UBT3_95_137
1102,7,Q9UBT3_1_37
1103,7,Q9UBT6_230_282
1104,7,Q9UBT7_1_45
1105,7,Q9UBT7_525_565
1106,7,Q9UBU2_132_174
1107,7,Q9UBU2_1_79
1108,7,Q9UBU3_1_117
1109,7,Q9UBU7_1_46
1110,7,Q9UBU7_93_147
1111,7,Q9UBU7_254_292
1112,7,Q9UBU8_40_195
1113,7,Q9UBU9_1_122
1114,7,Q9UBU9_557_619
1115,7,Q9UBV2_765_794
1116,7,Q9UBV2_1_120
1117,7,Q9UBV7_1_79
1118,7,Q9UBV8_1_111
1119,7,Q9UBW7_1256_1293
1120,7,Q9UBW7_486_645
1121,7,Q9UBW8_227_275
1122,7,Q9UBX0_1_96
1123,7,Q9UBX1_1_42
1124,7,Q9UBX1_112_182
1125,7,Q9UBX5_1_118
1126,7,Q9UBX7_1_49
1127,7,Q9UBX8_65_99
1128,7,Q9UBY0_1_82
1129,7,Q9UBY5_307_353
1130,7,Q9UBY9_1_73
1131,7,Q9UBZ4_338_461
1132,7,Q9UBZ9_1_31
1133,7,Q9UC06_1_142
1134,7,Q9UD57_226_310
1135,7,Q9UD57_1_159
1136,7,Q9UDT6_788_825
1137,7,Q9UDT6_145_225
1138,7,Q9UDT6_1_83
1139,7,Q9UDT6_283_357
1140,7,Q9UDT6_957_1046
1141,7,Q9UDV6_1_40
1142,7,Q9UDV7_1_97
1143,7,Q9UDY2_1_33
1144,7,Q9UDY2_677_716
1145,7,Q9UDY2_382_502
1146,7,Q9UDY4_64_153
1147,7,Q9UDY8_713_824
1148,7,Q9UDY8_308_339
1149,7,Q9UDY8_1_33
1150,7,Q9UEE5_1_40
1151,7,Q9UEE5_323_414
1152,7,Q9UEF7_1_42
1153,7,Q9UEG4_1_152
1154,7,Q9UER7_1_61
1155,7,Q9UER7_136_183
1156,7,Q9UET6_288_329
1157,7,Q9UEU0_91_125
1158,7,Q9UEU5_1_116
1159,7,Q9UEW3_1_44
1160,7,Q9UEW8_356_459
1161,7,Q9UEW8_210_245
1162,7,Q9UEW8_1_55
1163,7,Q9UEY8_89_123
1164,7,Q9UEY8_1_38
1165,7,Q9UF02_206_275
1166,7,Q9UF11_125_243
1167,7,Q9UF12_1_96
1168,7,Q9UF33_1_40
1169,7,Q9UF33_530_615
1170,7,Q9UF33_938_968
1171,7,Q9UF33_694_751
1172,7,Q9UF33_814_843
1173,7,Q9UF47_128_199
1174,7,Q9UFB7_676_747
1175,7,Q9UFC0_200_278
1176,7,Q9UFD9_684_841
1177,7,Q9UFD9_892_1005
1178,7,Q9UFD9_1512_1585
1179,7,Q9UFE4_858_941
1180,7,Q9UFE4_635_674
1181,7,Q9UFH2_3259_3298
1182,7,Q9UFH2_3080_3139
1183,7,Q9UFH2_157_193
1184,7,Q9UFH2_998_1034
1185,7,Q9UFN0_1_32
1186,7,Q9UFV1_1_150
1187,7,Q9UFV3_1_132
1188,7,Q9UH03_1_47
1189,7,Q9UH36_97_139
1190,7,Q9UH36_1_56
1191,7,Q9UH62_1_110
1192,7,Q9UH64_1_79
1193,7,Q9UH65_517_585
1194,7,Q9UH73_1_37
1195,7,Q9UH90_329_380
1196,7,Q9UH90_148_292
1197,7,Q9UH92_1_119
1198,7,Q9UH99_457_523
1199,7,Q9UHB7_1040_1083
1200,7,Q9UHB9_529_627
1201,7,Q9UHB9_1_61
1202,7,Q9UHC1_275_308
1203,7,Q9UHC1_1415_1453
1204,7,Q9UHC3_471_531
1205,7,Q9UHC3_282_312
1206,7,Q9UHC6_1208_1331
1207,7,Q9UHC6_1015_1047
1208,7,Q9UHC6_1_37
1209,7,Q9UHC7_389_482
1210,7,Q9UHC9_1306_1359
1211,7,Q9UHC9_1032_1076
1212,7,Q9UHD1_68_106
1213,7,Q9UHD2_655_729
1214,7,Q9UHD4_108_158
1215,7,Q9UHD4_1_31
1216,7,Q9UHD9_1_33
1217,7,Q9UHE8_1_64
1218,7,Q9UHF0_1_121
1219,7,Q9UHF1_1_33
1220,7,Q9UHF1_220_273
1221,7,Q9UHF5_1_55
1222,7,Q9UHG2_119_260
1223,7,Q9UHG2_1_67
1224,7,Q9UHH9_341_370
1225,7,Q9UHH9_85_184
1226,7,Q9UHI5_491_535
1227,7,Q9UHI5_1_46
1228,7,Q9UHI6_1_61
1229,7,Q9UHI7_560_598
1230,7,Q9UHI7_1_37
1231,7,Q9UHI8_1_126
1232,7,Q9UHI8_155_257
1233,7,Q9UHJ3_1_30
1234,7,Q9UHJ3_448_505
1235,7,Q9UHL0_1_77
1236,7,Q9UHL9_1_34
1237,7,Q9UHL9_424_564
1238,7,Q9UHL9_639_704
1239,7,Q9UHL9_873_959
1240,7,Q9UHL9_82_128
1241,7,Q9UHL9_197_330
1242,7,Q9UHM6_369_478
1243,7,Q9UHM6_1_62
1244,7,Q9UHN1_1_73
1245,7,Q9UHN6_1_95
1246,7,Q9UHP3_462_526
1247,7,Q9UHP3_713_764
1248,7,Q9UHP9_1_88
1249,7,Q9UHQ1_1_62
1250,7,Q9UHQ7_1_48
1251,7,Q9UHR4_243_345
1252,7,Q9UHR4_398_511
1253,7,Q9UHR5_1_100
1254,7,Q9UHR5_217_308
1255,7,Q9UHR6_55_193
1256,7,Q9UHT4_1_67
1257,7,Q9UHV2_80_236
1258,7,Q9UHV2_1_42
1259,7,Q9UHV5_1_154
1260,7,Q9UHV7_1161_1232
1261,7,Q9UHV7_1736_1771
1262,7,Q9UHV7_1926_2066
1263,7,Q9UHV9_124_154
1264,7,Q9UHW9_1005_1087
1265,7,Q9UHX1_1_121
1266,7,Q9UHX3_1_38
1267,7,Q9UHY1_1_59
1268,7,Q9UHY1_394_446
1269,7,Q9UI14_1_30
1270,7,Q9UI17_1_46
1271,7,Q9UI25_1_63
1272,7,Q9UI32_1_74
1273,7,Q9UI33_1_71
1274,7,Q9UI33_405_562
1275,7,Q9UI33_1692_1791
1276,7,Q9UI33_1312_1343
1277,7,Q9UI33_718_750
1278,7,Q9UI36_717_758
1279,7,Q9UI38_1_105
1280,7,Q9UI40_1_124
1281,7,Q9UI43_1_30
1282,7,Q9UI46_122_199
1283,7,Q9UI46_247_276
1284,7,Q9UI46_1_58
1285,7,Q9UI47_838_895
1286,7,Q9UI47_624_666
1287,7,Q9UI47_1_58
1288,7,Q9UI72_1_69
1289,7,Q9UIB8_250_345
1290,7,Q9UID3_1_65
1291,7,Q9UID3_632_688
1292,7,Q9UIE0_408_474
1293,7,Q9UIF3_397_430
1294,7,Q9UIF7_494_546
1295,7,Q9UIF7_1_79
1296,7,Q9UIF8_1977_2066
1297,7,Q9UIF8_1259_1347
1298,7,Q9UIF8_1834_1865
1299,7,Q9UIF9_1022_1084
1300,7,Q9UIF9_1721_1800
1301,7,Q9UIF9_1608_1641
1302,7,Q9UIG0_695_728
1303,7,Q9UIG0_1449_1483
1304,7,Q9UIG0_925_992
1305,7,Q9UIG0_797_851
1306,7,Q9UIG0_1229_1340
1307,7,Q9UIG0_132_223
1308,7,Q9UIG4_1_136
1309,7,Q9UIG5_1_152
1310,7,Q9UIG8_131_175
1311,7,Q9UIG8_1_35
1312,7,Q9UIG8_289_338
1313,7,Q9UIG8_651_710
1314,7,Q9UII2_1_40
1315,7,Q9UII4_1_43
1316,7,Q9UII5_1_113
1317,7,Q9UIJ5_295_367
1318,7,Q9UIK4_318_370
1319,7,Q9UIK5_226_374
1320,7,Q9UIK5_138_168
1321,7,Q9UIK5_1_75
1322,7,Q9UIL1_1_89
1323,7,Q9UIL4_1_35
1324,7,Q9UIL4_199_267
1325,7,Q9UIL8_155_217
1326,7,Q9UIL8_1_42
1327,7,Q9UIM3_1_99
1328,7,Q9UIQ6_1_155
1329,7,Q9UIS9_253_337
1330,7,Q9UIS9_71_147
1331,7,Q9UIU6_1_110
1332,7,Q9UIW0_193_290
1333,7,Q9UIW0_1_77
1334,7,Q9UIW2_1229_1306
1335,7,Q9UIW2_1_45
1336,7,Q9UIW2_1597_1682
1337,7,Q9UIX4_1_52
1338,7,Q9UIX4_180_214
1339,7,Q9UK00_1_53
1340,7,Q9UK00_95_162
1341,7,Q9UK05_276_327
1342,7,Q9UK05_1_82
1343,7,Q9UK10_641_706
1344,7,Q9UK11_434_482
1345,7,Q9UK13_573_617
1346,7,Q9UK22_1_36
1347,7,Q9UK23_1_45
1348,7,Q9UK23_420_515
1349,7,Q9UK28_1_73
1350,7,Q9UK32_702_745
1351,7,Q9UK32_566_605
1352,7,Q9UK32_1_75
1353,7,Q9UK32_360_426
1354,7,Q9UK39_1_104
1355,7,Q9UK53_263_353
1356,7,Q9UK55_1_63
1357,7,Q9UK58_1_54
1358,7,Q9UK59_388_544
1359,7,Q9UK61_325_363
1360,7,Q9UK61_1_111
1361,7,Q9UK76_1_154
1362,7,Q9UK80_320_351
1363,7,Q9UK85_1_75
1364,7,Q9UK85_122_242
1365,7,Q9UK96_882_956
1366,7,Q9UK96_673_721
1367,7,Q9UK96_274_403
1368,7,Q9UK96_1_110
1369,7,Q9UK97_128_168
1370,7,Q9UK97_1_87
1371,7,Q9UK99_420_471
1372,7,Q9UKA1_162_206
1373,7,Q9UKA2_230_277
1374,7,Q9UKA2_1_53
1375,7,Q9UKA8_1_39
1376,7,Q9UKA8_191_241
1377,7,Q9UKA9_271_342
1378,7,Q9UKA9_1_64
1379,7,Q9UKA9_133_184
1380,7,Q9UKB1_1_72
1381,7,Q9UKB3_100_198
1382,7,Q9UKD1_173_231
1383,7,Q9UKD1_1_89
1384,7,Q9UKE5_309_361
1385,7,Q9UKE5_169_201
1386,7,Q9UKF2_1_49
1387,7,Q9UKF2_703_790
1388,7,Q9UKF5_153_198
1389,7,Q9UKF5_688_820
1390,7,Q9UKF5_1_39
1391,7,Q9UKF7_251_332
1392,7,Q9UKG1_380_503
1393,7,Q9UKG1_664_709
1394,7,Q9UKG4_155_261
1395,7,Q9UKI8_736_766
1396,7,Q9UKI8_349_391
1397,7,Q9UKI9_342_436
1398,7,Q9UKJ0_154_189
1399,7,Q9UKJ1_154_303
1400,7,Q9UKJ3_1_40
1401,7,Q9UKJ8_176_211
1402,7,Q9UKJ8_1_50
1403,7,Q9UKK3_745_784
1404,7,Q9UKK3_88_155
1405,7,Q9UKK3_573_628
1406,7,Q9UKL0_241_311
1407,7,Q9UKL0_443_485
1408,7,Q9UKL0_1_116
1409,7,Q9UKL3_1_57
1410,7,Q9UKL4_110_195
1411,7,Q9UKL4_290_321
1412,7,Q9UKM7_1_75
1413,7,Q9UKM7_110_245
1414,7,Q9UKM9_219_306
1415,7,Q9UKM9_96_179
1416,7,Q9UKN1_5405_5478
1417,7,Q9UKN7_1739_1774
1418,7,Q9UKN7_1966_2006
1419,7,Q9UKN8_586_667
1420,7,Q9UKN8_1_53
1421,7,Q9UKP3_59_106
1422,7,Q9UKP3_312_347
1423,7,Q9UKP4_439_529
1424,7,Q9UKP5_1067_1117
1425,7,Q9UKP6_1_47
1426,7,Q9UKP6_323_389
1427,7,Q9UKQ2_154_206
1428,7,Q9UKQ2_684_775
1429,7,Q9UKQ2_1_58
1430,7,Q9UKR3_1_39
1431,7,Q9UKS6_302_369
1432,7,Q9UKS7_1_110
1433,7,Q9UKT4_307_362
1434,7,Q9UKT5_136_176
1435,7,Q9UKT5_1_53
1436,7,Q9UKT6_1_43
1437,7,Q9UKT7_1_37
1438,7,Q9UKT8_40_72
1439,7,Q9UKU6_1_136
1440,7,Q9UKU7_1_32
1441,7,Q9UKU9_209_275
1442,7,Q9UKU9_1_89
1443,7,Q9UKV0_1_42
1444,7,Q9UKV3_1092_1215
1445,7,Q9UKV3_1_67
1446,7,Q9UKV5_1_70
1447,7,Q9UKV5_491_643
1448,7,Q9UKV5_377_457
1449,7,Q9UKW4_147_186
1450,7,Q9UKW4_761_847
1451,7,Q9UKW4_558_603
1452,7,Q9UKW6_123_176
1453,7,Q9UKW6_1_62
1454,7,Q9UKX2_616_660
1455,7,Q9UKX3_618_657
1456,7,Q9UKX5_1145_1188
1457,7,Q9UKX7_200_351
1458,7,Q9UKX7_1_154
1459,7,Q9UKY0_1_49
1460,7,Q9UKY1_349_473
1461,7,Q9UKY1_828_873
1462,7,Q9UKY1_723_784
1463,7,Q9UKY1_627_670
1464,7,Q9UKY1_518_579
1465,7,Q9UKY1_138_289
1466,7,Q9UKY1_1_79
1467,7,Q9UKY4_1_56
1468,7,Q9UKZ1_1_68
1469,7,Q9UKZ4_672_773
1470,7,Q9UKZ4_461_498
1471,7,Q9UKZ9_266_306
1472,7,Q9UL12_1_60
1473,7,Q9UL16_296_416
1474,7,Q9UL16_1_91
1475,7,Q9UL17_1_123
1476,7,Q9UL18_812_857
1477,7,Q9UL19_120_164
1478,7,Q9UL25_193_225
1479,7,Q9UL36_1793_1845
1480,7,Q9UL36_1061_1151
1481,7,Q9UL36_583_662
1482,7,Q9UL40_1_51
1483,7,Q9UL41_338_463
1484,7,Q9UL41_113_155
1485,7,Q9UL42_109_160
1486,7,Q9UL45_1_44
1487,7,Q9UL49_469_500
1488,7,Q9UL62_669_699
1489,7,Q9ULB1_198_285
1490,7,Q9ULB1_1_34
1491,7,Q9ULB4_1_66
1492,7,Q9ULB5_1_58
1493,7,Q9ULC3_180_237
1494,7,Q9ULD0_1_108
1495,7,Q9ULD2_1219_1270
1496,7,Q9ULD4_379_483
1497,7,Q9ULD4_1_131
1498,7,Q9ULD6_849_884
1499,7,Q9ULD6_651_798
1500,7,Q9ULD6_256_307
1501,7,Q9ULD8_130_216
1502,7,Q9ULD8_405_445
1503,7,Q9ULD9_411_552
1504,7,Q9ULE0_174_228
1505,7,Q9ULE3_980_1009
1506,7,Q9ULE4_934_1060
1507,7,Q9ULE4_1_34
1508,7,Q9ULE4_161_197
1509,7,Q9ULE4_340_396
1510,7,Q9ULE4_504_588
1511,7,Q9ULE4_757_808
1512,7,Q9ULE6_1_70
1513,7,Q9ULF5_1_59
1514,7,Q9ULF5_462_491
1515,7,Q9ULF5_530_667
1516,7,Q9ULG1_703_738
1517,7,Q9ULG3_1_111
1518,7,Q9ULG6_724_757
1519,7,Q9ULG6_536_637
1520,7,Q9ULG6_452_498
1521,7,Q9ULH0_1061_1213
1522,7,Q9ULH0_821_947
1523,7,Q9ULH0_587_679
1524,7,Q9ULH0_410_455
1525,7,Q9ULH1_294_324
1526,7,Q9ULH4_378_432
1527,7,Q9ULH7_420_554
1528,7,Q9ULH7_1_34
1529,7,Q9ULI0_695_763
1530,7,Q9ULI1_1_30
1531,7,Q9ULI1_772_816
1532,7,Q9ULI1_1643_1742
1533,7,Q9ULI1_174_203
1534,7,Q9ULI2_305_386
1535,7,Q9ULI3_1225_1381
1536,7,Q9ULJ1_1_125
1537,7,Q9ULJ1_339_385
1538,7,Q9ULJ3_952_1066
1539,7,Q9ULJ7_493_540
1540,7,Q9ULJ7_1_78
1541,7,Q9ULJ8_617_672
1542,7,Q9ULK0_857_1009
1543,7,Q9ULK2_344_464
1544,7,Q9ULK4_1_37
1545,7,Q9ULK4_1328_1368
1546,7,Q9ULK5_1_104
1547,7,Q9ULK5_290_335
1548,7,Q9ULK6_325_438
1549,7,Q9ULL1_1_113
1550,7,Q9ULL4_1615_1700
1551,7,Q9ULL4_1_50
1552,7,Q9ULL4_1050_1089
1553,7,Q9ULL4_1235_1364
1554,7,Q9ULL8_1146_1302
1555,7,Q9ULM0_735_766
1556,7,Q9ULM0_1321_1364
1557,7,Q9ULM3_1240_1324
1558,7,Q9ULM3_86_207
1559,7,Q9ULP0_290_352
1560,7,Q9ULP9_443_493
1561,7,Q9ULQ0_1_55
1562,7,Q9ULQ0_311_424
1563,7,Q9ULQ0_792_834
1564,7,Q9ULQ1_1_69
1565,7,Q9ULR0_203_248
1566,7,Q9ULR3_193_228
1567,7,Q9ULR3_1_38
1568,7,Q9ULR3_105_141
1569,7,Q9ULR5_80_123
1570,7,Q9ULR5_1_32
1571,7,Q9ULS5_1_63
1572,7,Q9ULS5_144_285
1573,7,Q9ULS6_124_156
1574,7,Q9ULS6_422_477
1575,7,Q9ULT0_630_704
1576,7,Q9ULT0_1_65
1577,7,Q9ULT6_261_296
1578,7,Q9ULT6_1_58
1579,7,Q9ULT8_476_519
1580,7,Q9ULT8_624_657
1581,7,Q9ULT8_1947_2037
1582,7,Q9ULT8_235_281
1583,7,Q9ULT8_2098_2131
1584,7,Q9ULT8_2274_2344
1585,7,Q9ULT8_329_376
1586,7,Q9ULT8_800_834
1587,7,Q9ULU4_1_89
1588,7,Q9ULU4_1062_1186
1589,7,Q9ULU8_1001_1065
1590,7,Q9ULU8_352_396
1591,7,Q9ULU8_627_665
1592,7,Q9ULU8_1_105
1593,7,Q9ULV0_1621_1659
1594,7,Q9ULV0_583_637
1595,7,Q9ULV1_1_44
1596,7,Q9ULV3_845_898
1597,7,Q9ULV3_724_796
1598,7,Q9ULV4_401_442
1599,7,Q9ULV8_396_474
1600,7,Q9ULW2_1_38
1601,7,Q9ULW2_538_581
1602,7,Q9ULW2_143_197
1603,7,Q9ULW3_213_272
1604,7,Q9ULW3_1_39
1605,7,Q9ULW5_1_58
1606,7,Q9ULW6_1_104
1607,7,Q9ULW6_167_237
1608,7,Q9ULW6_418_460
1609,7,Q9ULX3_112_219
1610,7,Q9ULX3_360_412
1611,7,Q9ULX5_548_631
1612,7,Q9ULX5_1_138
1613,7,Q9ULX5_358_430
1614,7,Q9ULX5_188_226
1615,7,Q9ULX6_544_646
1616,7,Q9ULX9_134_164
1617,7,Q9ULZ0_1_124
1618,7,Q9ULZ1_1_77
1619,7,Q9ULZ2_263_295
1620,7,Q9ULZ3_82_195
1621,7,Q9ULZ9_1_56
1622,7,Q9ULZ9_520_603
1623,7,Q9ULZ9_297_329
1624,7,Q9UN19_1_32
1625,7,Q9UN30_1_43
1626,7,Q9UN30_101_250
1627,7,Q9UN36_318_371
1628,7,Q9UN37_71_112
1629,7,Q9UN42_1_89
1630,7,Q9UN66_664_801
1631,7,Q9UN66_1_38
1632,7,Q9UN67_1_40
1633,7,Q9UN67_663_800
1634,7,Q9UN70_1_40
1635,7,Q9UN71_1_37
1636,7,Q9UN73_1_33
1637,7,Q9UN74_1_32
1638,7,Q9UN75_1_32
1639,7,Q9UN76_1_30
1640,7,Q9UN79_525_622
1641,7,Q9UN79_1_140
1642,7,Q9UN81_1_56
1643,7,Q9UN86_405_482
1644,7,Q9UN88_1_58
1645,7,Q9UNA0_849_930
1646,7,Q9UNA0_1_135
1647,7,Q9UNA0_180_266
1648,7,Q9UNA3_1_44
1649,7,Q9UNA4_1_52
1650,7,Q9UNE2_166_315
1651,7,Q9UNF0_307_430
1652,7,Q9UNF1_502_606
1653,7,Q9UNG2_1_48
1654,7,Q9UNH6_1_31
1655,7,Q9UNH7_1_30
1656,7,Q9UNI6_1_31
1657,7,Q9UNK0_96_153
1658,7,Q9UNL4_115_193
1659,7,Q9UNM6_1_107
1660,7,Q9UNN5_164_194
1661,7,Q9UNN5_39_104
1662,7,Q9UNN5_259_328
1663,7,Q9UNP4_1_77
1664,7,Q9UNP9_77_139
1665,7,Q9UNQ0_300_330
1666,7,Q9UNQ0_1_43
1667,7,Q9UNS1_937_1013
1668,7,Q9UNS1_1090_1208
1669,7,Q9UNS1_644_693
1670,7,Q9UNS1_518_573
1671,7,Q9UNS2_1_59
1672,7,Q9UNT1_197_228
1673,7,Q9UNW1_1_41
1674,7,Q9UNW8_1_42
1675,7,Q9UNW8_336_380
1676,7,Q9UNW9_1_35
1677,7,Q9UNX4_216_273
1678,7,Q9UNX9_378_436
1679,7,Q9UNX9_1_54
1680,7,Q9UNY4_447_543
1681,7,Q9UNY4_866_982
1682,7,Q9UNY4_699_730
1683,7,Q9UNY4_613_643
1684,7,Q9UNY5_124_275
1685,7,Q9UNY5_1_54
1686,7,Q9UNZ2_39_168
1687,7,Q9UP38_224_276
1688,7,Q9UP38_1_118
1689,7,Q9UP52_1_136
1690,7,Q9UP65_249_342
1691,7,Q9UP79_1_104
1692,7,Q9UP79_808_841
1693,7,Q9UP79_144_219
1694,7,Q9UP83_428_469
1695,7,Q9UP83_1_71
1696,7,Q9UP95_941_1021
1697,7,Q9UP95_1_105
1698,7,Q9UPC5_341_381
1699,7,Q9UPC5_1_48
1700,7,Q9UPE1_1_58
1701,7,Q9UPE1_248_389
1702,7,Q9UPG8_1_71
1703,7,Q9UPI3_1_82
1704,7,Q9UPM6_1_70
1705,7,Q9UPM6_275_363
1706,7,Q9UPM8_1_41
1707,7,Q9UPM9_131_204
1708,7,Q9UPN3_5247_5362
1709,7,Q9UPN3_3745_3810
1710,7,Q9UPN3_6938_6991
1711,7,Q9UPN3_2559_2619
1712,7,Q9UPN3_522_572
1713,7,Q9UPN3_5873_5908
1714,7,Q9UPN3_1_71
1715,7,Q9UPN3_1434_1474
1716,7,Q9UPN3_1024_1057
1717,7,Q9UPN4_1054_1083
1718,7,Q9UPN7_275_315
1719,7,Q9UPN9_1_132
1720,7,Q9UPN9_1087_1127
1721,7,Q9UPP1_1_44
1722,7,Q9UPQ3_825_857
1723,7,Q9UPQ3_233_354
1724,7,Q9UPQ3_401_558
1725,7,Q9UPQ7_332_427
1726,7,Q9UPQ9_1726_1833
1727,7,Q9UPR0_1_136
1728,7,Q9UPR0_1093_1127
1729,7,Q9UPR5_1_57
1730,7,Q9UPR5_245_399
1731,7,Q9UPR5_615_722
1732,7,Q9UPR6_542_587
1733,7,Q9UPR6_349_455
1734,7,Q9UPR6_902_939
1735,7,Q9UPS6_1_93
1736,7,Q9UPS8_1304_1406
1737,7,Q9UPS8_1580_1710
1738,7,Q9UPS8_1_53
1739,7,Q9UPT5_239_359
1740,7,Q9UPT6_817_969
1741,7,Q9UPT6_1_30
1742,7,Q9UPT9_331_363
1743,7,Q9UPU3_1102_1222
1744,7,Q9UPU5_594_647
1745,7,Q9UPU5_879_924
1746,7,Q9UPU5_1_132
1747,7,Q9UPU5_2025_2117
1748,7,Q9UPU5_2538_2620
1749,7,Q9UPU5_1023_1071
1750,7,Q9UPU5_1916_1957
1751,7,Q9UPU7_1_45
1752,7,Q9UPU7_452_486
1753,7,Q9UPU7_541_606
1754,7,Q9UPU9_415_495
1755,7,Q9UPV0_1031_1102
1756,7,Q9UPV7_1_107
1757,7,Q9UPV7_319_372
1758,7,Q9UPV9_1_91
1759,7,Q9UPW0_1_69
1760,7,Q9UPW5_1141_1226
1761,7,Q9UPW6_1_71
1762,7,Q9UPW6_673_733
1763,7,Q9UPW6_560_624
1764,7,Q9UPW6_436_484
1765,7,Q9UPW6_227_364
1766,7,Q9UPW8_1389_1460
1767,7,Q9UPX0_1_42
1768,7,Q9UPX8_200_243
1769,7,Q9UPX8_1_150
1770,7,Q9UPY3_1_59
1771,7,Q9UPY3_1588_1652
1772,7,Q9UPY3_1769_1805
1773,7,Q9UPY3_380_447
1774,7,Q9UPY3_478_509
1775,7,Q9UPY3_579_623
1776,7,Q9UPY3_709_746
1777,7,Q9UPY5_1_43
1778,7,Q9UPY8_135_199
1779,7,Q9UPZ3_1030_1066
1780,7,Q9UPZ3_644_776
1781,7,Q9UPZ6_1_157
1782,7,Q9UQ03_409_440
1783,7,Q9UQ05_129_218
1784,7,Q9UQ05_905_1017
1785,7,Q9UQ07_297_419
1786,7,Q9UQ13_1_88
1787,7,Q9UQ16_496_537
1788,7,Q9UQ16_743_869
1789,7,Q9UQ16_626_657
1790,7,Q9UQ26_750_808
1791,7,Q9UQ26_1380_1411
1792,7,Q9UQ26_1_119
1793,7,Q9UQ35_1_42
1794,7,Q9UQ49_288_327
1795,7,Q9UQ52_987_1028
1796,7,Q9UQ52_1_31
1797,7,Q9UQ53_73_114
1798,7,Q9UQ72_1_35
1799,7,Q9UQ74_1_35
1800,7,Q9UQ88_1_110
1801,7,Q9UQ88_729_783
1802,7,Q9UQ90_751_795
1803,7,Q9UQ90_261_302
1804,7,Q9UQ90_1_138
1805,7,Q9UQB3_778_828
1806,7,Q9UQB8_248_378
1807,7,Q9UQB8_433_552
1808,7,Q9UQB9_1_40
1809,7,Q9UQC9_1_34
1810,7,Q9UQD0_1856_1980
1811,7,Q9UQD0_1_69
1812,7,Q9UQE7_1053_1099
1813,7,Q9UQF0_1_70
1814,7,Q9UQG0_847_969
1815,7,Q9UQK1_258_317
1816,7,Q9UQK1_1_130
1817,7,Q9UQL6_1_72
1818,7,Q9UQM7_296_348
1819,7,Q9UQN3_132_213
1820,7,Q9UQP3_1_157
1821,7,Q9UQQ2_301_357
1822,7,Q9UQQ2_73_203
1823,7,Q9UQQ2_453_575
1824,7,Q9UQR0_242_359
1825,7,Q9UQR0_1_34
1826,7,Q9WJR5_851_959
1827,7,Q9Y210_1_99
1828,7,Q9Y210_775_861
1829,7,Q9Y215_351_455
1830,7,Q9Y216_549_660
1831,7,Q9Y217_541_621
1832,7,Q9Y219_710_753
1833,7,Q9Y219_564_618
1834,7,Q9Y222_1_144
1835,7,Q9Y225_117_148
1836,7,Q9Y226_506_551
1837,7,Q9Y227_587_616
1838,7,Q9Y227_1_37
1839,7,Q9Y228_422_466
1840,7,Q9Y231_1_60
1841,7,Q9Y232_1_66
1842,7,Q9Y233_1_93
1843,7,Q9Y234_1_32
1844,7,Q9Y235_1_66
1845,7,Q9Y236_203_234
1846,7,Q9Y237_1_37
1847,7,Q9Y238_1520_1568
1848,7,Q9Y238_1311_1378
1849,7,Q9Y238_1068_1107
1850,7,Q9Y239_396_436
1851,7,Q9Y239_541_589
1852,7,Q9Y240_1_105
1853,7,Q9Y241_1_93
1854,7,Q9Y243_110_150
1855,7,Q9Y243_438_479
1856,7,Q9Y244_1_34
1857,7,Q9Y247_111_153
1858,7,Q9Y250_567_596
1859,7,Q9Y251_1_35
1860,7,Q9Y253_660_713
1861,7,Q9Y256_1_33
1862,7,Q9Y257_266_313
1863,7,Q9Y259_1_47
1864,7,Q9Y261_1_155
1865,7,Q9Y263_378_408
1866,7,Q9Y263_448_533
1867,7,Q9Y264_1_93
1868,7,Q9Y264_259_289
1869,7,Q9Y266_92_156
1870,7,Q9Y267_562_594
1871,7,Q9Y267_1_51
1872,7,Q9Y271_303_337
1873,7,Q9Y272_212_281
1874,7,Q9Y275_1_45
1875,7,Q9Y275_84_138
1876,7,Q9Y278_1_107
1877,7,Q9Y284_1_106
1878,7,Q9Y286_338_467
1879,7,Q9Y287_1_53
1880,7,Q9Y289_567_635
1881,7,Q9Y289_474_520
1882,7,Q9Y294_157_204
1883,7,Q9Y295_38_119
1884,7,Q9Y297_1_138
1885,7,Q9Y2A9_1_58
1886,7,Q9Y2B1_23_91
1887,7,Q9Y2B4_1_34
1888,7,Q9Y2B5_302_407
1889,7,Q9Y2B5_85_137
1890,7,Q9Y2B9_1_76
1891,7,Q9Y2C2_1_92
1892,7,Q9Y2C2_364_406
1893,7,Q9Y2C4_1_57
1894,7,Q9Y2C5_1_35
1895,7,Q9Y2C5_62_100
1896,7,Q9Y2C9_1_35
1897,7,Q9Y2D0_1_58
1898,7,Q9Y2D4_222_295
1899,7,Q9Y2D4_770_811
1900,7,Q9Y2D4_1_36
1901,7,Q9Y2D5_743_859
1902,7,Q9Y2D8_479_614
1903,7,Q9Y2D8_1_60
1904,7,Q9Y2D8_291_333
1905,7,Q9Y2D9_488_606
1906,7,Q9Y2E8_473_581
1907,7,Q9Y2E8_1_57
1908,7,Q9Y2F9_1_98
1909,7,Q9Y2G0_677_817
1910,7,Q9Y2G3_432_531
1911,7,Q9Y2G3_1103_1177
1912,7,Q9Y2G4_274_406
1913,7,Q9Y2G5_1_41
1914,7,Q9Y2G8_87_142
1915,7,Q9Y2G8_547_607
1916,7,Q9Y2G8_671_760
1917,7,Q9Y2G9_606_710
1918,7,Q9Y2G9_1226_1366
1919,7,Q9Y2G9_868_903
1920,7,Q9Y2H0_912_992
1921,7,Q9Y2H1_430_464
1922,7,Q9Y2H2_105_157
1923,7,Q9Y2H2_246_277
1924,7,Q9Y2H5_1_54
1925,7,Q9Y2H6_1137_1198
1926,7,Q9Y2H8_647_683
1927,7,Q9Y2H8_1_53
1928,7,Q9Y2H9_517_551
1929,7,Q9Y2H9_311_374
1930,7,Q9Y2I1_1430_1472
1931,7,Q9Y2I1_1192_1221
1932,7,Q9Y2I2_1_36
1933,7,Q9Y2I2_498_539
1934,7,Q9Y2I6_569_623
1935,7,Q9Y2I6_1233_1265
1936,7,Q9Y2I7_1508_1648
1937,7,Q9Y2I7_1685_1810
1938,7,Q9Y2I7_210_361
1939,7,Q9Y2I7_1_146
1940,7,Q9Y2I7_1095_1210
1941,7,Q9Y2I8_88_144
1942,7,Q9Y2I8_232_266
1943,7,Q9Y2I8_1_53
1944,7,Q9Y2I9_1_148
1945,7,Q9Y2J0_1_56
1946,7,Q9Y2J0_516_550
1947,7,Q9Y2J2_1_108
1948,7,Q9Y2J4_650_779
1949,7,Q9Y2K2_1_60
1950,7,Q9Y2K3_1_37
1951,7,Q9Y2K3_627_665
1952,7,Q9Y2K5_1_147
1953,7,Q9Y2K6_485_535
1954,7,Q9Y2K6_85_141
1955,7,Q9Y2K7_512_572
1956,7,Q9Y2K7_359_453
1957,7,Q9Y2K7_1_38
1958,7,Q9Y2K9_1_53
1959,7,Q9Y2K9_558_610
1960,7,Q9Y2K9_678_834
1961,7,Q9Y2L1_929_958
1962,7,Q9Y2L5_375_417
1963,7,Q9Y2L5_1200_1232
1964,7,Q9Y2L5_1271_1309
1965,7,Q9Y2L5_842_875
1966,7,Q9Y2L5_962_994
1967,7,Q9Y2L5_237_340
1968,7,Q9Y2L6_1_53
1969,7,Q9Y2L6_376_423
1970,7,Q9Y2L8_1_55
1971,7,Q9Y2L8_441_558
1972,7,Q9Y2L9_1_69
1973,7,Q9Y2M2_1_54
1974,7,Q9Y2M5_1_41
1975,7,Q9Y2P0_1_113
1976,7,Q9Y2P0_493_537
1977,7,Q9Y2P5_1_72
1978,7,Q9Y2Q0_1092_1164
1979,7,Q9Y2Q0_1_44
1980,7,Q9Y2Q0_429_463
1981,7,Q9Y2Q1_531_563
1982,7,Q9Y2Q1_383_427
1983,7,Q9Y2Q1_268_310
1984,7,Q9Y2Q9_1_60
1985,7,Q9Y2R0_1_33
1986,7,Q9Y2R4_1_130
1987,7,Q9Y2R9_1_37
1988,7,Q9Y2S6_1_64
1989,7,Q9Y2S7_1_63
1990,7,Q9Y2T1_202_358
1991,7,Q9Y2T1_1_75
1992,7,Q9Y2T5_1_36
1993,7,Q9Y2T7_1_83
1994,7,Q9Y2U2_270_307
1995,7,Q9Y2U5_1_46
1996,7,Q9Y2V2_1_39
1997,7,Q9Y2V3_1_132
1998,7,Q9Y2V3_202_346
1999,7,Q9Y2V7_1_62
2000,7,Q9Y2W3_1_116
2001,7,Q9Y2W6_209_306
2002,7,Q9Y2W6_493_561
2003,7,Q9Y2W7_1_86
2004,7,Q9Y2X0_817_877
2005,7,Q9Y2X0_747_784
2006,7,Q9Y2X3_402_529
2007,7,Q9Y2X7_355_425
2008,7,Q9Y2Y4_438_487
2009,7,Q9Y2Y6_29_85
2010,7,Q9Y2Y8_1_87
2011,7,Q9Y2Z0_117_161
2012,7,Q9Y2Z0_257_300
2013,7,Q9Y2Z2_371_405
2014,7,Q9Y2Z2_1_37
2015,7,Q9Y2Z4_1_44
2016,7,Q9Y2Z9_1_35
2017,7,Q9Y305_1_43
2018,7,Q9Y314_120_165
2019,7,Q9Y320_266_296
2020,7,Q9Y334_821_891
2021,7,Q9Y334_1_35
2022,7,Q9Y336_333_463
2023,7,Q9Y337_1_70
2024,7,Q9Y342_1_31
2025,7,Q9Y343_101_169
2026,7,Q9Y345_324_367
2027,7,Q9Y371_254_311
2028,7,Q9Y375_1_102
2029,7,Q9Y383_259_392
2030,7,Q9Y383_1_45
2031,7,Q9Y385_191_318
2032,7,Q9Y397_300_364
2033,7,Q9Y399_1_59
2034,7,Q9Y3A0_1_36
2035,7,Q9Y3A5_175_250
2036,7,Q9Y3A6_1_30
2037,7,Q9Y3B3_1_30
2038,7,Q9Y3B8_1_32
2039,7,Q9Y3B9_210_282
2040,7,Q9Y3B9_1_101
2041,7,Q9Y3C0_80_194
2042,7,Q9Y3C5_1_41
2043,7,Q9Y3D2_1_52
2044,7,Q9Y3D5_1_45
2045,7,Q9Y3D6_120_152
2046,7,Q9Y3D9_132_190
2047,7,Q9Y3E1_97_203
2048,7,Q9Y3E5_1_62
2049,7,Q9Y3E7_160_222
2050,7,Q9Y3F1_1_56
2051,7,Q9Y3F4_304_350
2052,7,Q9Y3I1_397_522
2053,7,Q9Y3L3_1_31
2054,7,Q9Y3M8_1_34
2055,7,Q9Y3P8_75_196
2056,7,Q9Y3P8_1_38
2057,7,Q9Y3P9_964_1008
2058,7,Q9Y3P9_262_295
2059,7,Q9Y3P9_1_149
2060,7,Q9Y3P9_472_526
2061,7,Q9Y3Q7_1_37
2062,7,Q9Y3Q7_370_399
2063,7,Q9Y3Q7_542_583
2064,7,Q9Y3Q7_138_185
2065,7,Q9Y3Q7_666_739
2066,7,Q9Y3R0_1079_1128
2067,7,Q9Y3R0_1_54
2068,7,Q9Y3R5_1398_1487
2069,7,Q9Y3R5_1552_1667
2070,7,Q9Y3R5_1855_1897
2071,7,Q9Y3S2_222_320
2072,7,Q9Y3T9_629_749
2073,7,Q9Y3V2_106_145
2074,7,Q9Y3X0_44_152
2075,7,Q9Y3Z3_596_626
2076,7,Q9Y3Z3_1_46
2077,7,Q9Y421_1_41
2078,7,Q9Y426_223_273
2079,7,Q9Y426_36_71
2080,7,Q9Y442_1_160
2081,7,Q9Y446_550_590
2082,7,Q9Y450_1_81
2083,7,Q9Y450_117_256
2084,7,Q9Y458_1_91
2085,7,Q9Y463_1_42
2086,7,Q9Y466_92_189
2087,7,Q9Y471_472_501
2088,7,Q9Y478_1_72
2089,7,Q9Y483_1_46
2090,7,Q9Y485_835_866
2091,7,Q9Y485_653_708
2092,7,Q9Y485_2667_2740
2093,7,Q9Y485_893_930
2094,7,Q9Y485_2605_2640
2095,7,Q9Y485_133_163
2096,7,Q9Y485_554_598
2097,7,Q9Y485_1880_2021
2098,7,Q9Y485_1808_1853
2099,7,Q9Y485_2360_2481
2100,7,Q9Y485_2066_2116
2101,7,Q9Y485_2158_2190
2102,7,Q9Y485_2242_2299
2103,7,Q9Y485_2544_2578
2104,7,Q9Y485_1352_1476
2105,7,Q9Y487_133_178
2106,7,Q9Y487_671_732
2107,7,Q9Y490_1331_1374
2108,7,Q9Y490_123_173
2109,7,Q9Y490_388_499
2110,7,Q9Y493_2734_2812
2111,7,Q9Y493_2095_2140
2112,7,Q9Y493_380_431
2113,7,Q9Y493_1_44
2114,7,Q9Y496_618_699
2115,7,Q9Y496_367_427
2116,7,Q9Y4A0_395_482
2117,7,Q9Y4A5_2522_2591
2118,7,Q9Y4A5_1059_1090
2119,7,Q9Y4A5_176_211
2120,7,Q9Y4A5_1476_1514
2121,7,Q9Y4A5_2020_2090
2122,7,Q9Y4A5_3373_3407
2123,7,Q9Y4A5_466_549
2124,7,Q9Y4B4_634_706
2125,7,Q9Y4B4_410_440
2126,7,Q9Y4B5_1039_1143
2127,7,Q9Y4B5_475_507
2128,7,Q9Y4B5_601_633
2129,7,Q9Y4B5_663_700
2130,7,Q9Y4B6_688_723
2131,7,Q9Y4B6_870_1009
2132,7,Q9Y4B6_186_314
2133,7,Q9Y4B6_1389_1507
2134,7,Q9Y4C0_1_31
2135,7,Q9Y4C0_221_260
2136,7,Q9Y4C4_845_880
2137,7,Q9Y4C4_422_461
2138,7,Q9Y4C4_748_784
2139,7,Q9Y4C4_1_67
2140,7,Q9Y4C5_360_389
2141,7,Q9Y4C8_364_400
2142,7,Q9Y4C8_658_732
2143,7,Q9Y4C8_912_960
2144,7,Q9Y4D1_1_56
2145,7,Q9Y4D1_508_608
2146,7,Q9Y4D1_648_687
2147,7,Q9Y4D1_1010_1078
2148,7,Q9Y4D2_158_230
2149,7,Q9Y4D2_550_612
2150,7,Q9Y4D7_1_53
2151,7,Q9Y4D7_1141_1177
2152,7,Q9Y4D7_1255_1399
2153,7,Q9Y4D7_207_325
2154,7,Q9Y4D7_1664_1707
2155,7,Q9Y4D8_2791_2933
2156,7,Q9Y4D8_2610_2651
2157,7,Q9Y4D8_1444_1538
2158,7,Q9Y4D8_2146_2252
2159,7,Q9Y4D8_1603_1640
2160,7,Q9Y4D8_3319_3409
2161,7,Q9Y4D8_455_487
2162,7,Q9Y4D8_576_644
2163,7,Q9Y4D8_696_781
2164,7,Q9Y4D8_1314_1366
2165,7,Q9Y4D8_811_875
2166,7,Q9Y4D8_1054_1164
2167,7,Q9Y4E5_1_78
2168,7,Q9Y4E5_125_176
2169,7,Q9Y4E5_1013_1061
2170,7,Q9Y4E5_399_478
2171,7,Q9Y4E5_554_612
2172,7,Q9Y4E5_807_884
2173,7,Q9Y4E6_702_798
2174,7,Q9Y4E6_603_678
2175,7,Q9Y4E6_288_319
2176,7,Q9Y4E6_1050_1176
2177,7,Q9Y4E6_845_982
2178,7,Q9Y4E8_934_981
2179,7,Q9Y4E8_613_744
2180,7,Q9Y4E8_213_288
2181,7,Q9Y4F1_857_913
2182,7,Q9Y4F1_1_41
2183,7,Q9Y4F3_928_980
2184,7,Q9Y4F4_1_108
2185,7,Q9Y4F4_1414_1490
2186,7,Q9Y4F4_309_352
2187,7,Q9Y4F9_637_737
2188,7,Q9Y4F9_1_70
2189,7,Q9Y4G2_623_682
2190,7,Q9Y4G2_777_814
2191,7,Q9Y4G6_392_502
2192,7,Q9Y4G8_1_113
2193,7,Q9Y4G8_914_968
2194,7,Q9Y4G8_472_612
2195,7,Q9Y4H2_1_32
2196,7,Q9Y4H2_142_197
2197,7,Q9Y4H4_1_55
2198,7,Q9Y4I1_585_640
2199,7,Q9Y4I1_900_952
2200,7,Q9Y4I1_1629_1665
2201,7,Q9Y4I5_413_454
2202,7,Q9Y4K0_1_54
2203,7,Q9Y4K3_1_55
2204,7,Q9Y4K4_583_616
2205,7,Q9Y4L1_910_999
2206,7,Q9Y4L1_564_694
2207,7,Q9Y4L5_270_304
2208,7,Q9Y4M8_1_146
2209,7,Q9Y4P1_361_393
2210,7,Q9Y4P1_185_218
2211,7,Q9Y4P3_1_75
2212,7,Q9Y4P8_373_454
2213,7,Q9Y4P8_1_34
2214,7,Q9Y4P8_282_315
2215,7,Q9Y4P9_120_183
2216,7,Q9Y4R7_159_191
2217,7,Q9Y4R7_39_112
2218,7,Q9Y4R8_435_506
2219,7,Q9Y4R8_622_681
2220,7,Q9Y4U1_231_282
2221,7,Q9Y4W2_343_375
2222,7,Q9Y4W2_1_49
2223,7,Q9Y4W2_182_257
2224,7,Q9Y4W6_1_151
2225,7,Q9Y4W6_258_299
2226,7,Q9Y4X0_1_121
2227,7,Q9Y4X5_1_101
2228,7,Q9Y4Z0_87_139
2229,7,Q9Y4Z2_151_214
2230,7,Q9Y4Z2_1_70
2231,7,Q9Y512_1_46
2232,7,Q9Y519_357_407
2233,7,Q9Y519_1_44
2234,7,Q9Y534_1_48
2235,7,Q9Y535_160_204
2236,7,Q9Y543_124_173
2237,7,Q9Y546_327_428
2238,7,Q9Y546_1_79
2239,7,Q9Y548_1_74
2240,7,Q9Y561_198_232
2241,7,Q9Y561_1_53
2242,7,Q9Y566_602_667
2243,7,Q9Y566_411_563
2244,7,Q9Y566_1_77
2245,7,Q9Y570_1_38
2246,7,Q9Y570_237_284
2247,7,Q9Y573_252_284
2248,7,Q9Y576_1_33
2249,7,Q9Y584_1_44
2250,7,Q9Y592_1_35
2251,7,Q9Y592_608_701
2252,7,Q9Y592_377_406
2253,7,Q9Y597_129_185
2254,7,Q9Y5A6_1_48
2255,7,Q9Y5A7_159_212
2256,7,Q9Y5A7_529_572
2257,7,Q9Y5B0_52_82
2258,7,Q9Y5B9_428_516
2259,7,Q9Y5B9_917_1047
2260,7,Q9Y5C1_1_40
2261,7,Q9Y5C1_200_244
2262,7,Q9Y5E1_1_40
2263,7,Q9Y5E1_663_797
2264,7,Q9Y5E2_661_793
2265,7,Q9Y5E2_1_35
2266,7,Q9Y5E3_1_38
2267,7,Q9Y5E3_661_794
2268,7,Q9Y5E4_662_795
2269,7,Q9Y5E4_1_37
2270,7,Q9Y5E5_663_795
2271,7,Q9Y5E5_1_30
2272,7,Q9Y5E6_663_796
2273,7,Q9Y5E6_1_37
2274,7,Q9Y5E7_1_38
2275,7,Q9Y5E7_665_798
2276,7,Q9Y5E8_1_35
2277,7,Q9Y5E8_664_787
2278,7,Q9Y5E9_663_798
2279,7,Q9Y5E9_1_36
2280,7,Q9Y5F0_663_798
2281,7,Q9Y5F0_1_37
2282,7,Q9Y5F1_1_40
2283,7,Q9Y5F1_663_795
2284,7,Q9Y5F2_663_797
2285,7,Q9Y5F2_1_36
2286,7,Q9Y5F3_1_37
2287,7,Q9Y5F3_662_818
2288,7,Q9Y5F6_1_37
2289,7,Q9Y5F8_1_37
2290,7,Q9Y5F9_1_37
2291,7,Q9Y5G0_1_36
2292,7,Q9Y5G1_1_36
2293,7,Q9Y5G2_1_35
2294,7,Q9Y5G3_1_36
2295,7,Q9Y5G5_1_37
2296,7,Q9Y5G6_1_35
2297,7,Q9Y5G7_1_33
2298,7,Q9Y5G8_1_36
2299,7,Q9Y5G9_1_63
2300,7,Q9Y5H0_1_33
2301,7,Q9Y5H2_1_32
2302,7,Q9Y5H3_1_40
2303,7,Q9Y5H4_1_31
2304,7,Q9Y5H5_1_32
2305,7,Q9Y5H7_1_30
2306,7,Q9Y5H8_1_33
2307,7,Q9Y5H9_1_31
2308,7,Q9Y5I0_1_30
2309,7,Q9Y5I1_1_33
2310,7,Q9Y5I3_1_31
2311,7,Q9Y5I4_1_42
2312,7,Q9Y5I7_1_69
2313,7,Q9Y5I7_259_305
2314,7,Q9Y5J3_1_43
2315,7,Q9Y5J3_170_304
2316,7,Q9Y5K2_1_34
2317,7,Q9Y5K3_293_369
2318,7,Q9Y5K3_1_43
2319,7,Q9Y5K6_165_274
2320,7,Q9Y5K6_57_111
2321,7,Q9Y5L5_1_34
2322,7,Q9Y5M1_1_114
2323,7,Q9Y5N1_241_338
2324,7,Q9Y5N1_1_32
2325,7,Q9Y5N6_184_252
2326,7,Q9Y5P2_1_127
2327,7,Q9Y5P4_302_392
2328,7,Q9Y5P4_114_160
2329,7,Q9Y5P4_188_243
2330,7,Q9Y5P8_504_575
2331,7,Q9Y5P8_1_126
2332,7,Q9Y5Q5_1_156
2333,7,Q9Y5Q6_45_116
2334,7,Q9Y5Q8_332_390
2335,7,Q9Y5Q8_460_519
2336,7,Q9Y5Q9_353_383
2337,7,Q9Y5Q9_1_145
2338,7,Q9Y5R2_328_378
2339,7,Q9Y5R2_569_645
2340,7,Q9Y5R2_1_97
2341,7,Q9Y5R4_1_39
2342,7,Q9Y5R5_1_118
2343,7,Q9Y5R6_1_69
2344,7,Q9Y5S1_1_64
2345,7,Q9Y5S1_553_601
2346,7,Q9Y5S1_715_764
2347,7,Q9Y5S2_923_1029
2348,7,Q9Y5S2_835_875
2349,7,Q9Y5S2_415_490
2350,7,Q9Y5S2_650_690
2351,7,Q9Y5S9_1_52
2352,7,Q9Y5T4_1_32
2353,7,Q9Y5T5_1_61
2354,7,Q9Y5T5_135_197
2355,7,Q9Y5U2_200_329
2356,7,Q9Y5U2_1_155
2357,7,Q9Y5U5_194_241
2358,7,Q9Y5U9_1_82
2359,7,Q9Y5V0_1_76
2360,7,Q9Y5V3_703_778
2361,7,Q9Y5W5_1_37
2362,7,Q9Y5W5_338_379
2363,7,Q9Y5W7_685_791
2364,7,Q9Y5W7_460_573
2365,7,Q9Y5W7_1_122
2366,7,Q9Y5W8_511_595
2367,7,Q9Y5W8_684_794
2368,7,Q9Y5W9_163_270
2369,7,Q9Y5X0_161_201
2370,7,Q9Y5X2_1_63
2371,7,Q9Y5X3_1_30
2372,7,Q9Y5X4_1_46
2373,7,Q9Y5X4_122_222
2374,7,Q9Y5X5_1_136
2375,7,Q9Y5X5_454_522
2376,7,Q9Y5X9_1_51
2377,7,Q9Y5Y0_1_103
2378,7,Q9Y5Y0_516_555
2379,7,Q9Y5Y3_340_372
2380,7,Q9Y5Y4_316_395
2381,7,Q9Y5Y5_140_181
2382,7,Q9Y5Y6_1_65
2383,7,Q9Y5Y9_1808_1956
2384,7,Q9Y5Y9_1418_1455
2385,7,Q9Y5Y9_1_71
2386,7,Q9Y5Z0_489_518
2387,7,Q9Y5Z0_1_80
2388,7,Q9Y5Z6_1_58
2389,7,Q9Y5Z9_1_40
2390,7,Q9Y603_312_341
2391,7,Q9Y603_112_225
2392,7,Q9Y603_1_49
2393,7,Q9Y606_1_82
2394,7,Q9Y608_515_558
2395,7,Q9Y613_1009_1164
2396,7,Q9Y614_1_51
2397,7,Q9Y615_1_69
2398,7,Q9Y616_454_596
2399,7,Q9Y616_99_156
2400,7,Q9Y618_487_619
2401,7,Q9Y618_340_419
2402,7,Q9Y618_200_237
2403,7,Q9Y620_781_910
2404,7,Q9Y620_1_131
2405,7,Q9Y620_196_259
2406,7,Q9Y623_616_658
2407,7,Q9Y624_264_299
2408,7,Q9Y625_345_380
2409,7,Q9Y625_482_555
2410,7,Q9Y639_366_398
2411,7,Q9Y644_1_44
2412,7,Q9Y646_1_32
2413,7,Q9Y653_547_693
2414,7,Q9Y653_1_33
2415,7,Q9Y657_1_52
2416,7,Q9Y662_1_130
2417,7,Q9Y663_1_145
2418,7,Q9Y666_941_1020
2419,7,Q9Y666_1_106
2420,7,Q9Y675_1_71
2421,7,Q9Y676_1_48
2422,7,Q9Y678_572_614
2423,7,Q9Y679_270_381
2424,7,Q9Y692_1_93
2425,7,Q9Y692_177_253
2426,7,Q9Y694_81_115
2427,7,Q9Y697_1_56
2428,7,Q9Y698_38_93
2429,7,Q9Y698_217_323
2430,7,Q9Y6A1_227_259
2431,7,Q9Y6A9_1_75
2432,7,Q9Y6A9_134_169
2433,7,Q9Y6B7_570_628
2434,7,Q9Y6C2_704_738
2435,7,Q9Y6C2_794_860
2436,7,Q9Y6C5_1115_1203
2437,7,Q9Y6C5_1_38
2438,7,Q9Y6C5_560_673
2439,7,Q9Y6C7_1_94
2440,7,Q9Y6D5_823_858
2441,7,Q9Y6D5_1487_1546
2442,7,Q9Y6D5_579_637
2443,7,Q9Y6D5_1000_1065
2444,7,Q9Y6D6_1539_1615
2445,7,Q9Y6D6_877_912
2446,7,Q9Y6D6_630_693
2447,7,Q9Y6D6_1056_1116
2448,7,Q9Y6D6_1_82
2449,7,Q9Y6D9_1_51
2450,7,Q9Y6E0_309_381
2451,7,Q9Y6E0_1_33
2452,7,Q9Y6E7_1_32
2453,7,Q9Y6F1_150_182
2454,7,Q9Y6F1_1_49
2455,7,Q9Y6F6_1_130
2456,7,Q9Y6F6_867_904
2457,7,Q9Y6F9_137_170
2458,7,Q9Y6F9_1_47
2459,7,Q9Y6G1_1_99
2460,7,Q9Y6G3_1_39
2461,7,Q9Y6G9_180_244
2462,7,Q9Y6G9_1_59
2463,7,Q9Y6H1_1_116
2464,7,Q9Y6H3_1_48
2465,7,Q9Y6H6_1_54
2466,7,Q9Y6I3_160_191
2467,7,Q9Y6I4_189_221
2468,7,Q9Y6I4_273_309
2469,7,Q9Y6I4_121_159
2470,7,Q9Y6I7_68_139
2471,7,Q9Y6I9_206_313
2472,7,Q9Y6J0_705_738
2473,7,Q9Y6J0_1_32
2474,7,Q9Y6J0_554_591
2475,7,Q9Y6J3_1_95
2476,7,Q9Y6J6_87_123
2477,7,Q9Y6K0_1_37
2478,7,Q9Y6K1_426_476
2479,7,Q9Y6K5_346_414
2480,7,Q9Y6K8_316_375
2481,7,Q9Y6K8_56_127
2482,7,Q9Y6K9_1_54
2483,7,Q9Y6K9_355_400
2484,7,Q9Y6L6_660_691
2485,7,Q9Y6L6_280_324
2486,7,Q9Y6L6_125_168
2487,7,Q9Y6L7_1_158
2488,7,Q9Y6M0_1_35
2489,7,Q9Y6M1_146_195
2490,7,Q9Y6M1_353_429
2491,7,Q9Y6M4_1_39
2492,7,Q9Y6M4_332_447
2493,7,Q9Y6M5_426_507
2494,7,Q9Y6M5_130_253
2495,7,Q9Y6M7_525_584
2496,7,Q9Y6M7_1_109
2497,7,Q9Y6M7_1125_1214
2498,7,Q9Y6N1_1_81
2499,7,Q9Y6N5_1_40
2500,7,Q9Y6N7_1_67
2501,7,Q9Y6N8_1_61
2502,7,Q9Y6N8_630_788
2503,7,Q9Y6N9_183_217
2504,7,Q9Y6N9_370_440
2505,7,Q9Y6P5_1_44
2506,7,Q9Y6P5_232_273
2507,7,Q9Y6Q2_563_619
2508,7,Q9Y6Q9_1_112
2509,7,Q9Y6Q9_170_256
2510,7,Q9Y6R0_1_57
2511,7,Q9Y6R1_1_103
2512,7,Q9Y6R1_992_1079
2513,7,Q9Y6R1_619_679
2514,7,Q9Y6R1_383_445
2515,7,Q9Y6R1_210_277
2516,7,Q9Y6R4_299_348
2517,7,Q9Y6R4_557_607
2518,7,Q9Y6R4_420_531
2519,7,Q9Y6R6_55_174
2520,7,Q9Y6R6_785_833
2521,7,Q9Y6R7_1_39
2522,7,Q9Y6S9_230_386
2523,7,Q9Y6S9_109_151
2524,7,Q9Y6S9_1_48
2525,7,Q9Y6T7_81_146
2526,7,Q9Y6T7_370_432
2527,7,Q9Y6U3_113_146
2528,7,Q9Y6U3_337_388
2529,7,Q9Y6V0_4588_4695
2530,7,Q9Y6V7_451_483
2531,7,Q9Y6W3_149_206
2532,7,Q9Y6W6_1_156
2533,7,Q9Y6W6_283_320
2534,7,Q9Y6W8_163_199
2535,7,Q9Y6X2_60_125
2536,7,Q9Y6X6_308_403
2537,7,Q9Y6X6_951_1018
2538,7,Q9Y6X6_1_64
2539,7,Q9Y6X8_1_89
2540,7,Q9Y6X8_688_837
2541,7,Q9Y6X8_329_447
2542,7,Q9Y6X8_590_639
2543,7,Q9Y6X8_143_267
2544,7,Q9Y6X8_508_537
2545,7,Q9Y6X9_843_911
2546,7,Q9Y6Y0_227_350
2547,7,Q9Y6Y1_1_62
2548,7,Q9Y6Y1_970_1050
2549,7,Q9Y6Y8_595_653
2550,7,Q9Y6Y8_709_773
2551,7,Q9Y6Y8_853_947
2552,7,Q9Y6Z2_1_57
2553,7,Q9Y6Z7_1_109
2554,7,W6CW81_1_113
2555,7,X6R8D5_1_127
